Time(s),Index,RPM,Throttle(%),AccelX,AccelY,AccelZ,Current(A),Voltage(V),Thrust(g.f),Power(W)
5.082,15002,0,0,2007,1998,2498,0.197,12.18,208.00,2.40
5.082,15003,0,0,2007,1997,2499,0.205,12.18,205.00,2.50
5.082,15004,0,0,2008,1998,2498,0.205,12.18,208.00,2.50
5.082,15005,0,0,2009,2000,2498,0.197,12.17,208.00,2.40
5.082,15006,0,0,2007,1999,2497,0.205,12.18,208.00,2.50
5.082,15007,0,0,2008,1999,2498,0.205,12.18,208.00,2.50
5.083,15008,0,0,2008,1999,2498,0.190,12.16,206.00,2.31
5.083,15009,0,0,2008,1999,2499,0.197,12.18,208.00,2.40
5.083,15010,0,0,2008,1998,2498,0.197,12.19,208.00,2.40
5.083,15011,0,0,2008,1999,2498,0.197,12.19,208.00,2.40
5.083,15012,0,0,2008,1999,2498,0.205,12.18,208.00,2.50
5.083,15013,0,0,2007,1998,2499,0.197,12.18,206.00,2.40
5.083,15014,0,0,2008,1999,2498,0.197,12.18,206.00,2.40
5.083,15015,0,0,2007,1999,2498,0.197,12.18,206.00,2.40
5.083,15016,0,0,2007,1998,2498,0.197,12.17,206.00,2.40
5.083,15017,0,0,2007,1998,2498,0.197,12.18,208.00,2.40
5.083,15018,0,0,2007,1999,2497,0.205,12.19,209.00,2.50
5.083,15019,0,0,2007,1999,2496,0.197,12.18,211.00,2.40
5.084,15020,0,0,2007,1998,2497,0.197,12.18,211.00,2.40
5.084,15021,0,0,2007,1998,2497,0.197,12.19,208.00,2.40
5.086,15022,0,0,2007,1999,2497,0.190,12.18,209.00,2.31
5.086,15023,0,0,2008,1999,2497,0.197,12.18,208.00,2.40
5.086,15024,0,0,2008,2000,2498,0.205,12.18,208.00,2.50
5.086,15025,0,0,2009,2000,2498,0.197,12.18,208.00,2.40
5.086,15026,0,0,2008,2000,2498,0.190,12.18,208.00,2.31
5.086,15027,0,0,2009,2001,2498,0.197,12.18,208.00,2.40
5.086,15028,0,0,2007,1999,2498,0.197,12.17,208.00,2.40
5.086,15029,0,0,2007,1999,2496,0.205,12.19,209.00,2.50
5.086,15030,0,0,2007,1999,2496,0.212,12.19,211.00,2.58
5.086,15031,0,0,2008,1999,2497,0.197,12.19,209.00,2.40
5.086,15032,0,0,2007,1999,2498,0.197,12.17,208.00,2.40
5.086,15033,0,0,2007,1999,2498,0.219,12.19,209.00,2.67
5.086,15034,0,0,2007,1998,2498,0.197,12.18,208.00,2.40
5.087,15035,0,0,2007,1998,2498,0.197,12.18,209.00,2.40
5.087,15036,0,0,2007,1999,2498,0.190,12.16,206.00,2.31
5.087,15037,0,0,2008,1999,2498,0.197,12.18,206.00,2.40
5.087,15038,0,0,2007,1998,2496,0.212,12.19,211.00,2.58
5.087,15039,0,0,2008,2000,2497,0.219,12.19,209.00,2.67
5.087,15040,0,0,2008,1999,2496,0.205,12.19,211.00,2.50
5.087,15041,0,0,2007,1999,2496,0.212,12.19,211.00,2.58
5.087,15042,0,0,2008,1999,2498,0.197,12.17,208.00,2.40
5.087,15043,0,0,2008,1999,2498,0.197,12.18,206.00,2.40
5.087,15044,0,0,2007,1999,2498,0.197,12.18,208.00,2.40
5.087,15045,0,0,2007,1999,2499,0.205,12.18,206.00,2.50
5.087,15046,0,0,2007,1999,2498,0.205,12.18,208.00,2.50
5.087,15047,0,0,2008,1999,2499,0.190,12.17,208.00,2.31
5.087,15048,0,0,2007,1999,2498,0.197,12.17,206.00,2.40
5.087,15049,0,0,2008,1999,2497,0.205,12.19,208.00,2.50
5.087,15050,0,0,2008,1999,2497,0.205,12.18,209.00,2.50
5.087,15051,0,0,2008,2000,2497,0.212,12.19,208.00,2.58
5.087,15052,0,0,2007,1999,2496,0.212,12.19,211.00,2.58
5.088,15053,0,0,2007,1998,2498,0.205,12.18,208.00,2.50
5.088,15054,0,0,2007,1998,2497,0.197,12.18,211.00,2.40
5.088,15055,0,0,2009,2000,2498,0.205,12.18,208.00,2.50
5.088,15056,0,0,2008,2000,2498,0.197,12.18,208.00,2.40
5.088,15057,0,0,2007,1998,2497,0.212,12.19,209.00,2.58
5.088,15058,0,0,2007,1999,2497,0.212,12.19,209.00,2.58
5.088,15059,0,0,2008,1999,2496,0.212,12.19,211.00,2.58
5.088,15060,0,0,2009,2000,2496,0.219,12.19,211.00,2.67
5.088,15061,0,0,2008,2000,2499,0.197,12.19,206.00,2.40
5.088,15062,0,0,2008,1999,2499,0.197,12.19,206.00,2.40
5.088,15063,0,0,2007,1999,2498,0.205,12.19,206.00,2.50
5.088,15064,0,1,2008,1999,2498,0.197,12.18,208.00,2.40
5.088,15065,0,1,2007,1999,2499,0.205,12.17,206.00,2.49
5.088,15066,0,1,2008,2000,2498,0.197,12.17,206.00,2.40
5.088,15067,0,1,2008,1999,2498,0.205,12.19,208.00,2.50
5.088,15068,0,1,2007,1999,2499,0.205,12.17,205.00,2.49
5.088,15069,0,1,2007,1999,2499,0.190,12.17,206.00,2.31
5.088,15070,0,1,2008,1999,2499,0.197,12.18,208.00,2.40
5.089,15071,0,1,2008,1999,2500,0.197,12.17,205.00,2.40
5.089,15072,0,1,2008,2000,2498,0.197,12.18,208.00,2.40
5.089,15073,0,1,2007,1998,2498,0.197,12.19,208.00,2.40
5.089,15074,0,1,2007,1999,2499,0.197,12.17,206.00,2.40
5.089,15075,0,1,2007,1998,2499,0.205,12.18,206.00,2.50
5.089,15076,0,1,2008,1999,2497,0.212,12.19,208.00,2.58
5.089,15077,0,1,2008,1999,2499,0.197,12.18,206.00,2.40
5.089,15078,0,1,2008,1999,2497,0.219,12.19,209.00,2.67
5.089,15079,0,1,2007,1999,2497,0.212,12.19,209.00,2.58
5.089,15080,0,1,2007,1999,2499,0.197,12.17,206.00,2.40
5.089,15081,0,1,2008,2000,2498,0.197,12.19,208.00,2.40
5.089,15082,0,1,2007,1998,2498,0.197,12.18,208.00,2.40
5.089,15083,0,1,2008,1999,2498,0.205,12.18,208.00,2.50
5.089,15084,0,1,2008,1999,2498,0.205,12.18,206.00,2.50
5.089,15085,0,1,2008,1999,2499,0.197,12.18,206.00,2.40
5.089,15086,0,1,2009,2000,2497,0.205,12.19,209.00,2.50
5.090,15087,0,1,2007,1999,2500,0.205,12.18,205.00,2.50
5.090,15088,0,1,2007,1998,2498,0.197,12.17,208.00,2.40
5.090,15089,0,1,2008,1999,2498,0.197,12.19,208.00,2.40
5.090,15090,0,1,2007,1999,2499,0.197,12.17,206.00,2.40
5.090,15091,0,1,2007,1999,2498,0.205,12.18,206.00,2.50
5.090,15092,0,1,2008,2000,2498,0.197,12.17,208.00,2.40
5.090,15093,0,1,2008,1999,2499,0.197,12.19,208.00,2.40
5.090,15094,0,1,2007,1998,2498,0.197,12.17,208.00,2.40
5.090,15095,0,1,2008,1999,2498,0.212,12.19,206.00,2.58
5.090,15096,0,1,2008,1999,2499,0.197,12.18,206.00,2.40
5.090,15097,0,1,2008,1999,2497,0.212,12.19,209.00,2.58
5.090,15098,0,1,2008,1999,2496,0.212,12.19,211.00,2.58
5.090,15099,0,1,2008,1999,2498,0.197,12.17,208.00,2.40
5.090,15100,0,1,2006,1997,2497,0.190,12.19,208.00,2.32
5.090,15101,0,1,2008,1999,2498,0.197,12.17,208.00,2.40
5.090,15102,0,1,2009,2000,2498,0.197,12.17,208.00,2.40
5.090,15103,0,1,2008,2000,2499,0.197,12.16,206.00,2.40
5.090,15104,0,1,2008,1999,2499,0.197,12.18,206.00,2.40
5.090,15105,0,1,2008,1999,2497,0.212,12.19,209.00,2.58
5.091,15106,0,1,2008,1999,2498,0.197,12.18,206.00,2.40
5.091,15107,0,1,2007,1998,2498,0.205,12.18,208.00,2.50
5.091,15108,0,1,2008,2000,2498,0.197,12.18,208.00,2.40
5.091,15109,0,1,2008,1999,2499,0.197,12.17,208.00,2.40
5.091,15110,0,1,2008,2000,2498,0.197,12.18,208.00,2.40
5.091,15111,0,1,2007,1999,2500,0.197,12.18,205.00,2.40
5.091,15112,0,1,2007,1999,2497,0.183,12.17,208.00,2.23
5.091,15113,0,1,2009,2000,2498,0.197,12.18,208.00,2.40
5.091,15114,0,1,2007,1999,2498,0.205,12.19,209.00,2.50
5.091,15115,0,1,2007,1998,2498,0.190,12.17,208.00,2.31
5.091,15116,0,1,2007,1998,2498,0.205,12.19,206.00,2.50
5.091,15117,0,1,2008,1999,2498,0.205,12.19,209.00,2.50
5.091,15118,0,1,2008,1999,2497,0.212,12.18,208.00,2.58
5.091,15119,0,1,2007,1998,2499,0.197,12.17,206.00,2.40
5.091,15120,0,1,2007,1998,2499,0.212,12.19,208.00,2.58
5.091,15121,0,1,2007,1998,2497,0.197,12.18,209.00,2.40
5.092,15122,0,1,2008,2000,2497,0.205,12.18,208.00,2.50
5.092,15123,0,1,2008,1999,2497,0.190,12.18,209.00,2.31
5.092,15124,0,2,2009,2000,2496,0.219,12.19,211.00,2.67
5.092,15125,0,2,2007,1998,2496,0.205,12.19,211.00,2.50
5.092,15126,0,2,2008,2000,2497,0.205,12.19,209.00,2.50
5.092,15127,0,2,2007,1999,2499,0.183,12.17,206.00,2.23
5.092,15128,0,2,2007,1999,2498,0.197,12.18,208.00,2.40
5.092,15129,0,2,2008,1998,2498,0.197,12.18,208.00,2.40
5.092,15130,0,2,2007,1999,2497,0.197,12.18,209.00,2.40
5.092,15131,0,2,2008,2000,2497,0.205,12.18,208.00,2.50
5.092,15132,0,2,2008,1999,2498,0.205,12.18,208.00,2.50
5.092,15133,0,2,2007,1999,2497,0.205,12.19,211.00,2.50
5.092,15134,0,2,2008,2000,2496,0.205,12.19,209.00,2.50
5.092,15135,0,2,2008,2000,2497,0.212,12.19,209.00,2.58
5.092,15136,0,2,2008,2000,2496,0.212,12.19,211.00,2.58
5.092,15137,0,2,2007,1998,2500,0.197,12.18,205.00,2.40
5.092,15138,0,2,2008,1999,2498,0.190,12.18,209.00,2.31
5.092,15139,0,2,2008,2000,2498,0.197,12.18,208.00,2.40
5.093,15140,0,2,2007,1999,2498,0.190,12.17,208.00,2.31
5.093,15141,0,2,2008,2000,2498,0.197,12.18,208.00,2.40
5.093,15142,0,2,2008,2000,2498,0.197,12.18,208.00,2.40
5.093,15143,0,2,2009,1999,2498,0.197,12.18,208.00,2.40
5.093,15144,0,2,2008,1999,2498,0.197,12.19,208.00,2.40
5.093,15145,0,2,2008,1999,2498,0.205,12.18,208.00,2.50
5.093,15146,0,2,2008,1999,2497,0.205,12.19,209.00,2.50
5.093,15147,0,2,2008,1999,2498,0.205,12.19,209.00,2.50
5.093,15148,0,2,2007,1998,2498,0.205,12.18,206.00,2.50
5.093,15149,0,2,2008,1999,2496,0.197,12.18,211.00,2.40
5.093,15150,0,2,2008,2000,2498,0.205,12.19,208.00,2.50
5.093,15151,0,2,2009,2001,2498,0.205,12.18,208.00,2.50
5.093,15152,0,2,2008,1999,2498,0.212,12.19,209.00,2.58
5.093,15153,0,2,2008,2000,2496,0.219,12.19,212.00,2.67
5.093,15154,0,2,2008,1999,2496,0.212,12.19,209.00,2.58
5.093,15155,0,2,2008,1999,2497,0.212,12.19,209.00,2.58
5.093,15156,0,2,2009,2000,2498,0.205,12.18,208.00,2.50
5.093,15157,0,2,2008,1999,2499,0.197,12.18,208.00,2.40
5.093,15158,0,2,2008,2000,2498,0.205,12.18,208.00,2.50
5.093,15159,0,2,2007,1998,2499,0.212,12.18,206.00,2.58
5.093,15160,0,2,2009,2000,2498,0.205,12.18,208.00,2.50
5.093,15161,0,2,2008,1999,2499,0.197,12.17,206.00,2.40
5.093,15162,0,2,2009,2001,2498,0.197,12.18,209.00,2.40
5.093,15163,0,2,2008,1999,2498,0.197,12.19,208.00,2.40
5.093,15164,0,2,2007,1999,2498,0.212,12.18,208.00,2.58
5.093,15165,0,2,2009,1999,2498,0.197,12.19,206.00,2.40
5.094,15166,0,2,2008,2000,2496,0.212,12.19,211.00,2.58
5.094,15167,0,2,2006,1997,2498,0.205,12.18,206.00,2.50
5.094,15168,0,2,2007,1998,2499,0.197,12.17,206.00,2.40
5.094,15169,0,2,2006,1997,2499,0.197,12.17,206.00,2.40
5.094,15170,0,2,2007,1998,2498,0.197,12.17,208.00,2.40
5.094,15171,0,2,2008,1999,2497,0.205,12.19,211.00,2.50
5.094,15172,0,2,2007,1998,2497,0.197,12.18,209.00,2.40
5.094,15173,0,2,2007,1999,2496,0.205,12.19,211.00,2.50
5.094,15174,0,2,2007,1998,2497,0.205,12.19,209.00,2.50
5.094,15175,0,2,2007,1998,2497,0.205,12.19,208.00,2.50
5.094,15176,0,2,2008,2000,2498,0.197,12.17,208.00,2.40
5.094,15177,0,2,2009,2001,2497,0.197,12.19,209.00,2.40
5.094,15178,0,2,2009,2001,2498,0.205,12.18,209.00,2.50
5.094,15179,0,2,2008,2000,2498,0.190,12.17,209.00,2.31
5.094,15180,0,2,2008,2000,2499,0.197,12.18,206.00,2.40
5.094,15181,0,2,2008,2000,2496,0.219,12.19,211.00,2.67
5.094,15182,0,2,2008,2000,2496,0.212,12.19,211.00,2.58
5.094,15183,0,2,2007,1999,2498,0.205,12.18,208.00,2.50
5.094,15184,0,3,2009,2000,2497,0.190,12.18,208.00,2.31
5.094,15185,0,3,2007,1998,2498,0.190,12.17,208.00,2.31
5.094,15186,0,3,2008,1999,2498,0.197,12.18,206.00,2.40
5.094,15187,0,3,2007,1999,2498,0.190,12.16,208.00,2.31
5.094,15188,0,3,2008,2000,2497,0.205,12.19,208.00,2.50
5.094,15189,0,3,2008,1999,2499,0.190,12.17,208.00,2.31
5.094,15190,0,3,2008,1999,2498,0.197,12.18,209.00,2.40
5.094,15191,0,3,2008,1999,2499,0.212,12.18,206.00,2.58
5.094,15192,0,3,2008,1999,2496,0.205,12.19,211.00,2.50
5.094,15193,0,3,2008,2000,2496,0.212,12.19,211.00,2.58
5.094,15194,0,3,2008,1999,2498,0.190,12.17,208.00,2.31
5.094,15195,0,3,2008,1999,2498,0.197,12.17,208.00,2.40
5.095,15196,0,3,2007,1999,2499,0.197,12.18,206.00,2.40
5.095,15197,0,3,2008,1999,2498,0.197,12.18,209.00,2.40
5.095,15198,0,3,2007,1999,2499,0.197,12.18,206.00,2.40
5.095,15199,0,3,2007,1998,2498,0.197,12.19,206.00,2.40
5.095,15200,0,3,2007,1999,2499,0.197,12.18,208.00,2.40
5.095,15201,0,3,2007,1999,2499,0.205,12.19,208.00,2.50
5.095,15202,0,3,2008,1999,2498,0.205,12.18,209.00,2.50
5.095,15203,0,3,2007,1999,2499,0.197,12.18,206.00,2.40
5.095,15204,0,3,2008,2000,2498,0.197,12.18,208.00,2.40
5.095,15205,0,3,2007,1999,2499,0.197,12.18,206.00,2.40
5.095,15868,0,14,2008,1999,2497,0.212,12.19,211.00,2.58
5.095,15869,0,14,2008,1999,2499,0.197,12.18,206.00,2.40
5.095,15870,0,14,2008,1999,2498,0.205,12.18,208.00,2.50
5.095,15871,0,14,2008,1998,2496,0.183,12.17,211.00,2.23
5.095,15872,0,14,2007,1998,2498,0.205,12.19,208.00,2.50
5.095,15873,0,14,2007,1997,2498,0.197,12.18,206.00,2.40
5.096,15874,0,14,2006,1997,2499,0.197,12.18,206.00,2.40
5.099,15875,0,14,2006,1997,2499,0.190,12.17,208.00,2.31
5.100,15876,0,14,2008,1999,2496,0.205,12.19,212.00,2.50
5.102,15877,0,14,2007,1998,2498,0.190,12.16,208.00,2.31
5.104,15878,0,14,2007,1998,2497,0.205,12.18,209.00,2.50
5.106,15879,0,14,2008,1999,2498,0.197,12.17,208.00,2.40
5.109,15880,0,14,2007,1999,2499,0.197,12.17,206.00,2.40
5.110,15881,0,14,2009,2000,2498,0.190,12.17,209.00,2.31
5.112,15882,0,14,2007,1999,2498,0.197,12.17,208.00,2.40
5.114,15883,0,14,2008,1999,2498,0.183,12.16,206.00,2.23
5.116,15884,0,14,2009,2001,2499,0.197,12.17,206.00,2.40
5.118,15885,0,14,2008,1999,2498,0.205,12.19,209.00,2.50
5.120,15886,0,14,2007,1998,2497,0.205,12.19,209.00,2.50
5.122,15887,0,14,2009,1999,2497,0.205,12.19,211.00,2.50
5.124,15888,0,14,2007,1999,2498,0.197,12.18,208.00,2.40
5.126,15889,0,14,2007,1999,2496,0.212,12.19,211.00,2.58
5.128,15890,0,14,2007,1997,2497,0.190,12.17,209.00,2.31
5.130,15891,0,14,2005,1996,2500,0.190,12.17,206.00,2.31
5.132,15892,0,14,2007,1997,2499,0.205,12.18,208.00,2.50
5.135,15893,0,14,2007,1997,2499,0.197,12.18,206.00,2.40
5.136,15894,0,14,2008,1998,2497,0.197,12.18,209.00,2.40
5.138,15895,0,14,2008,1999,2497,0.190,12.17,209.00,2.31
5.140,15896,0,14,2008,1998,2497,0.197,12.18,209.00,2.40
5.142,15897,0,14,2008,1998,2497,0.197,12.18,211.00,2.40
5.144,15898,0,14,2008,1998,2497,0.205,12.18,208.00,2.50
5.146,15899,0,14,2009,2000,2498,0.205,12.18,206.00,2.50
5.148,15900,0,14,2010,2000,2498,0.205,12.18,208.00,2.50
5.151,15901,0,14,2009,2000,2498,0.190,12.17,206.00,2.31
5.153,15902,0,14,2008,1999,2499,0.190,12.17,206.00,2.31
5.154,15903,0,14,2010,2000,2497,0.197,12.18,208.00,2.40
5.156,15904,0,15,2007,1998,2497,0.205,12.19,209.00,2.50
5.157,15905,0,15,2008,1999,2497,0.205,12.19,209.00,2.50
5.160,15906,0,15,2008,1998,2497,0.197,12.18,209.00,2.40
5.162,15907,0,15,2007,1999,2498,0.205,12.18,206.00,2.50
5.164,15908,0,15,2008,1999,2498,0.205,12.19,209.00,2.50
5.166,15909,0,15,2007,1997,2498,0.190,12.17,209.00,2.31
5.169,15910,0,15,2007,1997,2499,0.205,12.18,206.00,2.50
5.170,15911,0,15,2008,1998,2498,0.190,12.18,208.00,2.31
5.172,15912,0,15,2007,1997,2499,0.205,12.18,208.00,2.50
5.173,15913,0,15,2008,1999,2496,0.197,12.19,212.00,2.40
5.177,15914,0,15,2007,1998,2497,0.197,12.18,209.00,2.40
5.179,15915,0,15,2006,1998,2497,0.190,12.18,209.00,2.31
5.180,15916,0,15,2007,1998,2497,0.197,12.18,209.00,2.40
5.745,15917,0,15,2007,1998,2498,0.190,12.18,209.00,2.31
5.745,15918,0,15,2009,2000,2498,0.205,12.18,208.00,2.50
5.745,15919,0,15,2009,2001,2498,0.197,12.17,208.00,2.40
5.745,15920,0,15,2008,1999,2498,0.205,12.17,206.00,2.49
5.745,15921,0,15,2008,2000,2498,0.197,12.18,208.00,2.40
5.745,15922,0,15,2009,2000,2498,0.197,12.18,208.00,2.40
5.745,15923,0,15,2008,1999,2497,0.205,12.19,209.00,2.50
5.745,15924,0,15,2007,1998,2497,0.205,12.18,209.00,2.50
5.745,15925,0,15,2008,1999,2497,0.212,12.19,209.00,2.58
5.745,15926,0,15,2009,2000,2499,0.197,12.18,206.00,2.40
5.745,15927,0,15,2008,2000,2498,0.219,12.19,208.00,2.67
5.745,15928,0,15,2007,1998,2499,0.205,12.18,206.00,2.50
5.745,15929,0,15,2008,1998,2498,0.197,12.18,209.00,2.40
5.745,15930,0,15,2007,1999,2498,0.197,12.18,208.00,2.40
5.745,15931,0,15,2008,1999,2497,0.212,12.19,208.00,2.58
5.746,15932,0,15,2009,2000,2496,0.212,12.19,211.00,2.58
5.746,15933,0,15,2008,1999,2497,0.212,12.19,209.00,2.58
5.746,15934,0,15,2007,1999,2498,0.205,12.19,209.00,2.50
5.746,15935,0,15,2008,1999,2497,0.212,12.19,209.00,2.58
5.746,15936,0,15,2008,1999,2499,0.190,12.17,206.00,2.31
5.746,15937,0,15,2008,1999,2498,0.197,12.18,208.00,2.40
5.746,15938,0,15,2008,1999,2498,0.197,12.18,206.00,2.40
5.746,15939,0,15,2008,2000,2499,0.197,12.18,206.00,2.40
5.746,15940,0,15,2007,1998,2499,0.190,12.16,206.00,2.31
5.746,15941,0,15,2008,1999,2499,0.197,12.17,206.00,2.40
5.746,15942,0,15,2008,1999,2499,0.197,12.18,206.00,2.40
5.746,15943,0,15,2009,2000,2497,0.212,12.19,209.00,2.58
5.746,15944,0,15,2007,2000,2498,0.205,12.18,208.00,2.50
5.746,15945,0,15,2008,2000,2497,0.212,12.19,211.00,2.58
5.746,15946,0,15,2008,1999,2498,0.205,12.19,208.00,2.50
5.746,15947,0,15,2007,1998,2498,0.205,12.18,208.00,2.50
5.746,15948,0,15,2006,1997,2499,0.197,12.17,206.00,2.40
5.746,15949,0,15,2007,1998,2497,0.190,12.17,209.00,2.31
5.746,15950,0,15,2008,2000,2499,0.190,12.17,206.00,2.31
5.746,15951,0,15,2008,2000,2497,0.197,12.18,209.00,2.40
5.746,15952,0,15,2008,1998,2498,0.212,12.19,209.00,2.58
5.746,15953,0,15,2007,1999,2497,0.205,12.19,209.00,2.50
5.746,15954,0,15,2007,1999,2497,0.205,12.19,209.00,2.50
5.746,15955,0,15,2007,1998,2499,0.190,12.17,206.00,2.31
5.746,15956,0,15,2008,2000,2498,0.205,12.18,208.00,2.50
5.747,15957,0,15,2007,1998,2500,0.190,12.16,205.00,2.31
5.747,15958,0,15,2008,1999,2498,0.197,12.18,206.00,2.40
5.747,15959,0,15,2008,1999,2499,0.190,12.17,208.00,2.31
5.747,15960,0,15,2008,1999,2498,0.190,12.16,206.00,2.31
5.747,15961,0,15,2008,1999,2499,0.197,12.18,208.00,2.40
5.747,15962,0,15,2007,1999,2498,0.197,12.18,206.00,2.40
5.747,15963,0,15,2008,1998,2498,0.205,12.18,208.00,2.50
5.747,15964,0,16,2008,1999,2497,0.205,12.19,209.00,2.50
5.747,15965,0,16,2007,1997,2498,0.205,12.18,206.00,2.50
5.747,15966,0,16,2007,1998,2498,0.205,12.19,208.00,2.50
5.747,15967,0,16,2009,2000,2497,0.197,12.19,209.00,2.40
5.747,15968,0,16,2007,1998,2499,0.197,12.17,206.00,2.40
5.747,15969,0,16,2009,2000,2497,0.212,12.19,209.00,2.58
5.747,15970,0,16,2007,1998,2497,0.205,12.17,208.00,2.49
5.747,15971,0,16,2008,1999,2497,0.197,12.19,209.00,2.40
5.747,15972,0,16,2009,1999,2497,0.205,12.18,209.00,2.50
5.747,15973,0,16,2008,1999,2497,0.205,12.18,209.00,2.50
5.747,15974,0,16,2008,1999,2498,0.205,12.19,208.00,2.50
5.747,15975,0,16,2007,1998,2498,0.212,12.18,208.00,2.58
5.747,15976,0,16,2007,1998,2499,0.205,12.18,208.00,2.50
5.748,15977,0,16,2006,1997,2500,0.197,12.18,206.00,2.40
5.748,15978,0,16,2007,1998,2499,0.205,12.18,206.00,2.50
5.748,15979,0,16,2006,1997,2498,0.197,12.18,206.00,2.40
5.748,15980,0,16,2008,1999,2496,0.197,12.18,211.00,2.40
5.748,15981,0,16,2008,1998,2497,0.190,12.18,211.00,2.31
5.748,15982,0,16,2007,1997,2498,0.197,12.18,209.00,2.40
5.748,15983,0,16,2008,1999,2496,0.205,12.19,211.00,2.50
5.748,15984,0,16,2009,2000,2499,0.197,12.18,206.00,2.40
5.748,15985,0,16,2008,1999,2496,0.205,12.18,211.00,2.50
5.748,15986,0,16,2007,1998,2499,0.197,12.18,206.00,2.40
5.748,15987,0,16,2007,1998,2497,0.205,12.18,208.00,2.50
5.748,15988,0,16,2007,1998,2499,0.197,12.18,206.00,2.40
5.748,15989,0,16,2008,1999,2497,0.197,12.18,209.00,2.40
5.748,15990,0,16,2007,1998,2497,0.197,12.18,209.00,2.40
5.748,15991,0,16,2008,1999,2497,0.197,12.18,208.00,2.40
5.748,15992,0,16,2007,1998,2498,0.205,12.18,209.00,2.50
5.748,15993,0,16,2007,1998,2498,0.197,12.18,208.00,2.40
5.748,15994,0,16,2009,2001,2498,0.197,12.18,206.00,2.40
5.748,15995,0,16,2009,2001,2498,0.205,12.18,208.00,2.50
5.749,15996,0,16,2008,2000,2497,0.197,12.18,209.00,2.40
5.749,15997,0,16,2008,2000,2498,0.190,12.17,208.00,2.31
5.749,15998,0,16,2009,2000,2498,0.197,12.18,208.00,2.40
5.749,15999,0,16,2009,2000,2495,0.205,12.19,212.00,2.50
5.749,16000,0,16,2008,2000,2497,0.212,12.19,211.00,2.58
5.749,16001,0,16,2008,1999,2498,0.219,12.19,209.00,2.67
5.749,16002,0,16,2009,2000,2498,0.205,12.18,208.00,2.50
5.749,16003,0,16,2007,1998,2497,0.219,12.19,209.00,2.67
5.749,16004,0,16,2009,1999,2496,0.205,12.19,211.00,2.50
5.749,16005,0,16,2008,1998,2498,0.205,12.19,208.00,2.50
5.749,16006,0,16,2007,1998,2499,0.205,12.18,206.00,2.50
5.749,16007,0,16,2007,1998,2498,0.212,12.19,208.00,2.58
5.749,16008,0,16,2009,1999,2498,0.197,12.18,208.00,2.40
5.749,16009,0,16,2009,2000,2496,0.205,12.19,211.00,2.50
5.749,16010,0,16,2007,1998,2497,0.197,12.18,209.00,2.40
5.749,16011,0,16,2009,1999,2498,0.197,12.18,209.00,2.40
5.749,16012,0,16,2009,1999,2497,0.205,12.19,209.00,2.50
5.749,16013,0,16,2009,2000,2497,0.190,12.18,209.00,2.31
5.750,16014,0,16,2008,2000,2498,0.205,12.18,206.00,2.50
5.750,16015,0,16,2010,2001,2497,0.205,12.19,208.00,2.50
5.750,16016,0,16,2008,2000,2498,0.205,12.18,206.00,2.50
5.750,16017,0,16,2011,2001,2496,0.205,12.19,209.00,2.50
5.750,16018,0,16,2008,2000,2497,0.205,12.19,211.00,2.50
5.750,16019,0,16,2008,1999,2497,0.212,12.19,209.00,2.58
5.750,16020,0,16,2009,2000,2496,0.219,12.19,211.00,2.67
5.750,16021,0,16,2008,1999,2498,0.197,12.17,208.00,2.40
5.750,16022,0,16,2008,1999,2497,0.205,12.19,209.00,2.50
5.750,16023,0,16,2008,1998,2498,0.205,12.19,208.00,2.50
5.750,16024,0,17,2007,1998,2497,0.205,12.19,208.00,2.50
5.750,16025,0,17,2007,1998,2498,0.197,12.18,208.00,2.40
5.750,16026,0,17,2008,2000,2498,0.197,12.17,208.00,2.40
5.750,16027,0,17,2008,2000,2497,0.212,12.19,209.00,2.58
5.750,16028,0,17,2009,1999,2496,0.212,12.19,211.00,2.58
5.750,16029,0,17,2008,1998,2497,0.212,12.19,209.00,2.58
5.750,16030,0,17,2008,1999,2497,0.212,12.19,209.00,2.58
5.750,16031,0,17,2007,1999,2498,0.197,12.17,208.00,2.40
5.750,16032,0,17,2007,1998,2497,0.205,12.18,209.00,2.50
5.750,16033,0,17,2007,1998,2498,0.205,12.17,208.00,2.49
5.750,16034,0,17,2007,1998,2497,0.197,12.18,209.00,2.40
5.750,16035,0,17,2008,2000,2498,0.190,12.17,206.00,2.31
5.750,16036,0,17,2009,2000,2498,0.197,12.18,208.00,2.40
5.750,16037,0,17,2008,2000,2496,0.197,12.19,211.00,2.40
5.751,16038,0,17,2008,1999,2496,0.205,12.19,211.00,2.50
5.751,16039,0,17,2008,1999,2495,0.212,12.19,212.00,2.58
5.751,16040,0,17,2008,1999,2497,0.212,12.19,209.00,2.58
5.751,16041,0,17,2008,1999,2499,0.197,12.17,206.00,2.40
5.751,16042,0,17,2007,1999,2498,0.197,12.17,208.00,2.40
5.751,16043,0,17,2008,1999,2498,0.197,12.18,208.00,2.40
5.751,16044,0,17,2009,2000,2497,0.212,12.18,209.00,2.58
5.751,16045,0,17,2008,1999,2498,0.197,12.17,208.00,2.40
5.751,16046,0,17,2008,1998,2498,0.197,12.17,208.00,2.40
5.751,16047,0,17,2009,2000,2497,0.205,12.18,209.00,2.50
5.751,16048,0,17,2007,1999,2497,0.205,12.19,208.00,2.50
5.751,16049,0,17,2009,1999,2496,0.219,12.20,211.00,2.67
5.751,16050,0,17,2007,1998,2497,0.205,12.18,209.00,2.50
5.751,16051,0,17,2008,1999,2497,0.205,12.19,209.00,2.50
5.751,16052,0,17,2006,1997,2498,0.190,12.18,206.00,2.31
5.751,16053,0,17,2008,1999,2496,0.197,12.18,211.00,2.40
5.751,16054,0,17,2008,2000,2497,0.190,12.17,208.00,2.31
5.751,16055,0,17,2009,2000,2496,0.205,12.18,209.00,2.50
5.751,16056,0,17,2008,1999,2497,0.212,12.19,211.00,2.58
5.751,16057,0,17,2008,1999,2496,0.212,12.19,211.00,2.58
5.752,16058,0,17,2008,2000,2497,0.205,12.18,209.00,2.50
5.752,16059,0,17,2008,2000,2496,0.205,12.19,211.00,2.50
5.752,16060,0,17,2009,2000,2498,0.197,12.18,208.00,2.40
5.752,16061,0,17,2008,1999,2498,0.197,12.18,206.00,2.40
5.752,16062,0,17,2008,1999,2498,0.205,12.18,208.00,2.50
5.752,16063,0,17,2007,1998,2499,0.190,12.16,206.00,2.31
5.752,16064,0,17,2009,1999,2498,0.197,12.18,206.00,2.40
5.752,16065,0,17,2008,1999,2498,0.205,12.19,206.00,2.50
5.752,16066,0,17,2008,1999,2498,0.205,12.19,208.00,2.50
5.752,16067,0,17,2008,2000,2499,0.197,12.17,206.00,2.40
5.752,16068,0,17,2008,1999,2496,0.212,12.19,211.00,2.58
5.752,16069,0,17,2008,1999,2498,0.197,12.18,208.00,2.40
5.752,16070,0,17,2008,1999,2497,0.205,12.19,211.00,2.50
5.752,16071,0,17,2007,1998,2497,0.205,12.19,209.00,2.50
5.752,16072,0,17,2007,1998,2497,0.197,12.18,209.00,2.40
5.752,16073,0,17,2008,1999,2497,0.205,12.19,209.00,2.50
5.752,16074,0,17,2007,1998,2497,0.205,12.19,209.00,2.50
5.752,16075,0,17,2008,1998,2497,0.197,12.18,209.00,2.40
5.752,16076,0,17,2008,1999,2497,0.212,12.18,209.00,2.58
5.752,16077,0,17,2008,1999,2497,0.205,12.19,211.00,2.50
5.752,16078,0,17,2008,1999,2496,0.205,12.19,211.00,2.50
5.752,16079,0,17,2009,2000,2499,0.205,12.18,206.00,2.50
5.753,16080,0,17,2008,1999,2497,0.205,12.19,209.00,2.50
5.753,16081,0,17,2007,1998,2499,0.205,12.18,206.00,2.50
5.753,16082,0,17,2006,1997,2498,0.205,12.18,206.00,2.50
5.753,16083,0,17,2007,1998,2498,0.197,12.19,208.00,2.40
5.753,16084,0,18,2008,1999,2497,0.205,12.18,209.00,2.50
5.753,16085,0,18,2008,1999,2497,0.205,12.19,211.00,2.50
5.753,16086,0,18,2008,1999,2496,0.197,12.19,211.00,2.40
5.753,16087,0,18,2008,1998,2498,0.197,12.17,208.00,2.40
5.753,16088,0,18,2006,1997,2497,0.205,12.18,209.00,2.50
5.753,16089,0,18,2008,2000,2498,0.205,12.19,206.00,2.50
5.753,16090,0,18,2008,1998,2497,0.197,12.18,209.00,2.40
5.753,16091,0,18,2008,1999,2498,0.205,12.19,209.00,2.50
5.753,16092,0,18,2008,1998,2497,0.205,12.19,209.00,2.50
5.753,16093,0,18,2008,1999,2497,0.197,12.18,209.00,2.40
5.753,16094,0,18,2008,1999,2496,0.205,12.19,209.00,2.50
5.753,16095,0,18,2009,1999,2496,0.205,12.19,209.00,2.50
5.753,16096,0,18,2008,1999,2497,0.212,12.19,211.00,2.58
5.753,16097,0,18,2007,1998,2498,0.205,12.18,208.00,2.50
5.753,16098,0,18,2009,2000,2497,0.197,12.18,208.00,2.40
5.753,16099,0,18,2008,1999,2496,0.197,12.18,209.00,2.40
5.753,16100,0,18,2008,1999,2497,0.212,12.19,209.00,2.58
5.753,16101,0,18,2008,1998,2498,0.205,12.19,209.00,2.50
5.753,16102,0,18,2007,1998,2498,0.205,12.18,208.00,2.50
5.753,16103,0,18,2007,1998,2497,0.205,12.19,209.00,2.50
5.753,16104,0,18,2008,1999,2496,0.197,12.18,209.00,2.40
5.753,16105,0,18,2008,1999,2496,0.212,12.19,211.00,2.58
5.753,16106,0,18,2007,1998,2497,0.197,12.17,209.00,2.40
5.754,16107,0,18,2008,1999,2497,0.205,12.19,209.00,2.50
5.754,16108,0,18,2009,2001,2497,0.197,12.18,209.00,2.40
5.754,16109,0,18,2008,1999,2496,0.205,12.19,211.00,2.50
5.754,16110,0,18,2007,1998,2497,0.197,12.19,209.00,2.40
5.754,16111,0,18,2008,1999,2498,0.190,12.17,208.00,2.31
5.754,16112,0,18,2007,1998,2498,0.197,12.17,209.00,2.40
5.754,16113,0,18,2007,1998,2498,0.190,12.17,208.00,2.31
5.754,16114,0,18,2007,1998,2497,0.197,12.18,211.00,2.40
5.754,16115,0,18,2007,1998,2497,0.197,12.18,209.00,2.40
5.754,16116,0,18,2008,1999,2497,0.190,12.17,208.00,2.31
5.754,16117,0,18,2007,1999,2498,0.190,12.17,208.00,2.31
5.754,16118,0,18,2008,2000,2499,0.190,12.17,206.00,2.31
5.754,16119,0,18,2008,2000,2498,0.190,12.17,206.00,2.31
5.754,16120,0,18,2008,2000,2498,0.197,12.17,208.00,2.40
5.754,16121,0,18,2009,2000,2499,0.190,12.17,206.00,2.31
5.754,16200,0,19,2007,1998,2497,0.197,12.18,209.00,2.40
5.754,16201,0,19,2006,1997,2498,0.190,12.17,208.00,2.31
5.755,16202,0,19,2008,1998,2496,0.205,12.18,211.00,2.50
5.762,16203,0,19,2009,2000,2498,0.205,12.18,206.00,2.50
5.762,16204,0,20,2007,1998,2497,0.197,12.18,208.00,2.40
5.762,16205,0,20,2008,1998,2496,0.197,12.18,209.00,2.40
5.762,16206,0,20,2007,1998,2497,0.197,12.18,209.00,2.40
5.762,16207,0,20,2008,1999,2497,0.205,12.18,208.00,2.50
5.764,16208,0,20,2007,1997,2497,0.197,12.17,209.00,2.40
5.765,16209,0,20,2007,1998,2497,0.197,12.18,209.00,2.40
5.768,16210,0,20,2007,1998,2497,0.197,12.17,209.00,2.40
5.770,16211,0,20,2008,1999,2497,0.205,12.19,209.00,2.50
5.772,16212,0,20,2007,1998,2497,0.205,12.18,209.00,2.50
5.774,16213,0,20,2009,2000,2497,0.205,12.18,209.00,2.50
5.777,16214,0,20,2008,1999,2497,0.205,12.18,208.00,2.50
5.778,16215,0,20,2009,2000,2498,0.197,12.17,208.00,2.40
5.781,16216,0,20,2008,2000,2498,0.197,12.19,209.00,2.40
5.782,16217,0,20,2009,2000,2498,0.190,12.17,209.00,2.31
5.784,16218,0,20,2007,1998,2497,0.205,12.18,211.00,2.50
5.787,16219,0,20,2009,2000,2496,0.212,12.19,211.00,2.58
5.788,16220,0,20,2007,1999,2497,0.205,12.18,209.00,2.50
5.791,16221,0,20,2008,1999,2497,0.205,12.18,209.00,2.50
5.792,16222,0,20,2008,1999,2497,0.205,12.19,209.00,2.50
5.794,16223,0,20,2008,1998,2497,0.197,12.18,209.00,2.40
5.796,16224,0,20,2008,1998,2499,0.212,12.19,206.00,2.58
5.798,16225,0,20,2008,1999,2497,0.197,12.18,209.00,2.40
5.800,16226,0,20,2009,2000,2497,0.219,12.19,211.00,2.67
5.803,16227,0,20,2009,2000,2497,0.212,12.19,209.00,2.58
5.804,16228,0,20,2008,1999,2497,0.212,12.19,209.00,2.58
5.806,16229,0,20,2008,2000,2496,0.219,12.19,211.00,2.67
5.809,16230,0,20,2009,1999,2496,0.212,12.19,211.00,2.58
5.810,16231,0,20,2008,1999,2498,0.197,12.18,206.00,2.40
5.812,16232,0,20,2008,1999,2498,0.205,12.18,208.00,2.50
5.813,16233,0,20,2009,2000,2498,0.212,12.19,208.00,2.58
5.816,16234,0,20,2008,1999,2499,0.205,12.19,208.00,2.50
5.818,16235,0,20,2009,2000,2498,0.212,12.18,208.00,2.58
5.819,16236,0,20,2007,1998,2499,0.205,12.18,206.00,2.50
5.822,16237,0,20,2008,2000,2498,0.212,12.19,208.00,2.58
5.824,16238,0,20,2008,1999,2498,0.205,12.19,208.00,2.50
5.826,16239,0,20,2008,1998,2498,0.205,12.18,208.00,2.50
5.828,16240,0,20,2008,1999,2497,0.212,12.19,209.00,2.58
5.830,16241,0,20,2009,2000,2497,0.205,12.19,209.00,2.50
5.832,16242,0,20,2008,1998,2498,0.212,12.19,208.00,2.58
5.835,16243,0,20,2007,1998,2498,0.212,12.19,208.00,2.58
5.836,16244,0,20,2007,1998,2498,0.197,12.18,209.00,2.40
5.839,16245,0,20,2009,1999,2496,0.212,12.19,211.00,2.58
5.840,16246,0,20,2008,1999,2497,0.212,12.19,209.00,2.58
5.842,16247,0,20,2008,1999,2498,0.219,12.20,209.00,2.67
6.421,16248,0,20,2009,1999,2496,0.212,12.19,211.00,2.58
6.421,16249,0,20,2008,1999,2497,0.212,12.19,211.00,2.58
6.421,16250,0,20,2008,1999,2499,0.197,12.18,208.00,2.40
6.422,16251,0,20,2008,1999,2499,0.197,12.18,206.00,2.40
6.422,16252,0,20,2008,1999,2498,0.212,12.19,208.00,2.58
6.422,16253,0,20,2008,1999,2499,0.205,12.19,206.00,2.50
6.422,16254,0,20,2008,2000,2498,0.212,12.19,208.00,2.58
6.422,16255,0,20,2009,2000,2498,0.197,12.17,208.00,2.40
6.422,16256,0,20,2008,1999,2498,0.205,12.19,208.00,2.50
6.422,16257,0,20,2008,1999,2498,0.205,12.19,208.00,2.50
6.422,16258,0,20,2009,2000,2498,0.197,12.18,208.00,2.40
6.422,16259,0,20,2008,1999,2498,0.212,12.19,208.00,2.58
6.422,16260,0,20,2008,1999,2498,0.205,12.18,209.00,2.50
6.422,16261,0,20,2007,1997,2498,0.205,12.19,206.00,2.50
6.422,16262,0,20,2008,1997,2498,0.205,12.19,208.00,2.50
6.422,16263,0,20,2008,1998,2497,0.190,12.16,208.00,2.31
6.422,16264,0,21,2008,1999,2497,0.212,12.19,209.00,2.58
6.422,16265,0,21,2008,2000,2496,0.212,12.19,211.00,2.58
6.422,16266,0,21,2008,1999,2496,0.212,12.19,211.00,2.58
6.422,16267,0,21,2007,1999,2496,0.219,12.19,211.00,2.67
6.422,16268,0,21,2008,2000,2497,0.212,12.19,209.00,2.58
6.422,16269,0,21,2007,1998,2498,0.197,12.18,208.00,2.40
6.422,16270,0,21,2007,1999,2497,0.212,12.19,209.00,2.58
6.422,16271,0,21,2009,2000,2497,0.205,12.18,209.00,2.50
6.422,16272,0,21,2009,1999,2497,0.197,12.18,208.00,2.40
6.422,16273,0,21,2009,1999,2497,0.205,12.17,208.00,2.49
6.422,16274,0,21,2008,1999,2497,0.197,12.17,208.00,2.40
6.422,16275,0,21,2008,1999,2497,0.212,12.19,209.00,2.58
6.423,16276,0,21,2008,1999,2498,0.205,12.19,208.00,2.50
6.423,16277,0,21,2009,2000,2496,0.212,12.19,211.00,2.58
6.423,16278,0,21,2008,1999,2498,0.197,12.18,206.00,2.40
6.423,16279,0,21,2008,1999,2497,0.212,12.19,211.00,2.58
6.423,16280,0,21,2007,1998,2497,0.197,12.18,209.00,2.40
6.423,16281,0,21,2006,1997,2498,0.197,12.17,208.00,2.40
6.423,16282,0,21,2007,1998,2498,0.197,12.18,206.00,2.40
6.423,16283,0,21,2007,1998,2498,0.197,12.19,206.00,2.40
6.423,16284,0,21,2008,1998,2498,0.197,12.18,208.00,2.40
6.423,16285,0,21,2007,1998,2497,0.197,12.18,209.00,2.40
6.423,16286,0,21,2008,1999,2497,0.205,12.18,209.00,2.50
6.423,16287,0,21,2007,1998,2497,0.197,12.18,209.00,2.40
6.423,16288,0,21,2007,1998,2497,0.197,12.18,209.00,2.40
6.423,16289,0,21,2008,2000,2498,0.190,12.18,208.00,2.31
6.423,16290,0,21,2009,2000,2498,0.205,12.18,208.00,2.50
6.423,16291,0,21,2008,1999,2498,0.205,12.18,208.00,2.50
6.423,16292,0,21,2009,2000,2498,0.205,12.18,208.00,2.50
6.423,16293,0,21,2009,2000,2498,0.205,12.18,206.00,2.50
6.423,16294,0,21,2008,1999,2496,0.205,12.19,209.00,2.50
6.423,16295,0,21,2007,1999,2497,0.212,12.19,209.00,2.58
6.423,16296,0,21,2008,2000,2496,0.219,12.20,211.00,2.67
6.423,16297,0,21,2008,1999,2498,0.205,12.18,206.00,2.50
6.423,16298,0,21,2007,1999,2496,0.212,12.19,211.00,2.58
6.423,16299,0,21,2008,1998,2498,0.205,12.18,208.00,2.50
6.423,16300,0,21,2007,1998,2498,0.197,12.18,206.00,2.40
6.423,16301,0,21,2008,1998,2498,0.205,12.18,208.00,2.50
6.423,16302,0,21,2007,1997,2499,0.197,12.18,206.00,2.40
6.423,16303,0,21,2008,2000,2497,0.205,12.19,209.00,2.50
6.424,16304,0,21,2007,1998,2497,0.205,12.19,209.00,2.50
6.424,16305,0,21,2009,1998,2496,0.197,12.18,211.00,2.40
6.424,16306,0,21,2008,1998,2497,0.205,12.19,209.00,2.50
6.424,16307,0,21,2008,1998,2497,0.205,12.19,208.00,2.50
6.424,16308,0,21,2009,2000,2498,0.205,12.18,208.00,2.50
6.424,16309,0,21,2009,2000,2498,0.212,12.18,208.00,2.58
6.424,16310,0,21,2008,2000,2498,0.190,12.17,206.00,2.31
6.424,16311,0,21,2008,2000,2499,0.197,12.18,208.00,2.40
6.424,16312,0,21,2009,2001,2498,0.212,12.19,206.00,2.58
6.424,16313,0,21,2008,2000,2497,0.212,12.19,209.00,2.58
6.424,16314,0,21,2007,1999,2496,0.212,12.19,211.00,2.58
6.424,16315,0,21,2008,1999,2497,0.212,12.19,209.00,2.58
6.424,16316,0,21,2008,1999,2498,0.197,12.18,208.00,2.40
6.424,16317,0,21,2008,2000,2498,0.205,12.18,208.00,2.50
6.424,16318,0,21,2007,1998,2498,0.205,12.19,208.00,2.50
6.424,16319,0,21,2008,1999,2498,0.197,12.17,206.00,2.40
6.424,16320,0,21,2008,1999,2497,0.205,12.18,209.00,2.50
6.424,16321,0,21,2008,1999,2498,0.205,12.17,206.00,2.49
6.424,16322,0,21,2008,2000,2497,0.212,12.19,209.00,2.58
6.424,16323,0,21,2008,2000,2497,0.212,12.19,209.00,2.58
6.424,16324,0,22,2007,1999,2497,0.212,12.19,209.00,2.58
6.424,16325,0,22,2008,2000,2497,0.219,12.19,209.00,2.67
6.425,16326,0,22,2008,1999,2498,0.205,12.18,208.00,2.50
6.425,16327,0,22,2009,2000,2498,0.190,12.17,208.00,2.31
6.425,16328,0,22,2008,1999,2498,0.205,12.18,206.00,2.50
6.425,16329,0,22,2008,1999,2498,0.205,12.19,206.00,2.50
6.425,16330,0,22,2008,2000,2498,0.212,12.19,206.00,2.58
6.425,16331,0,22,2007,1998,2499,0.205,12.17,205.00,2.49
6.425,16332,0,22,2007,1999,2499,0.183,12.16,206.00,2.23
6.425,16333,0,22,2008,1999,2497,0.205,12.19,208.00,2.50
6.425,16334,0,22,2009,2000,2497,0.212,12.19,208.00,2.58
6.425,16335,0,22,2008,1999,2497,0.205,12.19,209.00,2.50
6.425,16336,0,22,2008,1999,2498,0.205,12.18,208.00,2.50
6.425,16337,0,22,2007,1998,2498,0.205,12.19,208.00,2.50
6.425,16338,0,22,2007,1998,2498,0.205,12.19,206.00,2.50
6.425,16339,0,22,2007,1997,2497,0.190,12.17,208.00,2.31
6.425,16340,0,22,2008,2000,2498,0.205,12.18,206.00,2.50
6.425,16341,0,22,2008,1999,2497,0.205,12.19,209.00,2.50
6.425,16342,0,22,2007,1999,2498,0.205,12.19,209.00,2.50
6.425,16343,0,22,2008,2000,2498,0.212,12.19,208.00,2.58
6.425,16344,0,22,2008,1999,2497,0.212,12.19,209.00,2.58
6.425,16345,0,22,2009,2000,2498,0.205,12.18,208.00,2.50
6.425,16346,0,22,2007,1998,2497,0.205,12.19,209.00,2.50
6.425,16347,0,22,2007,1998,2498,0.205,12.19,206.00,2.50
6.425,16348,0,22,2007,1998,2497,0.197,12.18,209.00,2.40
6.425,16349,0,22,2008,2000,2497,0.205,12.19,208.00,2.50
6.425,16350,0,22,2009,2001,2498,0.205,12.18,206.00,2.50
6.425,16351,0,22,2007,1999,2497,0.205,12.18,209.00,2.50
6.425,16352,0,22,2008,1999,2497,0.212,12.19,209.00,2.58
6.425,16353,0,22,2008,1999,2496,0.205,12.19,211.00,2.50
6.425,16354,0,22,2007,1999,2498,0.205,12.17,206.00,2.49
6.425,16355,0,22,2008,1999,2497,0.212,12.18,209.00,2.58
6.426,16356,0,22,2007,1998,2498,0.205,12.18,206.00,2.50
6.426,16357,0,22,2007,1998,2498,0.205,12.18,206.00,2.50
6.426,16358,0,22,2006,1996,2498,0.190,12.17,208.00,2.31
6.426,16359,0,22,2009,2000,2498,0.197,12.18,206.00,2.40
6.426,16360,0,22,2007,1999,2497,0.197,12.18,209.00,2.40
6.426,16361,0,22,2008,1999,2497,0.212,12.19,209.00,2.58
6.426,16362,0,22,2008,1999,2497,0.205,12.19,209.00,2.50
6.426,16363,0,22,2007,1999,2497,0.205,12.18,209.00,2.50
6.426,16364,0,22,2009,2000,2497,0.190,12.18,209.00,2.31
6.426,16365,0,22,2007,1998,2499,0.197,12.18,206.00,2.40
6.426,16366,0,22,2007,1997,2498,0.197,12.18,206.00,2.40
6.426,16367,0,22,2008,1998,2499,0.197,12.18,206.00,2.40
6.426,16368,0,22,2006,1997,2499,0.197,12.18,206.00,2.40
6.426,16369,0,22,2008,1998,2497,0.205,12.19,209.00,2.50
6.426,16370,0,22,2008,1999,2497,0.205,12.19,208.00,2.50
6.426,16371,0,22,2007,1998,2497,0.205,12.18,209.00,2.50
6.426,16372,0,22,2007,1998,2497,0.197,12.18,209.00,2.40
6.426,16373,0,22,2007,1998,2497,0.197,12.18,209.00,2.40
6.426,16374,0,22,2008,2000,2498,0.205,12.18,208.00,2.50
6.426,16375,0,22,2009,1999,2496,0.197,12.18,211.00,2.40
6.426,16376,0,22,2007,1998,2498,0.205,12.18,206.00,2.50
6.426,16377,0,22,2008,1998,2497,0.205,12.18,208.00,2.50
6.426,16378,0,22,2007,1998,2498,0.205,12.19,208.00,2.50
6.426,16379,0,22,2007,1998,2497,0.197,12.18,208.00,2.40
6.426,16380,0,22,2007,1998,2497,0.197,12.18,209.00,2.40
6.426,16381,0,22,2008,1999,2497,0.205,12.19,208.00,2.50
6.426,16382,0,22,2008,1999,2498,0.197,12.18,208.00,2.40
6.426,16383,0,22,2008,1998,2498,0.190,12.17,209.00,2.31
6.426,16384,0,23,2008,2000,2498,0.205,12.18,206.00,2.50
6.426,16385,0,23,2008,1998,2497,0.197,12.19,209.00,2.40
6.427,16386,0,23,2008,1999,2498,0.205,12.18,209.00,2.50
6.427,16387,0,23,2008,1999,2497,0.197,12.18,208.00,2.40
6.427,16388,0,23,2007,1998,2497,0.197,12.19,209.00,2.40
6.427,16389,0,23,2008,1999,2497,0.205,12.18,209.00,2.50
6.427,16390,0,23,2007,1997,2498,0.197,12.18,206.00,2.40
6.427,16391,0,23,2008,1999,2497,0.197,12.18,209.00,2.40
6.427,16392,0,23,2008,1998,2498,0.197,12.18,208.00,2.40
6.427,16393,0,23,2008,1999,2498,0.205,12.18,208.00,2.50
6.427,16394,0,23,2008,1998,2497,0.205,12.19,209.00,2.50
6.427,16395,0,23,2006,1997,2499,0.197,12.18,205.00,2.40
6.427,16396,0,23,2007,1998,2498,0.197,12.18,206.00,2.40
6.427,16397,0,23,2007,1999,2498,0.205,12.19,208.00,2.50
6.427,16398,0,23,2008,1998,2497,0.212,12.19,209.00,2.58
6.427,16399,0,23,2007,1998,2498,0.197,12.17,208.00,2.40
6.427,16400,0,23,2008,1999,2498,0.205,12.18,208.00,2.50
6.427,16401,0,23,2007,1999,2498,0.197,12.17,208.00,2.40
6.427,16402,0,23,2008,1999,2497,0.205,12.18,209.00,2.50
6.427,16403,0,23,2007,2000,2499,0.205,12.18,205.00,2.50
6.427,16404,0,23,2007,1998,2498,0.197,12.18,209.00,2.40
6.427,16405,0,23,2006,1997,2498,0.205,12.18,208.00,2.50
6.427,16406,0,23,2008,1998,2497,0.205,12.18,209.00,2.50
6.427,16407,0,23,2007,1998,2497,0.197,12.18,209.00,2.40
6.427,16408,0,23,2007,1998,2498,0.197,12.18,208.00,2.40
6.428,16409,0,23,2007,1998,2498,0.197,12.18,206.00,2.40
6.428,16410,0,23,2007,1998,2498,0.205,12.18,208.00,2.50
6.428,16411,0,23,2008,1999,2497,0.205,12.18,209.00,2.50
6.428,16412,0,23,2008,2000,2498,0.205,12.18,206.00,2.50
6.428,16413,0,23,2007,1998,2497,0.190,12.18,208.00,2.31
6.428,16414,0,23,2007,1997,2498,0.205,12.18,206.00,2.50
6.428,16415,0,23,2006,1998,2499,0.190,12.16,205.00,2.31
6.428,16416,0,23,2007,1998,2498,0.197,12.18,206.00,2.40
6.428,16417,0,23,2008,2000,2497,0.205,12.19,209.00,2.50
6.428,16418,0,23,2009,2001,2496,0.219,12.19,209.00,2.67
6.428,16419,0,23,2008,1999,2497,0.212,12.19,209.00,2.58
6.428,16420,0,23,2007,1999,2498,0.205,12.19,208.00,2.50
6.428,16421,0,23,2007,1999,2499,0.197,12.17,205.00,2.40
6.429,16422,0,23,2008,1999,2497,0.212,12.19,208.00,2.58
6.429,16423,0,23,2008,1999,2498,0.190,12.18,206.00,2.31
6.429,16424,0,23,2008,1999,2497,0.205,12.18,209.00,2.50
6.429,16425,0,23,2009,2001,2497,0.197,12.18,209.00,2.40
6.429,16426,0,23,2009,2001,2497,0.205,12.18,208.00,2.50
6.429,16427,0,23,2008,1999,2497,0.219,12.19,209.00,2.67
6.429,16428,0,23,2008,1999,2497,0.212,12.19,208.00,2.58
6.429,16429,0,23,2008,1999,2497,0.212,12.19,209.00,2.58
6.429,16430,0,23,2007,1999,2497,0.212,12.19,209.00,2.58
6.429,16431,0,23,2008,1999,2497,0.197,12.17,209.00,2.40
6.429,16432,0,23,2007,1999,2498,0.197,12.17,206.00,2.40
6.429,16433,0,23,2009,2000,2497,0.197,12.18,208.00,2.40
6.429,16434,0,23,2008,1999,2499,0.197,12.18,206.00,2.40
6.429,16435,0,23,2009,2000,2498,0.197,12.18,208.00,2.40
6.429,16436,0,23,2008,1999,2499,0.197,12.18,205.00,2.40
6.429,16437,0,23,2008,1998,2499,0.197,12.17,206.00,2.40
6.429,16438,0,23,2007,1999,2498,0.197,12.18,208.00,2.40
6.430,16439,0,23,2008,1999,2497,0.212,12.19,208.00,2.58
6.430,16440,0,23,2008,1999,2498,0.205,12.19,208.00,2.50
6.430,16441,0,23,2008,1999,2498,0.212,12.18,208.00,2.58
6.430,16442,0,23,2008,1999,2498,0.190,12.17,208.00,2.31
6.430,16443,0,23,2008,1999,2497,0.190,12.17,209.00,2.31
6.430,16444,0,24,2010,2000,2497,0.197,12.17,208.00,2.40
6.430,16445,0,24,2009,2000,2498,0.197,12.18,208.00,2.40
6.430,16446,0,24,2008,1999,2496,0.197,12.18,209.00,2.40
6.430,16447,0,24,2008,2000,2496,0.205,12.19,209.00,2.50
6.430,16448,0,24,2009,1999,2496,0.212,12.19,209.00,2.58
6.430,16449,0,24,2008,1999,2497,0.212,12.19,209.00,2.58
6.430,16450,0,24,2009,2000,2498,0.197,12.17,206.00,2.40
6.430,16451,0,24,2007,1999,2499,0.205,12.18,206.00,2.50
6.430,16452,0,24,2009,2000,2498,0.197,12.18,206.00,2.40
6.431,16538,0,25,2006,1998,2497,0.197,12.18,208.00,2.40
6.431,16539,0,25,2009,2000,2497,0.197,12.18,208.00,2.40
6.431,16540,0,25,2008,1999,2497,0.205,12.18,208.00,2.50
6.431,16541,0,25,2008,1999,2497,0.212,12.19,209.00,2.58
6.432,16542,0,25,2009,1999,2497,0.212,12.19,209.00,2.58
6.435,16543,0,25,2008,1999,2497,0.212,12.19,209.00,2.58
6.436,16544,0,25,2009,2000,2498,0.205,12.18,208.00,2.50
6.438,16545,0,25,2008,1999,2499,0.197,12.18,208.00,2.40
6.441,16546,0,25,2008,1998,2499,0.197,12.17,205.00,2.40
6.443,16547,0,25,2009,1999,2498,0.197,12.18,208.00,2.40
6.444,16548,0,25,2009,1999,2498,0.205,12.18,206.00,2.50
6.447,16549,0,25,2010,2000,2499,0.197,12.18,206.00,2.40
6.448,16550,0,25,2010,2000,2499,0.197,12.18,206.00,2.40
6.450,16551,0,25,2010,2000,2498,0.212,12.19,208.00,2.58
6.453,16552,0,25,2008,1997,2499,0.197,12.17,205.00,2.40
6.454,16553,0,25,2009,1999,2498,0.197,12.19,209.00,2.40
6.457,16554,0,25,2009,1999,2497,0.205,12.19,208.00,2.50
6.458,16555,0,25,2007,1997,2498,0.212,12.17,208.00,2.58
6.460,16556,0,25,2007,1998,2498,0.212,12.19,208.00,2.58
6.462,16557,0,25,2007,1997,2498,0.190,12.17,208.00,2.31
6.465,16558,0,25,2009,2000,2498,0.197,12.18,208.00,2.40
6.466,16559,0,25,2009,2001,2499,0.205,12.19,206.00,2.50
6.469,16560,0,25,2008,2000,2496,0.212,12.19,211.00,2.58
6.470,16561,0,25,2007,1998,2497,0.205,12.19,209.00,2.50
6.473,16562,0,25,2007,1999,2496,0.212,12.19,211.00,2.58
6.475,16563,0,25,2007,2000,2497,0.212,12.19,211.00,2.58
6.476,16564,0,26,2007,1999,2498,0.205,12.19,208.00,2.50
6.479,16565,0,26,2007,2000,2498,0.190,12.18,208.00,2.31
6.481,16566,0,26,2007,1999,2498,0.205,12.19,206.00,2.50
6.482,16567,0,26,2006,1999,2499,0.205,12.18,206.00,2.50
6.485,16568,0,26,2005,1999,2499,0.190,12.18,206.00,2.31
6.486,16569,0,26,2006,1999,2498,0.197,12.17,208.00,2.40
6.488,16570,0,26,2005,1997,2498,0.197,12.17,206.00,2.40
6.490,16571,0,26,2007,1999,2498,0.205,12.18,208.00,2.50
6.492,16572,0,26,2007,1999,2496,0.212,12.19,211.00,2.58
6.495,16573,0,26,2007,1999,2498,0.205,12.18,208.00,2.50
6.496,16574,0,26,2007,1999,2496,0.205,12.19,209.00,2.50
6.498,16575,0,26,2008,1998,2498,0.197,12.18,208.00,2.40
6.500,16576,0,26,2007,1998,2498,0.197,12.19,208.00,2.40
6.502,16577,0,26,2006,1996,2500,0.197,12.17,205.00,2.40
6.504,16578,0,26,2006,1997,2500,0.190,12.17,206.00,2.31
6.507,16579,0,26,2007,1996,2497,0.183,12.17,208.00,2.23
6.508,16580,0,26,2008,1999,2496,0.205,12.18,209.00,2.50
6.511,16581,0,26,2008,1997,2498,0.190,12.17,208.00,2.31
6.513,16582,0,26,2007,1997,2498,0.183,12.17,208.00,2.23
6.514,16583,0,26,2009,1999,2497,0.205,12.18,209.00,2.50
6.517,16584,0,26,2010,2000,2498,0.197,12.18,208.00,2.40
6.518,16585,0,26,2009,1999,2498,0.183,12.17,208.00,2.23
6.520,16586,0,26,2011,1999,2498,0.197,12.18,209.00,2.40
7.106,16587,0,26,2009,2000,2498,0.190,12.16,206.00,2.31
7.107,16588,0,26,2009,2000,2497,0.197,12.18,208.00,2.40
7.107,16589,0,26,2008,1998,2497,0.197,12.18,209.00,2.40
7.107,16590,0,26,2010,2000,2496,0.212,12.19,209.00,2.58
7.107,16591,0,26,2008,1999,2497,0.212,12.19,209.00,2.58
7.107,16592,0,26,2009,1999,2498,0.197,12.19,208.00,2.40
7.107,16593,0,26,2008,1999,2497,0.212,12.19,209.00,2.58
7.107,16594,0,26,2006,1997,2498,0.183,12.17,209.00,2.23
7.107,16595,0,26,2007,1998,2498,0.197,12.19,208.00,2.40
7.107,16596,0,26,2007,1998,2497,0.212,12.19,209.00,2.58
7.107,16597,0,26,2007,1998,2498,0.197,12.19,208.00,2.40
7.107,16598,0,26,2006,1997,2497,0.183,12.16,209.00,2.23
7.107,16599,0,26,2007,1998,2497,0.205,12.17,209.00,2.49
7.107,16600,0,26,2007,1999,2496,0.197,12.18,209.00,2.40
7.107,16601,0,26,2006,1998,2497,0.197,12.18,208.00,2.40
7.107,16602,0,26,2006,1998,2496,0.197,12.18,211.00,2.40
7.107,16603,0,26,2008,2000,2498,0.190,12.18,208.00,2.31
7.107,16604,0,26,2008,1999,2498,0.197,12.17,208.00,2.40
7.107,16605,0,26,2007,1999,2497,0.190,12.17,206.00,2.31
7.107,16606,0,26,2008,2000,2497,0.197,12.19,209.00,2.40
7.107,16607,0,26,2007,2000,2497,0.197,12.18,208.00,2.40
7.107,16608,0,26,2008,2000,2495,0.205,12.19,211.00,2.50
7.108,16609,0,26,2007,1999,2497,0.212,12.19,209.00,2.58
7.108,16610,0,26,2006,1998,2497,0.212,12.19,209.00,2.58
7.108,16611,0,26,2008,1999,2497,0.197,12.19,208.00,2.40
7.108,16612,0,26,2007,1999,2497,0.212,12.19,209.00,2.58
7.108,16613,0,26,2007,1998,2497,0.197,12.18,209.00,2.40
7.108,16614,0,26,2007,1998,2497,0.205,12.18,208.00,2.50
7.108,16615,0,26,2007,1998,2499,0.205,12.19,208.00,2.50
7.108,16616,0,26,2007,1998,2497,0.190,12.18,209.00,2.31
7.108,16617,0,26,2008,1998,2497,0.197,12.18,208.00,2.40
7.108,16618,0,26,2008,1998,2497,0.190,12.18,209.00,2.31
7.108,16619,0,26,2009,1998,2497,0.197,12.18,209.00,2.40
7.108,16620,0,26,2008,1999,2497,0.197,12.18,209.00,2.40
7.108,16621,0,26,2009,1999,2496,0.205,12.19,211.00,2.50
7.108,16622,0,26,2010,1999,2498,0.190,12.18,208.00,2.31
7.108,16623,0,26,2010,2000,2498,0.212,12.19,206.00,2.58
7.108,16624,0,27,2011,2000,2498,0.197,12.18,208.00,2.40
7.108,16625,0,27,2011,2001,2498,0.205,12.18,209.00,2.50
7.108,16626,0,27,2011,2001,2497,0.197,12.19,209.00,2.40
7.108,16627,0,27,2009,1999,2497,0.212,12.19,209.00,2.58
7.108,16628,0,27,2009,1999,2496,0.212,12.19,211.00,2.58
7.108,16629,0,27,2009,1999,2496,0.212,12.19,211.00,2.58
7.108,16630,0,27,2009,1999,2497,0.205,12.19,208.00,2.50
7.108,16631,0,27,2008,2000,2497,0.212,12.19,208.00,2.58
7.108,16632,0,27,2007,1998,2497,0.205,12.19,208.00,2.50
7.108,16633,0,27,2006,1998,2498,0.197,12.18,206.00,2.40
7.109,16634,0,27,2007,1998,2496,0.197,12.18,209.00,2.40
7.109,16635,0,27,2009,2000,2496,0.212,12.19,211.00,2.58
7.109,16636,0,27,2007,1999,2497,0.219,12.19,209.00,2.67
7.109,16637,0,27,2008,2000,2495,0.212,12.19,212.00,2.58
7.109,16638,0,27,2008,1999,2496,0.219,12.19,211.00,2.67
7.109,16639,0,27,2008,2000,2496,0.212,12.19,212.00,2.58
7.109,16640,0,27,2007,1998,2498,0.205,12.19,208.00,2.50
7.109,16641,0,27,2006,1998,2498,0.197,12.17,206.00,2.40
7.109,16642,0,27,2007,1999,2498,0.197,12.18,208.00,2.40
7.109,16643,0,27,2008,2000,2498,0.205,12.18,208.00,2.50
7.109,16644,0,27,2008,1999,2498,0.212,12.18,206.00,2.58
7.109,16645,0,27,2007,1999,2498,0.197,12.19,208.00,2.40
7.109,16646,0,27,2008,2000,2498,0.197,12.18,208.00,2.40
7.109,16647,0,27,2008,1999,2498,0.197,12.17,206.00,2.40
7.109,16648,0,27,2008,1999,2497,0.190,12.19,209.00,2.32
7.109,16649,0,27,2008,1999,2497,0.219,12.19,209.00,2.67
7.109,16650,0,27,2008,1998,2497,0.197,12.19,209.00,2.40
7.109,16651,0,27,2008,1998,2497,0.190,12.18,209.00,2.31
7.109,16652,0,27,2008,1998,2498,0.205,12.18,206.00,2.50
7.109,16653,0,27,2009,1999,2496,0.205,12.19,211.00,2.50
7.109,16654,0,27,2010,2000,2497,0.205,12.19,209.00,2.50
7.109,16655,0,27,2008,1999,2497,0.205,12.19,208.00,2.50
7.109,16656,0,27,2010,1999,2495,0.212,12.19,211.00,2.58
7.109,16657,0,27,2008,1998,2497,0.205,12.18,208.00,2.50
7.109,16658,0,27,2010,1999,2496,0.205,12.19,211.00,2.50
7.109,16659,0,27,2009,1999,2498,0.197,12.18,208.00,2.40
7.109,16660,0,27,2009,1999,2498,0.197,12.18,208.00,2.40
7.109,16661,0,27,2010,2000,2497,0.205,12.19,209.00,2.50
7.110,16662,0,27,2009,2000,2496,0.212,12.19,209.00,2.58
7.110,16663,0,27,2008,1999,2498,0.197,12.18,206.00,2.40
7.110,16664,0,27,2009,1999,2498,0.197,12.19,208.00,2.40
7.110,16665,0,27,2007,1998,2498,0.197,12.18,206.00,2.40
7.110,16666,0,27,2008,2000,2496,0.205,12.19,211.00,2.50
7.110,16667,0,27,2008,2000,2496,0.212,12.19,211.00,2.58
7.110,16668,0,27,2008,1999,2498,0.197,12.17,208.00,2.40
7.110,16669,0,27,2007,1999,2496,0.205,12.19,211.00,2.50
7.110,16670,0,27,2008,1999,2496,0.205,12.19,212.00,2.50
7.110,16671,0,27,2005,1997,2498,0.197,12.18,206.00,2.40
7.110,16672,0,27,2007,1998,2497,0.197,12.19,209.00,2.40
7.110,16673,0,27,2006,1998,2497,0.212,12.19,208.00,2.58
7.110,16674,0,27,2007,1999,2497,0.197,12.18,209.00,2.40
7.110,16675,0,27,2007,1999,2496,0.205,12.18,211.00,2.50
7.110,16676,0,27,2007,1998,2496,0.197,12.18,209.00,2.40
7.110,16677,0,27,2008,1999,2497,0.197,12.19,209.00,2.40
7.110,16678,0,27,2007,1999,2497,0.197,12.18,211.00,2.40
7.110,16679,0,27,2008,2000,2498,0.205,12.18,208.00,2.50
7.110,16680,0,27,2010,2000,2496,0.205,12.19,209.00,2.50
7.110,16681,0,27,2008,2000,2498,0.197,12.18,208.00,2.40
7.110,16682,0,27,2010,2000,2497,0.205,12.18,208.00,2.50
7.110,16683,0,27,2009,2000,2498,0.197,12.18,208.00,2.40
7.110,16684,0,28,2008,1998,2497,0.205,12.18,209.00,2.50
7.110,16685,0,28,2008,1999,2496,0.205,12.19,211.00,2.50
7.110,16686,0,28,2009,2000,2496,0.219,12.19,211.00,2.67
7.110,16687,0,28,2008,1999,2499,0.205,12.18,206.00,2.50
7.110,16688,0,28,2009,2000,2496,0.212,12.19,211.00,2.58
7.110,16689,0,28,2009,1999,2496,0.205,12.19,211.00,2.50
7.110,16690,0,28,2008,1998,2497,0.197,12.19,208.00,2.40
7.111,16691,0,28,2008,1998,2499,0.197,12.18,206.00,2.40
7.111,16692,0,28,2008,1997,2499,0.197,12.18,208.00,2.40
7.111,16693,0,28,2008,1999,2497,0.205,12.19,209.00,2.50
7.111,16694,0,28,2008,1999,2497,0.197,12.18,209.00,2.40
7.111,16695,0,28,2008,1998,2497,0.190,12.17,208.00,2.31
7.111,16696,0,28,2009,1998,2496,0.205,12.19,211.00,2.50
7.111,16697,0,28,2008,1999,2496,0.205,12.18,211.00,2.50
7.111,16698,0,28,2009,2000,2497,0.205,12.18,209.00,2.50
7.111,16699,0,28,2009,2000,2497,0.197,12.18,208.00,2.40
7.111,16700,0,28,2009,2001,2498,0.197,12.18,206.00,2.40
7.111,16701,0,28,2008,2000,2498,0.205,12.19,206.00,2.50
7.111,16702,0,28,2009,2000,2497,0.205,12.18,208.00,2.50
7.111,16703,0,28,2007,1999,2497,0.212,12.19,209.00,2.58
7.111,16704,0,28,2007,2000,2496,0.219,12.19,209.00,2.67
7.111,16705,0,28,2007,1999,2496,0.212,12.19,211.00,2.58
7.111,16706,0,28,2007,1999,2498,0.205,12.18,208.00,2.50
7.111,16707,0,28,2007,2000,2496,0.219,12.19,209.00,2.67
7.111,16708,0,28,2007,1998,2497,0.205,12.18,209.00,2.50
7.111,16709,0,28,2007,1998,2497,0.212,12.19,208.00,2.58
7.111,16710,0,28,2007,1998,2498,0.212,12.18,206.00,2.58
7.111,16711,0,28,2007,1998,2499,0.197,12.18,206.00,2.40
7.111,16712,0,28,2008,1999,2497,0.205,12.19,211.00,2.50
7.111,16713,0,28,2007,1999,2496,0.205,12.18,211.00,2.50
7.111,16714,0,28,2008,1998,2496,0.212,12.19,211.00,2.58
7.111,16715,0,28,2008,1998,2497,0.205,12.19,208.00,2.50
7.111,16716,0,28,2007,1998,2498,0.197,12.17,208.00,2.40
7.111,16717,0,28,2008,1999,2497,0.205,12.19,209.00,2.50
7.111,16718,0,28,2010,2002,2497,0.197,12.19,209.00,2.40
7.112,16719,0,28,2008,2000,2498,0.197,12.18,208.00,2.40
7.112,16720,0,28,2009,2000,2498,0.205,12.19,208.00,2.50
7.112,16721,0,28,2009,2000,2498,0.197,12.18,208.00,2.40
7.112,16722,0,28,2007,1998,2497,0.212,12.19,209.00,2.58
7.112,16723,0,28,2008,1999,2496,0.212,12.19,209.00,2.58
7.112,16724,0,28,2007,1998,2497,0.205,12.18,209.00,2.50
7.112,16725,0,28,2008,1999,2498,0.197,12.18,206.00,2.40
7.112,16726,0,28,2008,1999,2498,0.205,12.19,206.00,2.50
7.112,16727,0,28,2007,1998,2498,0.205,12.19,206.00,2.50
7.112,16728,0,28,2009,1999,2498,0.205,12.18,208.00,2.50
7.112,16729,0,28,2009,2000,2497,0.212,12.19,209.00,2.58
7.112,16730,0,28,2008,1999,2497,0.205,12.19,209.00,2.50
7.112,16731,0,28,2008,1998,2497,0.205,12.19,208.00,2.50
7.112,16732,0,28,2008,1999,2497,0.212,12.19,209.00,2.58
7.112,16733,0,28,2007,2000,2497,0.212,12.19,209.00,2.58
7.112,16734,0,28,2009,2000,2496,0.212,12.19,211.00,2.58
7.112,16735,0,28,2008,1999,2496,0.205,12.18,209.00,2.50
7.112,16736,0,28,2009,2000,2497,0.212,12.19,209.00,2.58
7.112,16737,0,28,2007,1997,2497,0.205,12.18,208.00,2.50
7.112,16738,0,28,2008,1999,2496,0.205,12.19,211.00,2.50
7.112,16739,0,28,2008,2000,2497,0.197,12.19,208.00,2.40
7.112,16740,0,28,2008,2000,2498,0.190,12.18,208.00,2.31
7.112,16741,0,28,2008,1999,2495,0.219,12.19,211.00,2.67
7.112,16742,0,28,2009,2000,2496,0.219,12.19,212.00,2.67
7.112,16743,0,28,2008,1999,2497,0.205,12.19,209.00,2.50
7.113,16744,0,29,2007,1999,2497,0.219,12.19,209.00,2.67
7.113,16745,0,29,2006,1998,2499,0.183,12.16,206.00,2.23
7.113,16746,0,29,2007,1999,2498,0.205,12.18,206.00,2.50
7.113,16747,0,29,2008,1999,2498,0.190,12.18,206.00,2.31
7.113,16748,0,29,2008,1999,2498,0.197,12.17,208.00,2.40
7.113,16749,0,29,2008,1999,2498,0.205,12.18,206.00,2.50
7.113,16750,0,29,2009,2000,2497,0.212,12.18,209.00,2.58
7.113,16751,0,29,2009,2000,2499,0.197,12.17,206.00,2.40
7.113,16752,0,29,2007,1998,2498,0.197,12.19,208.00,2.40
7.113,16753,0,29,2008,1999,2498,0.205,12.18,208.00,2.50
7.113,16754,0,29,2008,1999,2497,0.212,12.18,209.00,2.58
7.113,16755,0,29,2008,1999,2495,0.212,12.19,211.00,2.58
7.113,16756,0,29,2007,1997,2499,0.197,12.18,206.00,2.40
7.113,16757,0,29,2008,1998,2497,0.197,12.18,209.00,2.40
7.113,16758,0,29,2009,2000,2498,0.205,12.18,206.00,2.50
7.113,16759,0,29,2009,2001,2498,0.183,12.17,208.00,2.23
7.113,16760,0,29,2009,1999,2496,0.219,12.19,212.00,2.67
7.113,16761,0,29,2009,2000,2497,0.212,12.19,211.00,2.58
7.113,16762,0,29,2007,1999,2495,0.227,12.20,211.00,2.77
7.113,16763,0,29,2008,1999,2497,0.212,12.19,209.00,2.58
7.113,16764,0,29,2008,1999,2498,0.205,12.18,208.00,2.50
7.113,16765,0,29,2007,1998,2499,0.197,12.18,206.00,2.40
7.113,16766,0,29,2007,1998,2499,0.205,12.18,206.00,2.50
7.113,16767,0,29,2007,1998,2499,0.197,12.17,206.00,2.40
7.113,16768,0,29,2007,1998,2499,0.205,12.19,206.00,2.50
7.113,16769,0,29,2007,1999,2498,0.197,12.18,206.00,2.40
7.113,16770,0,29,2008,1999,2497,0.205,12.19,208.00,2.50
7.113,16771,0,29,2007,1999,2498,0.197,12.18,206.00,2.40
7.113,16772,0,29,2006,1998,2498,0.205,12.19,208.00,2.50
7.114,16773,0,29,2007,1999,2497,0.212,12.18,208.00,2.58
7.114,16774,0,29,2008,2000,2497,0.212,12.19,211.00,2.58
7.114,16775,0,29,2008,1998,2497,0.197,12.18,211.00,2.40
7.114,16776,0,29,2007,1998,2498,0.197,12.18,208.00,2.40
7.114,16777,0,29,2008,1999,2497,0.205,12.18,209.00,2.50
7.114,16778,0,29,2008,1999,2497,0.197,12.18,209.00,2.40
7.114,16779,0,29,2007,1998,2497,0.205,12.18,209.00,2.50
7.114,16780,0,29,2007,1999,2497,0.197,12.18,209.00,2.40
7.114,16781,0,29,2008,1998,2496,0.197,12.18,211.00,2.40
7.114,16782,0,29,2007,1998,2497,0.197,12.18,209.00,2.40
7.114,16783,0,29,2008,1999,2498,0.205,12.18,208.00,2.50
7.114,16784,0,29,2008,1999,2497,0.197,12.18,209.00,2.40
7.114,16785,0,29,2007,1997,2498,0.197,12.19,208.00,2.40
7.114,16786,0,29,2007,1998,2498,0.205,12.19,208.00,2.50
7.114,16787,0,29,2006,1997,2497,0.205,12.19,208.00,2.50
7.114,16788,0,29,2008,1999,2497,0.197,12.18,211.00,2.40
7.114,16789,0,29,2008,1999,2497,0.197,12.18,209.00,2.40
7.114,16790,0,29,2008,1999,2497,0.197,12.19,209.00,2.40
7.114,16881,0,31,2007,1998,2498,0.197,12.19,206.00,2.40
7.114,16882,0,31,2007,1997,2498,0.205,12.18,206.00,2.50
7.115,16883,0,31,2006,1998,2499,0.197,12.17,206.00,2.40
7.116,16884,0,31,2008,1999,2497,0.205,12.18,211.00,2.50
7.118,16885,0,31,2007,1998,2498,0.197,12.18,208.00,2.40
7.121,16886,0,31,2007,1998,2497,0.197,12.18,209.00,2.40
7.122,16887,0,31,2008,1998,2498,0.197,12.18,208.00,2.40
7.124,16888,0,31,2009,1999,2498,0.205,12.18,208.00,2.50
7.126,16889,0,31,2008,1998,2496,0.205,12.19,211.00,2.50
7.128,16890,0,31,2007,1998,2497,0.197,12.18,208.00,2.40
7.131,16891,0,31,2007,1998,2497,0.205,12.18,208.00,2.50
7.132,16892,0,31,2008,1998,2497,0.205,12.18,209.00,2.50
7.134,16893,0,31,2007,1998,2497,0.197,12.18,209.00,2.40
7.136,16894,0,31,2007,1998,2497,0.205,12.18,208.00,2.50
7.139,16895,0,31,2008,1998,2497,0.197,12.18,208.00,2.40
7.140,16896,0,31,2008,1997,2497,0.205,12.17,208.00,2.49
7.141,16897,0,31,2009,1999,2497,0.197,12.17,208.00,2.40
7.144,16898,0,31,2007,1998,2497,0.197,12.18,208.00,2.40
7.146,16899,0,31,2007,1997,2498,0.205,12.18,206.00,2.50
7.148,16900,0,31,2007,1998,2498,0.197,12.18,208.00,2.40
7.151,16901,0,31,2006,1998,2499,0.197,12.18,206.00,2.40
7.153,16902,0,31,2006,1997,2499,0.197,12.17,206.00,2.40
7.154,16903,0,31,2008,1999,2497,0.190,12.17,211.00,2.31
7.157,16904,0,31,2007,1998,2497,0.205,12.18,208.00,2.50
7.158,16905,0,31,2007,1998,2497,0.205,12.19,209.00,2.50
7.160,16906,0,31,2006,1998,2498,0.197,12.18,208.00,2.40
7.163,16907,0,31,2007,1999,2498,0.205,12.17,206.00,2.49
7.164,16908,0,31,2007,1998,2496,0.190,12.18,211.00,2.31
7.166,16909,0,31,2006,1997,2499,0.197,12.17,205.00,2.40
7.169,16910,0,31,2006,1997,2499,0.197,12.18,205.00,2.40
7.170,16911,0,31,2006,1997,2498,0.205,12.19,208.00,2.50
7.172,16912,0,31,2007,1998,2497,0.197,12.18,208.00,2.40
7.174,16913,0,31,2007,1997,2498,0.197,12.17,206.00,2.40
7.176,16914,0,31,2006,1998,2497,0.197,12.18,208.00,2.40
7.178,16915,0,31,2006,1997,2496,0.205,12.19,209.00,2.50
7.180,16916,0,31,2007,1998,2498,0.197,12.17,208.00,2.40
7.182,16917,0,31,2008,1999,2498,0.205,12.18,206.00,2.50
7.185,16918,0,31,2009,2000,2498,0.205,12.17,206.00,2.49
7.186,16919,0,31,2009,2000,2498,0.190,12.16,208.00,2.31
7.189,16920,0,31,2008,2000,2499,0.197,12.17,206.00,2.40
7.190,16921,0,31,2009,2000,2498,0.212,12.19,208.00,2.58
7.192,16922,0,31,2008,1999,2497,0.205,12.19,208.00,2.50
7.195,16923,0,31,2008,1998,2498,0.205,12.18,208.00,2.50
7.196,16924,0,32,2008,1999,2497,0.205,12.19,209.00,2.50
7.198,16925,0,32,2008,1999,2499,0.205,12.18,206.00,2.50
7.201,16926,0,32,2008,1998,2498,0.212,12.17,208.00,2.58
7.203,16927,0,32,2008,1997,2500,0.205,12.18,206.00,2.50
7.204,16928,0,32,2006,1997,2500,0.205,12.18,205.00,2.50
7.205,16929,0,32,2009,1998,2498,0.205,12.19,208.00,2.50
7.835,16930,0,32,2007,1998,2498,0.197,12.18,208.00,2.40
7.835,16931,0,32,2008,1999,2498,0.205,12.19,208.00,2.50
7.835,16932,0,32,2008,1999,2497,0.212,12.19,208.00,2.58
7.835,16933,0,32,2008,1999,2498,0.205,12.19,208.00,2.50
7.835,16934,0,32,2007,1998,2498,0.205,12.19,208.00,2.50
7.835,16935,0,32,2007,1998,2498,0.212,12.18,208.00,2.58
7.835,16936,0,32,2007,1998,2499,0.205,12.18,205.00,2.50
7.835,16937,0,32,2008,1999,2498,0.205,12.18,208.00,2.50
7.835,16938,0,32,2007,1998,2499,0.190,12.17,205.00,2.31
7.835,16939,0,32,2006,1998,2500,0.197,12.17,205.00,2.40
7.835,16940,0,32,2008,1999,2498,0.197,12.18,208.00,2.40
7.835,16941,0,32,2007,1998,2500,0.197,12.17,206.00,2.40
7.835,16942,0,32,2007,1998,2499,0.190,12.18,206.00,2.31
7.835,16943,0,32,2008,2000,2498,0.205,12.19,208.00,2.50
7.835,16944,0,32,2006,1998,2499,0.212,12.18,206.00,2.58
7.835,16945,0,32,2008,2001,2497,0.212,12.19,209.00,2.58
7.835,16946,0,32,2007,1997,2499,0.197,12.18,206.00,2.40
7.835,16947,0,32,2005,1997,2499,0.197,12.17,205.00,2.40
7.835,16948,0,32,2006,1998,2497,0.197,12.18,209.00,2.40
7.836,16949,0,32,2007,1998,2497,0.205,12.18,209.00,2.50
7.836,16950,0,32,2007,1998,2498,0.205,12.19,208.00,2.50
7.836,16951,0,32,2008,1999,2497,0.219,12.19,211.00,2.67
7.836,16952,0,32,2008,1999,2497,0.205,12.19,208.00,2.50
7.836,16953,0,32,2007,1999,2496,0.212,12.20,209.00,2.59
7.836,16954,0,32,2008,1998,2500,0.190,12.17,205.00,2.31
7.836,16955,0,32,2007,1998,2499,0.190,12.17,205.00,2.31
7.836,16956,0,32,2008,1999,2499,0.197,12.19,208.00,2.40
7.836,16957,0,32,2007,1998,2499,0.205,12.18,206.00,2.50
7.836,16958,0,32,2008,1998,2499,0.197,12.18,206.00,2.40
7.836,16959,0,32,2009,1999,2499,0.205,12.19,206.00,2.50
7.836,16960,0,32,2008,1999,2499,0.197,12.18,206.00,2.40
7.836,16961,0,32,2009,1999,2498,0.205,12.19,208.00,2.50
7.836,16962,0,32,2008,1997,2498,0.197,12.18,208.00,2.40
7.836,16963,0,32,2008,1998,2497,0.205,12.18,208.00,2.50
7.836,16964,0,32,2009,1999,2497,0.205,12.19,209.00,2.50
7.836,16965,0,32,2008,1998,2499,0.197,12.17,205.00,2.40
7.836,16966,0,32,2007,1996,2499,0.197,12.18,205.00,2.40
7.836,16967,0,32,2007,1997,2498,0.212,12.19,208.00,2.58
7.836,16968,0,32,2007,1998,2498,0.197,12.18,208.00,2.40
7.836,16969,0,32,2007,1998,2497,0.197,12.18,209.00,2.40
7.836,16970,0,32,2007,1998,2497,0.190,12.17,209.00,2.31
7.836,16971,0,32,2007,1998,2498,0.190,12.18,208.00,2.31
7.836,16972,0,32,2009,1999,2496,0.205,12.19,211.00,2.50
7.836,16973,0,32,2007,1997,2497,0.197,12.18,209.00,2.40
7.837,16974,0,32,2008,1999,2498,0.183,12.16,206.00,2.23
7.837,16975,0,32,2009,2000,2498,0.190,12.17,208.00,2.31
7.837,16976,0,32,2007,1999,2499,0.197,12.18,206.00,2.40
7.837,16977,0,32,2009,2000,2498,0.205,12.19,208.00,2.50
7.837,16978,0,32,2009,1999,2499,0.183,12.17,206.00,2.23
7.837,16979,0,32,2007,1999,2497,0.212,12.19,209.00,2.58
7.837,16980,0,32,2007,1999,2497,0.205,12.19,211.00,2.50
7.837,16981,0,32,2007,1999,2496,0.212,12.19,211.00,2.58
7.837,16982,0,32,2007,1998,2499,0.190,12.18,206.00,2.31
7.837,16983,0,32,2007,1998,2497,0.212,12.19,211.00,2.58
7.837,16984,0,33,2007,1998,2498,0.197,12.18,209.00,2.40
7.837,16985,0,33,2006,1997,2499,0.197,12.18,206.00,2.40
7.837,16986,0,33,2006,1997,2499,0.197,12.17,206.00,2.40
7.837,16987,0,33,2007,1997,2498,0.197,12.17,209.00,2.40
7.837,16988,0,33,2007,1999,2497,0.197,12.18,209.00,2.40
7.837,16989,0,33,2006,1997,2498,0.190,12.18,209.00,2.31
7.837,16990,0,33,2007,1998,2498,0.197,12.18,208.00,2.40
7.837,16991,0,33,2007,1998,2497,0.205,12.19,209.00,2.50
7.837,16992,0,33,2007,1998,2497,0.197,12.18,209.00,2.40
7.837,16993,0,33,2008,2000,2498,0.205,12.18,208.00,2.50
7.837,16994,0,33,2009,2000,2498,0.197,12.17,208.00,2.40
7.837,16995,0,33,2007,2000,2498,0.197,12.17,206.00,2.40
7.837,16996,0,33,2009,2000,2498,0.190,12.17,208.00,2.31
7.838,16997,0,33,2009,1999,2497,0.197,12.17,209.00,2.40
7.838,16998,0,33,2008,1999,2497,0.205,12.18,209.00,2.50
7.838,16999,0,33,2008,1999,2497,0.219,12.19,211.00,2.67
7.838,17000,0,33,2008,1999,2497,0.205,12.19,209.00,2.50
7.838,17001,0,33,2008,1999,2498,0.205,12.17,208.00,2.49
7.838,17002,0,33,2008,1999,2497,0.205,12.18,211.00,2.50
7.838,17003,0,33,2007,1998,2498,0.190,12.17,209.00,2.31
7.838,17004,0,33,2008,1998,2498,0.205,12.18,206.00,2.50
7.838,17005,0,33,2007,1997,2499,0.197,12.17,208.00,2.40
7.838,17006,0,33,2007,1997,2499,0.205,12.18,206.00,2.50
7.838,17007,0,33,2008,1999,2497,0.205,12.19,209.00,2.50
7.838,17008,0,33,2007,1998,2498,0.197,12.18,209.00,2.40
7.838,17009,0,33,2007,1998,2498,0.205,12.19,209.00,2.50
7.838,17010,0,33,2007,1998,2499,0.190,12.18,209.00,2.31
7.838,17011,0,33,2007,1998,2498,0.197,12.18,208.00,2.40
7.838,17012,0,33,2008,2000,2498,0.197,12.18,208.00,2.40
7.838,17013,0,33,2008,1999,2498,0.197,12.18,208.00,2.40
7.838,17014,0,33,2008,2000,2498,0.190,12.18,206.00,2.31
7.838,17015,0,33,2009,2000,2498,0.205,12.19,208.00,2.50
7.838,17016,0,33,2010,2001,2498,0.197,12.18,208.00,2.40
7.839,17017,0,33,2008,1999,2497,0.212,12.19,211.00,2.58
7.839,17018,0,33,2007,2000,2497,0.212,12.19,209.00,2.58
7.839,17019,0,33,2008,1999,2498,0.205,12.19,209.00,2.50
7.839,17020,0,33,2007,1999,2499,0.190,12.17,205.00,2.31
7.839,17021,0,33,2008,1999,2497,0.197,12.19,209.00,2.40
7.839,17022,0,33,2007,1998,2498,0.197,12.19,208.00,2.40
7.839,17023,0,33,2008,1998,2498,0.205,12.19,206.00,2.50
7.839,17024,0,33,2007,1998,2498,0.205,12.18,209.00,2.50
7.839,17025,0,33,2008,2000,2498,0.205,12.19,208.00,2.50
7.839,17026,0,33,2007,1999,2498,0.212,12.19,208.00,2.58
7.839,17027,0,33,2008,2000,2497,0.212,12.19,211.00,2.58
7.839,17028,0,33,2008,2000,2497,0.212,12.19,209.00,2.58
7.839,17029,0,33,2008,1999,2497,0.205,12.19,209.00,2.50
7.839,17030,0,33,2008,1999,2499,0.197,12.19,206.00,2.40
7.839,17031,0,33,2009,1999,2498,0.205,12.18,208.00,2.50
7.839,17032,0,33,2008,1999,2498,0.197,12.17,206.00,2.40
7.839,17033,0,33,2008,1999,2499,0.212,12.18,206.00,2.58
7.839,17034,0,33,2007,1999,2499,0.190,12.17,206.00,2.31
7.840,17035,0,33,2008,2000,2498,0.197,12.18,208.00,2.40
7.840,17036,0,33,2008,1999,2498,0.197,12.18,208.00,2.40
7.840,17037,0,33,2008,2000,2497,0.197,12.19,209.00,2.40
7.840,17038,0,33,2007,1998,2498,0.212,12.18,208.00,2.58
7.840,17039,0,33,2008,1999,2498,0.212,12.19,208.00,2.58
7.840,17040,0,33,2008,1999,2498,0.212,12.19,208.00,2.58
7.840,17041,0,33,2006,1997,2499,0.205,12.19,206.00,2.50
7.840,17042,0,33,2008,1998,2498,0.205,12.19,208.00,2.50
7.840,17043,0,33,2007,1999,2499,0.197,12.18,208.00,2.40
7.840,17044,0,34,2010,2001,2497,0.197,12.19,209.00,2.40
7.840,17045,0,34,2007,1999,2497,0.212,12.19,211.00,2.58
7.840,17046,0,34,2007,1999,2497,0.205,12.19,209.00,2.50
7.840,17047,0,34,2008,1999,2496,0.219,12.20,209.00,2.67
7.840,17048,0,34,2007,1999,2496,0.205,12.19,211.00,2.50
7.840,17049,0,34,2008,1999,2499,0.205,12.18,206.00,2.50
7.840,17050,0,34,2007,1999,2497,0.205,12.18,209.00,2.50
7.840,17051,0,34,2007,1997,2498,0.197,12.17,208.00,2.40
7.841,17052,0,34,2007,1999,2498,0.197,12.18,209.00,2.40
7.841,17053,0,34,2008,1999,2497,0.197,12.18,209.00,2.40
7.841,17054,0,34,2007,1999,2498,0.190,12.17,208.00,2.31
7.841,17055,0,34,2007,2000,2497,0.212,12.19,211.00,2.58
7.841,17056,0,34,2007,1998,2497,0.205,12.19,211.00,2.50
7.841,17057,0,34,2007,1999,2497,0.219,12.19,209.00,2.67
7.841,17058,0,34,2007,1999,2498,0.190,12.18,208.00,2.31
7.841,17059,0,34,2007,2000,2497,0.212,12.19,209.00,2.58
7.841,17060,0,34,2007,1998,2498,0.197,12.18,208.00,2.40
7.841,17061,0,34,2007,1998,2499,0.205,12.18,206.00,2.50
7.841,17062,0,34,2007,1998,2496,0.197,12.18,211.00,2.40
7.841,17063,0,34,2009,2000,2498,0.212,12.19,206.00,2.58
7.841,17064,0,34,2008,1999,2496,0.212,12.19,211.00,2.58
7.841,17065,0,34,2008,1999,2497,0.219,12.19,209.00,2.67
7.841,17066,0,34,2009,1999,2496,0.205,12.19,211.00,2.50
7.841,17067,0,34,2008,2000,2497,0.205,12.18,209.00,2.50
7.842,17068,0,34,2008,1999,2498,0.205,12.18,208.00,2.50
7.842,17069,0,34,2008,1999,2496,0.219,12.19,211.00,2.67
7.842,17070,0,34,2009,2000,2498,0.197,12.19,208.00,2.40
7.842,17071,0,34,2008,2000,2498,0.205,12.19,208.00,2.50
7.842,17072,0,34,2010,2000,2497,0.205,12.18,209.00,2.50
7.842,17073,0,34,2009,2000,2498,0.197,12.17,208.00,2.40
7.842,17074,0,34,2008,1999,2497,0.212,12.19,211.00,2.58
7.842,17075,0,34,2008,2000,2497,0.205,12.19,209.00,2.50
7.842,17076,0,34,2009,1999,2497,0.212,12.19,211.00,2.58
7.842,17077,0,34,2009,2001,2497,0.219,12.19,211.00,2.67
7.842,17078,0,34,2008,2000,2498,0.197,12.18,209.00,2.40
7.842,17079,0,34,2008,2000,2497,0.205,12.19,209.00,2.50
7.842,17080,0,34,2009,2000,2498,0.205,12.18,208.00,2.50
7.842,17081,0,34,2008,2000,2498,0.190,12.17,208.00,2.31
7.842,17082,0,34,2008,1999,2497,0.190,12.18,208.00,2.31
7.842,17083,0,34,2008,2001,2498,0.205,12.18,208.00,2.50
7.842,17084,0,34,2008,2000,2495,0.212,12.19,211.00,2.58
7.843,17085,0,34,2007,1998,2497,0.205,12.18,209.00,2.50
7.843,17086,0,34,2007,1999,2497,0.205,12.19,211.00,2.50
7.843,17087,0,34,2008,2000,2498,0.197,12.18,208.00,2.40
7.843,17088,0,34,2007,1999,2497,0.212,12.19,209.00,2.58
7.843,17089,0,34,2007,1999,2497,0.197,12.18,208.00,2.40
7.843,17090,0,34,2007,1999,2497,0.205,12.19,211.00,2.50
7.843,17091,0,34,2007,1999,2497,0.197,12.18,209.00,2.40
7.843,17092,0,34,2007,1998,2498,0.205,12.18,208.00,2.50
7.843,17093,0,34,2007,1999,2498,0.205,12.18,209.00,2.50
7.843,17094,0,34,2007,1999,2498,0.197,12.18,209.00,2.40
7.843,17095,0,34,2008,1999,2497,0.197,12.17,209.00,2.40
7.843,17096,0,34,2007,1998,2497,0.205,12.18,211.00,2.50
7.843,17097,0,34,2010,2001,2498,0.205,12.18,206.00,2.50
7.843,17098,0,34,2007,1999,2498,0.197,12.18,209.00,2.40
7.843,17099,0,34,2007,1998,2498,0.205,12.19,209.00,2.50
7.844,17100,0,34,2008,1998,2498,0.205,12.18,208.00,2.50
7.844,17101,0,34,2007,1998,2499,0.197,12.18,206.00,2.40
7.844,17102,0,34,2007,1999,2498,0.190,12.18,209.00,2.31
7.844,17103,0,34,2009,2000,2497,0.205,12.18,209.00,2.50
7.844,17104,0,35,2008,1999,2497,0.197,12.18,209.00,2.40
7.844,17105,0,35,2009,1999,2497,0.190,12.17,209.00,2.31
7.844,17106,0,35,2007,1998,2497,0.197,12.18,209.00,2.40
7.844,17107,0,35,2010,2000,2497,0.197,12.19,209.00,2.40
7.844,17108,0,35,2008,1999,2497,0.197,12.18,208.00,2.40
7.844,17109,0,35,2008,1999,2497,0.197,12.18,211.00,2.40
7.844,17110,0,35,2008,1998,2498,0.197,12.18,209.00,2.40
7.844,17111,0,35,2008,1999,2497,0.205,12.19,208.00,2.50
7.844,17112,0,35,2008,1999,2497,0.197,12.18,209.00,2.40
7.844,17113,0,35,2008,1999,2496,0.205,12.18,209.00,2.50
7.844,17114,0,35,2008,1999,2497,0.197,12.19,211.00,2.40
7.844,17115,0,35,2009,1999,2496,0.212,12.19,211.00,2.58
7.845,17116,0,35,2007,1999,2497,0.197,12.18,208.00,2.40
7.845,17117,0,35,2008,2000,2498,0.197,12.18,208.00,2.40
7.845,17118,0,35,2009,2000,2498,0.197,12.18,208.00,2.40
7.845,17119,0,35,2010,2001,2498,0.212,12.19,208.00,2.58
7.845,17120,0,35,2008,2000,2497,0.197,12.18,209.00,2.40
7.845,17121,0,35,2008,2001,2497,0.205,12.18,206.00,2.50
7.845,17122,0,35,2008,1999,2496,0.212,12.19,211.00,2.58
7.845,17123,0,35,2007,1999,2498,0.205,12.19,208.00,2.50
7.845,17124,0,35,2007,1999,2498,0.205,12.19,208.00,2.50
7.845,17125,0,35,2007,1999,2499,0.197,12.18,205.00,2.40
7.845,17126,0,35,2007,1999,2499,0.205,12.19,206.00,2.50
7.845,17127,0,35,2007,1997,2499,0.197,12.18,205.00,2.40
7.845,17128,0,35,2008,1998,2497,0.197,12.18,208.00,2.40
7.845,17129,0,35,2007,1999,2499,0.197,12.19,206.00,2.40
7.845,17130,0,35,2009,2001,2498,0.197,12.18,208.00,2.40
7.846,17131,0,35,2007,1999,2497,0.205,12.19,209.00,2.50
7.846,17132,0,35,2008,1999,2497,0.212,12.19,208.00,2.58
7.846,17133,0,35,2008,1999,2497,0.205,12.19,209.00,2.50
7.846,17245,0,37,2008,1999,2496,0.212,12.19,211.00,2.58
7.846,17246,0,37,2008,1999,2497,0.212,12.19,211.00,2.58
7.846,17247,0,37,2008,2001,2496,0.212,12.19,209.00,2.58
7.846,17248,0,37,2008,1999,2496,0.212,12.19,209.00,2.58
7.846,17249,0,37,2008,2000,2498,0.197,12.17,208.00,2.40
7.849,17250,0,37,2009,2000,2498,0.205,12.18,206.00,2.50
7.851,17251,0,37,2007,1998,2499,0.205,12.18,206.00,2.50
7.852,17252,0,37,2007,1998,2500,0.197,12.18,206.00,2.40
7.855,17253,0,37,2007,1999,2498,0.205,12.18,206.00,2.50
7.857,17254,0,37,2007,1999,2499,0.205,12.18,206.00,2.50
7.858,17255,0,37,2006,1998,2499,0.197,12.18,205.00,2.40
7.861,17256,0,37,2007,1999,2498,0.205,12.19,208.00,2.50
7.863,17257,0,37,2008,1999,2498,0.212,12.19,209.00,2.58
7.864,17258,0,37,2007,1999,2497,0.212,12.19,209.00,2.58
7.867,17259,0,37,2008,2000,2497,0.212,12.19,209.00,2.58
7.868,17260,0,37,2007,1998,2498,0.205,12.19,208.00,2.50
7.871,17261,0,37,2007,1998,2498,0.205,12.18,208.00,2.50
7.872,17262,0,37,2007,1998,2497,0.197,12.18,208.00,2.40
7.876,17263,0,37,2008,2000,2497,0.212,12.19,209.00,2.58
7.876,17264,0,37,2008,1999,2496,0.205,12.19,209.00,2.50
7.878,17265,0,37,2008,1999,2496,0.219,12.19,211.00,2.67
7.880,17266,0,37,2007,1999,2496,0.212,12.19,211.00,2.58
7.882,17267,0,37,2008,2000,2496,0.219,12.19,211.00,2.67
7.884,17268,0,37,2008,2001,2497,0.205,12.19,209.00,2.50
7.886,17269,0,37,2008,1999,2497,0.212,12.19,209.00,2.58
7.889,17270,0,37,2009,2000,2498,0.205,12.19,208.00,2.50
7.891,17271,0,37,2008,2000,2499,0.197,12.17,205.00,2.40
7.892,17272,0,37,2009,1999,2498,0.212,12.18,206.00,2.58
7.893,17273,0,37,2008,1999,2499,0.190,12.16,205.00,2.31
7.896,17274,0,37,2008,1999,2496,0.212,12.19,211.00,2.58
7.898,17275,0,37,2007,1999,2497,0.219,12.19,211.00,2.67
7.900,17276,0,37,2008,2000,2497,0.212,12.19,211.00,2.58
7.902,17277,0,37,2008,1999,2499,0.197,12.18,208.00,2.40
7.905,17278,0,37,2008,2000,2496,0.212,12.19,211.00,2.58
7.906,17279,0,37,2007,1997,2497,0.197,12.17,208.00,2.40
7.908,17280,0,37,2007,1998,2498,0.205,12.19,208.00,2.50
7.909,17281,0,37,2008,1999,2498,0.197,12.19,208.00,2.40
7.912,17282,0,37,2007,1998,2498,0.212,12.19,206.00,2.58
7.914,17283,0,37,2008,1998,2497,0.205,12.18,209.00,2.50
7.915,17284,0,38,2007,1998,2497,0.197,12.18,209.00,2.40
7.918,17285,0,38,2008,1998,2497,0.197,12.18,209.00,2.40
7.920,17286,0,38,2007,1999,2497,0.205,12.19,209.00,2.50
7.922,17287,0,38,2006,1997,2497,0.197,12.18,208.00,2.40
7.924,17288,0,38,2008,2000,2497,0.212,12.19,208.00,2.58
7.926,17289,0,38,2010,2000,2497,0.197,12.19,208.00,2.40
7.929,17290,0,38,2008,1999,2498,0.197,12.17,208.00,2.40
7.930,17291,0,38,2008,2000,2498,0.205,12.19,206.00,2.50
7.932,17292,0,38,2008,2001,2497,0.205,12.18,208.00,2.50
7.934,17293,0,38,2007,2000,2496,0.219,12.19,211.00,2.67
8.367,17294,0,38,2008,1999,2496,0.219,12.19,209.00,2.67
8.367,17295,0,38,2007,1999,2497,0.197,12.17,208.00,2.40
8.367,17296,0,38,2008,2000,2498,0.197,12.18,208.00,2.40
8.367,17297,0,38,2007,1999,2496,0.219,12.20,211.00,2.67
8.367,17298,0,38,2007,1999,2496,0.197,12.18,211.00,2.40
8.367,17299,0,38,2006,1997,2499,0.197,12.18,206.00,2.40
8.367,17300,0,38,2006,1997,2498,0.205,12.18,206.00,2.50
8.367,17301,0,38,2006,1998,2499,0.197,12.17,206.00,2.40
8.367,17302,0,38,2007,1997,2498,0.197,12.18,208.00,2.40
8.367,17303,0,38,2007,1998,2497,0.190,12.18,209.00,2.31
8.367,17304,0,38,2007,1998,2497,0.205,12.19,209.00,2.50
8.367,17305,0,38,2006,1997,2497,0.190,12.18,208.00,2.31
8.367,17306,0,38,2008,1999,2497,0.205,12.18,209.00,2.50
8.367,17307,0,38,2009,2000,2498,0.205,12.19,208.00,2.50
8.368,17308,0,38,2008,2000,2499,0.197,12.18,206.00,2.40
8.368,17309,0,38,2009,2000,2498,0.205,12.18,206.00,2.50
8.368,17310,0,38,2009,2001,2498,0.197,12.19,208.00,2.40
8.368,17311,0,38,2009,2000,2499,0.190,12.16,206.00,2.31
8.368,17312,0,38,2007,1998,2497,0.205,12.18,208.00,2.50
8.368,17313,0,38,2007,1999,2497,0.212,12.19,209.00,2.58
8.368,17314,0,38,2008,1999,2496,0.205,12.19,211.00,2.50
8.368,17315,0,38,2006,1999,2498,0.197,12.18,206.00,2.40
8.368,17316,0,38,2008,1999,2497,0.212,12.18,209.00,2.58
8.368,17317,0,38,2007,1998,2499,0.205,12.18,206.00,2.50
8.368,17318,0,38,2008,1998,2500,0.205,12.18,208.00,2.50
8.368,17319,0,38,2008,1999,2497,0.197,12.17,209.00,2.40
8.368,17320,0,38,2008,1999,2496,0.212,12.19,212.00,2.58
8.368,17321,0,38,2008,1999,2496,0.219,12.19,211.00,2.67
8.368,17322,0,38,2008,1999,2497,0.212,12.19,209.00,2.58
8.368,17323,0,38,2007,1999,2497,0.205,12.19,208.00,2.50
8.368,17324,0,38,2008,1999,2496,0.205,12.19,211.00,2.50
8.368,17325,0,38,2008,1999,2498,0.205,12.19,206.00,2.50
8.368,17326,0,38,2008,1999,2498,0.197,12.18,206.00,2.40
8.368,17327,0,38,2007,2000,2499,0.197,12.18,206.00,2.40
8.368,17328,0,38,2008,1999,2498,0.205,12.18,208.00,2.50
8.368,17329,0,38,2008,1999,2498,0.197,12.18,208.00,2.40
8.368,17330,0,38,2008,1999,2498,0.197,12.18,208.00,2.40
8.368,17331,0,38,2006,1998,2500,0.197,12.17,206.00,2.40
8.369,17332,0,38,2008,1999,2497,0.205,12.19,208.00,2.50
8.369,17333,0,38,2008,1999,2498,0.212,12.18,209.00,2.58
8.369,17334,0,38,2008,1999,2499,0.212,12.18,208.00,2.58
8.369,17335,0,38,2008,2000,2497,0.212,12.19,209.00,2.58
8.369,17336,0,38,2006,1998,2499,0.205,12.18,206.00,2.50
8.369,17337,0,38,2007,1998,2498,0.212,12.19,208.00,2.58
8.369,17338,0,38,2007,1999,2497,0.197,12.18,209.00,2.40
8.369,17339,0,38,2008,1999,2498,0.197,12.18,206.00,2.40
8.369,17340,0,38,2008,1999,2497,0.205,12.19,209.00,2.50
8.369,17341,0,38,2007,1998,2497,0.197,12.18,209.00,2.40
8.369,17342,0,38,2008,1999,2497,0.205,12.19,209.00,2.50
8.369,17343,0,38,2008,1999,2497,0.219,12.19,209.00,2.67
8.369,17344,0,39,2007,1998,2500,0.197,12.18,205.00,2.40
8.369,17345,0,39,2007,1999,2498,0.212,12.18,206.00,2.58
8.369,17346,0,39,2008,1999,2498,0.197,12.17,206.00,2.40
8.369,17347,0,39,2008,1998,2498,0.205,12.18,208.00,2.50
8.369,17348,0,39,2008,1998,2498,0.197,12.18,208.00,2.40
8.369,17349,0,39,2007,1998,2499,0.197,12.18,206.00,2.40
8.369,17350,0,39,2008,1999,2498,0.205,12.18,208.00,2.50
8.369,17351,0,39,2008,1999,2498,0.205,12.19,208.00,2.50
8.369,17352,0,39,2008,1999,2497,0.212,12.18,209.00,2.58
8.369,17353,0,39,2007,1998,2497,0.197,12.19,209.00,2.40
8.369,17354,0,39,2007,1999,2497,0.212,12.19,209.00,2.58
8.369,17355,0,39,2006,1997,2499,0.205,12.18,206.00,2.50
8.369,17356,0,39,2006,1997,2499,0.205,12.18,206.00,2.50
8.369,17357,0,39,2008,1999,2497,0.205,12.18,209.00,2.50
8.369,17358,0,39,2009,2000,2497,0.205,12.19,209.00,2.50
8.369,17359,0,39,2008,2000,2497,0.212,12.19,211.00,2.58
8.369,17360,0,39,2007,1998,2497,0.212,12.19,208.00,2.58
8.369,17361,0,39,2008,1999,2496,0.205,12.19,211.00,2.50
8.369,17362,0,39,2007,1999,2497,0.212,12.19,209.00,2.58
8.370,17363,0,39,2007,1999,2498,0.197,12.18,208.00,2.40
8.370,17364,0,39,2008,1999,2498,0.197,12.17,208.00,2.40
8.370,17365,0,39,2008,1999,2498,0.197,12.17,208.00,2.40
8.370,17366,0,39,2007,1998,2499,0.197,12.17,206.00,2.40
8.370,17367,0,39,2008,2000,2499,0.205,12.18,208.00,2.50
8.370,17368,0,39,2007,1999,2499,0.205,12.17,206.00,2.49
8.370,17369,0,39,2008,1999,2498,0.205,12.19,208.00,2.50
8.370,17370,0,39,2007,1999,2499,0.197,12.18,206.00,2.40
8.370,17371,0,39,2007,1999,2496,0.205,12.19,211.00,2.50
8.370,17372,0,39,2007,1998,2498,0.190,12.17,208.00,2.31
8.370,17373,0,39,2008,1999,2497,0.205,12.19,209.00,2.50
8.370,17374,0,39,2007,1998,2497,0.205,12.18,209.00,2.50
8.370,17375,0,39,2008,1998,2499,0.212,12.19,206.00,2.58
8.370,17376,0,39,2007,1998,2499,0.197,12.17,208.00,2.40
8.370,17377,0,39,2008,1998,2499,0.205,12.17,208.00,2.49
8.370,17378,0,39,2007,1999,2496,0.205,12.18,211.00,2.50
8.370,17379,0,39,2007,1998,2498,0.205,12.18,209.00,2.50
8.370,17380,0,39,2008,1999,2496,0.205,12.19,211.00,2.50
8.370,17381,0,39,2007,1998,2498,0.205,12.18,209.00,2.50
8.370,17382,0,39,2007,1998,2497,0.197,12.18,209.00,2.40
8.370,17383,0,39,2009,2000,2498,0.190,12.17,206.00,2.31
8.370,17384,0,39,2009,2000,2498,0.190,12.17,208.00,2.31
8.370,17385,0,39,2010,2002,2498,0.205,12.18,209.00,2.50
8.370,17386,0,39,2009,2000,2499,0.197,12.18,208.00,2.40
8.370,17387,0,39,2009,1999,2498,0.197,12.18,206.00,2.40
8.370,17388,0,39,2009,2000,2495,0.212,12.20,211.00,2.59
8.370,17389,0,39,2007,1998,2496,0.205,12.19,211.00,2.50
8.370,17390,0,39,2007,1999,2497,0.205,12.19,209.00,2.50
8.370,17391,0,39,2008,1999,2498,0.190,12.17,206.00,2.31
8.370,17392,0,39,2007,1999,2497,0.205,12.19,209.00,2.50
8.370,17393,0,39,2008,1999,2498,0.197,12.18,208.00,2.40
8.371,17394,0,39,2007,1997,2499,0.197,12.18,206.00,2.40
8.371,17395,0,39,2006,1997,2499,0.197,12.18,206.00,2.40
8.371,17396,0,39,2007,1998,2497,0.205,12.18,208.00,2.50
8.371,17397,0,39,2007,1998,2498,0.190,12.17,208.00,2.31
8.371,17398,0,39,2007,1998,2497,0.205,12.18,209.00,2.50
8.371,17399,0,39,2009,1999,2497,0.205,12.18,209.00,2.50
8.371,17400,0,39,2007,1998,2498,0.197,12.18,208.00,2.40
8.371,17401,0,39,2008,1999,2497,0.205,12.19,211.00,2.50
8.371,17402,0,39,2009,2000,2499,0.197,12.18,208.00,2.40
8.371,17403,0,39,2009,2001,2498,0.197,12.18,206.00,2.40
8.371,17404,0,40,2008,2000,2498,0.197,12.18,208.00,2.40
8.371,17405,0,40,2009,2000,2497,0.197,12.19,208.00,2.40
8.371,17406,0,40,2008,2000,2498,0.197,12.18,208.00,2.40
8.371,17407,0,40,2009,1999,2497,0.219,12.19,211.00,2.67
8.371,17408,0,40,2008,1999,2497,0.205,12.19,209.00,2.50
8.371,17409,0,40,2008,2000,2497,0.212,12.19,209.00,2.58
8.371,17410,0,40,2007,1999,2499,0.197,12.18,206.00,2.40
8.371,17411,0,40,2007,1999,2497,0.212,12.19,209.00,2.58
8.371,17412,0,40,2008,1998,2497,0.205,12.19,211.00,2.50
8.371,17413,0,40,2006,1997,2498,0.197,12.17,208.00,2.40
8.371,17414,0,40,2007,1997,2498,0.197,12.18,208.00,2.40
8.371,17415,0,40,2008,1999,2499,0.212,12.19,206.00,2.58
8.371,17416,0,40,2007,1998,2498,0.205,12.18,208.00,2.50
8.371,17417,0,40,2008,1999,2497,0.190,12.17,208.00,2.31
8.371,17418,0,40,2007,1997,2498,0.197,12.18,208.00,2.40
8.371,17419,0,40,2007,1998,2498,0.197,12.17,208.00,2.40
8.371,17420,0,40,2007,1998,2498,0.197,12.18,208.00,2.40
8.371,17421,0,40,2007,1998,2498,0.205,12.18,209.00,2.50
8.371,17422,0,40,2008,2000,2498,0.190,12.17,206.00,2.31
8.371,17423,0,40,2008,2000,2498,0.197,12.19,206.00,2.40
8.371,17424,0,40,2008,2000,2498,0.197,12.18,208.00,2.40
8.372,17425,0,40,2009,1999,2499,0.205,12.19,208.00,2.50
8.372,17426,0,40,2008,1998,2497,0.212,12.19,209.00,2.58
8.372,17427,0,40,2007,1998,2497,0.212,12.19,211.00,2.58
8.372,17428,0,40,2007,1999,2496,0.205,12.19,209.00,2.50
8.372,17429,0,40,2007,1999,2497,0.205,12.19,209.00,2.50
8.372,17430,0,40,2007,1998,2499,0.205,12.18,206.00,2.50
8.372,17431,0,40,2007,1998,2498,0.205,12.19,208.00,2.50
8.372,17432,0,40,2007,1999,2499,0.197,12.18,206.00,2.40
8.372,17433,0,40,2007,1999,2498,0.197,12.16,208.00,2.40
8.372,17434,0,40,2007,1998,2498,0.197,12.18,206.00,2.40
8.372,17435,0,40,2007,1999,2499,0.197,12.17,206.00,2.40
8.372,17436,0,40,2008,1999,2498,0.197,12.19,208.00,2.40
8.372,17437,0,40,2007,1998,2498,0.205,12.18,208.00,2.50
8.372,17438,0,40,2007,1999,2496,0.212,12.18,209.00,2.58
8.372,17439,0,40,2009,2000,2498,0.219,12.19,208.00,2.67
8.372,17440,0,40,2007,1998,2498,0.212,12.18,208.00,2.58
8.372,17441,0,40,2007,1997,2499,0.190,12.17,206.00,2.31
8.372,17442,0,40,2007,1998,2496,0.197,12.18,211.00,2.40
8.372,17443,0,40,2009,2000,2498,0.197,12.18,208.00,2.40
8.372,17444,0,40,2008,1999,2498,0.197,12.17,208.00,2.40
8.372,17445,0,40,2008,1999,2496,0.212,12.19,211.00,2.58
8.372,17446,0,40,2007,1998,2496,0.212,12.19,211.00,2.58
8.372,17447,0,40,2009,2000,2496,0.212,12.19,209.00,2.58
8.373,17448,0,40,2008,1999,2497,0.219,12.19,209.00,2.67
8.373,17449,0,40,2009,2000,2498,0.212,12.18,208.00,2.58
8.373,17450,0,40,2008,2000,2499,0.197,12.19,206.00,2.40
8.373,17451,0,40,2007,1999,2498,0.197,12.18,208.00,2.40
8.373,17452,0,40,2008,1999,2498,0.190,12.18,208.00,2.31
8.373,17453,0,40,2007,1999,2498,0.197,12.17,208.00,2.40
8.373,17454,0,40,2008,1999,2499,0.197,12.17,206.00,2.40
8.373,17455,0,40,2008,2000,2498,0.197,12.18,208.00,2.40
8.373,17456,0,40,2008,1999,2498,0.197,12.19,208.00,2.40
8.373,17457,0,40,2008,1999,2497,0.197,12.17,209.00,2.40
8.373,17458,0,40,2009,2000,2498,0.212,12.18,209.00,2.58
8.373,17459,0,40,2007,1998,2498,0.205,12.18,208.00,2.50
8.373,17460,0,40,2007,1998,2499,0.205,12.18,208.00,2.50
8.373,17461,0,40,2007,1998,2498,0.190,12.18,209.00,2.31
8.373,17462,0,40,2008,2000,2498,0.197,12.18,206.00,2.40
8.373,17463,0,40,2007,1999,2499,0.197,12.17,206.00,2.40
8.373,17464,0,41,2007,1999,2497,0.205,12.19,211.00,2.50
8.374,17465,0,41,2007,1999,2497,0.205,12.18,211.00,2.50
8.374,17466,0,41,2008,1999,2496,0.205,12.19,211.00,2.50
8.374,17467,0,41,2008,2000,2496,0.205,12.19,209.00,2.50
8.374,17468,0,41,2008,1999,2498,0.197,12.17,208.00,2.40
8.374,17469,0,41,2008,2000,2497,0.212,12.19,211.00,2.58
8.374,17470,0,41,2008,2000,2498,0.197,12.19,206.00,2.40
8.374,17471,0,41,2009,2001,2498,0.197,12.18,208.00,2.40
8.374,17472,0,41,2008,2000,2497,0.197,12.17,208.00,2.40
8.374,17473,0,41,2010,2001,2498,0.197,12.18,208.00,2.40
8.374,17474,0,41,2008,1999,2497,0.205,12.19,209.00,2.50
8.374,17475,0,41,2008,1999,2497,0.205,12.19,209.00,2.50
8.374,17476,0,41,2008,1999,2496,0.212,12.19,211.00,2.58
8.374,17477,0,41,2008,1999,2499,0.197,12.17,206.00,2.40
8.374,17478,0,41,2007,1999,2497,0.212,12.19,209.00,2.58
8.374,17479,0,41,2007,1999,2497,0.205,12.19,209.00,2.50
8.374,17480,0,41,2007,1999,2498,0.197,12.18,208.00,2.40
8.374,17481,0,41,2007,1998,2498,0.197,12.18,208.00,2.40
8.375,17482,0,41,2007,1999,2498,0.205,12.18,209.00,2.50
8.375,17483,0,41,2007,1998,2498,0.190,12.18,208.00,2.31
8.375,17484,0,41,2007,1999,2497,0.197,12.17,209.00,2.40
8.375,17485,0,41,2007,1998,2498,0.197,12.18,208.00,2.40
8.375,17486,0,41,2008,1998,2498,0.205,12.18,209.00,2.50
8.375,17487,0,41,2009,2000,2498,0.212,12.19,206.00,2.58
8.375,17488,0,41,2007,1998,2498,0.197,12.18,208.00,2.40
8.375,17489,0,41,2006,1997,2499,0.205,12.18,206.00,2.50
8.375,17490,0,41,2006,1997,2499,0.205,12.18,206.00,2.50
8.375,17491,0,41,2007,1998,2499,0.197,12.19,206.00,2.40
8.375,17492,0,41,2007,1998,2498,0.205,12.19,208.00,2.50
8.375,17493,0,41,2007,1999,2498,0.205,12.18,209.00,2.50
8.375,17494,0,41,2007,1998,2497,0.197,12.18,209.00,2.40
8.375,17495,0,41,2007,1999,2498,0.205,12.18,208.00,2.50
8.375,17496,0,41,2007,1998,2497,0.205,12.19,208.00,2.50
8.376,17497,0,41,2008,1999,2497,0.197,12.19,208.00,2.40
8.376,17511,0,41,2007,1998,2497,0.197,12.18,209.00,2.40
8.376,17512,0,41,2007,1998,2498,0.197,12.18,209.00,2.40
8.376,17513,0,41,2006,1998,2497,0.197,12.18,208.00,2.40
8.376,17514,0,41,2007,1999,2498,0.197,12.18,209.00,2.40
8.379,17515,0,41,2007,1998,2496,0.197,12.18,209.00,2.40
8.380,17516,0,41,2007,1998,2498,0.197,12.18,208.00,2.40
8.382,17517,0,41,2008,2000,2499,0.197,12.19,206.00,2.40
8.384,17518,0,41,2009,2001,2498,0.190,12.17,208.00,2.31
8.386,17519,0,41,2009,2000,2499,0.205,12.18,206.00,2.50
8.388,17520,0,41,2008,2000,2498,0.190,12.18,208.00,2.31
8.389,17521,0,41,2008,1999,2497,0.212,12.19,209.00,2.58
8.392,17522,0,41,2008,1999,2497,0.205,12.19,211.00,2.50
8.394,17523,0,41,2007,1999,2496,0.212,12.19,211.00,2.58
8.396,17524,0,42,2007,1999,2497,0.212,12.19,211.00,2.58
8.399,17525,0,42,2008,1999,2498,0.205,12.18,208.00,2.50
8.401,17526,0,42,2008,1999,2498,0.197,12.17,208.00,2.40
8.402,17527,0,42,2008,1999,2499,0.190,12.17,206.00,2.31
8.405,17528,0,42,2008,1999,2498,0.197,12.18,206.00,2.40
8.406,17529,0,42,2008,1999,2499,0.205,12.19,206.00,2.50
8.409,17530,0,42,2007,1999,2498,0.197,12.18,208.00,2.40
8.411,17531,0,42,2007,1999,2498,0.197,12.18,208.00,2.40
8.412,17532,0,42,2008,1999,2497,0.197,12.18,209.00,2.40
8.415,17533,0,42,2007,1999,2498,0.212,12.19,208.00,2.58
8.416,17534,0,42,2007,1999,2498,0.205,12.18,208.00,2.50
8.418,17535,0,42,2008,2000,2498,0.212,12.19,209.00,2.58
8.420,17536,0,42,2007,1998,2498,0.197,12.18,208.00,2.40
8.422,17537,0,42,2007,1998,2497,0.197,12.18,209.00,2.40
8.424,17538,0,42,2008,2000,2498,0.197,12.18,208.00,2.40
8.427,17539,0,42,2008,2000,2497,0.190,12.17,209.00,2.31
8.428,17540,0,42,2009,2000,2496,0.219,12.20,212.00,2.67
8.430,17541,0,42,2007,1999,2497,0.205,12.19,211.00,2.50
8.433,17542,0,42,2007,1999,2497,0.205,12.19,211.00,2.50
8.434,17543,0,42,2009,2000,2497,0.219,12.19,209.00,2.67
8.436,17544,0,42,2007,1998,2499,0.197,12.18,208.00,2.40
8.437,17545,0,42,2007,1999,2498,0.197,12.18,206.00,2.40
8.440,17546,0,42,2008,1999,2498,0.197,12.19,208.00,2.40
8.443,17547,0,42,2008,1999,2498,0.197,12.18,208.00,2.40
8.444,17548,0,42,2007,1999,2498,0.197,12.18,208.00,2.40
8.447,17549,0,42,2009,1999,2499,0.205,12.18,208.00,2.50
8.448,17550,0,42,2009,1999,2499,0.197,12.18,208.00,2.40
8.450,17551,0,42,2008,1999,2499,0.205,12.17,206.00,2.49
8.452,17552,0,42,2008,1999,2498,0.219,12.19,209.00,2.67
8.454,17553,0,42,2006,1998,2498,0.212,12.18,208.00,2.58
8.456,17554,0,42,2008,1999,2498,0.205,12.19,209.00,2.50
8.459,17555,0,42,2007,1998,2498,0.205,12.18,209.00,2.50
8.460,17556,0,42,2007,1998,2497,0.205,12.19,209.00,2.50
8.463,17557,0,42,2009,2000,2498,0.197,12.18,208.00,2.40
8.464,17558,0,42,2008,2000,2498,0.197,12.19,208.00,2.40
8.466,17559,0,42,2007,1999,2498,0.205,12.19,208.00,2.50
8.951,17560,0,42,2007,1999,2497,0.212,12.19,211.00,2.58
8.951,17561,0,42,2007,1998,2497,0.212,12.19,208.00,2.58
8.951,17562,0,42,2007,1999,2497,0.212,12.19,211.00,2.58
8.951,17563,0,42,2007,1999,2499,0.190,12.17,206.00,2.31
8.951,17564,0,42,2009,2000,2497,0.197,12.19,209.00,2.40
8.951,17565,0,42,2008,1999,2498,0.197,12.17,206.00,2.40
8.951,17566,0,42,2007,1999,2499,0.190,12.18,206.00,2.31
8.951,17567,0,42,2008,1999,2500,0.205,12.19,206.00,2.50
8.951,17568,0,42,2007,1999,2500,0.205,12.17,205.00,2.49
8.951,17569,0,42,2006,1997,2499,0.212,12.19,206.00,2.58
8.951,17570,0,42,2008,1999,2498,0.197,12.19,208.00,2.40
8.951,17571,0,42,2007,1999,2497,0.205,12.19,211.00,2.50
8.951,17572,0,42,2007,1998,2500,0.197,12.18,206.00,2.40
8.951,17573,0,42,2008,1999,2496,0.212,12.19,211.00,2.58
8.951,17574,0,42,2008,1999,2497,0.205,12.18,211.00,2.50
8.951,17575,0,42,2007,1998,2498,0.205,12.19,208.00,2.50
8.952,17576,0,42,2007,1998,2498,0.197,12.18,208.00,2.40
8.952,17577,0,42,2007,1998,2499,0.197,12.18,208.00,2.40
8.952,17578,0,42,2007,1999,2499,0.205,12.18,208.00,2.50
8.952,17579,0,42,2007,1998,2497,0.190,12.18,209.00,2.31
8.952,17580,0,42,2007,1999,2497,0.205,12.19,209.00,2.50
8.952,17581,0,42,2007,1999,2497,0.197,12.18,209.00,2.40
8.952,17582,0,42,2009,1999,2499,0.190,12.17,208.00,2.31
8.952,17583,0,42,2008,1999,2498,0.197,12.18,208.00,2.40
8.952,17584,0,43,2008,1998,2498,0.212,12.19,209.00,2.58
8.952,17585,0,43,2006,1997,2499,0.205,12.19,206.00,2.50
8.952,17586,0,43,2006,1997,2498,0.205,12.18,208.00,2.50
8.952,17587,0,43,2007,1998,2498,0.197,12.18,208.00,2.40
8.952,17588,0,43,2008,1999,2496,0.205,12.19,211.00,2.50
8.952,17589,0,43,2008,1999,2497,0.205,12.19,209.00,2.50
8.952,17590,0,43,2007,1997,2497,0.197,12.18,211.00,2.40
8.952,17591,0,43,2008,2000,2498,0.190,12.17,209.00,2.31
8.952,17592,0,43,2008,2000,2498,0.197,12.17,208.00,2.40
8.952,17593,0,43,2006,1997,2498,0.197,12.18,208.00,2.40
8.952,17594,0,43,2007,1999,2497,0.197,12.18,209.00,2.40
8.952,17595,0,43,2007,1999,2497,0.205,12.18,209.00,2.50
8.952,17596,0,43,2007,1998,2497,0.205,12.18,211.00,2.50
8.952,17597,0,43,2007,1999,2497,0.197,12.18,209.00,2.40
8.952,17598,0,43,2007,1998,2498,0.205,12.19,209.00,2.50
8.952,17599,0,43,2007,1998,2498,0.205,12.18,208.00,2.50
8.952,17600,0,43,2007,1998,2498,0.197,12.18,209.00,2.40
8.952,17601,0,43,2006,1997,2498,0.197,12.18,208.00,2.40
8.952,17602,0,43,2008,1999,2498,0.197,12.18,208.00,2.40
8.953,17603,0,43,2008,2000,2498,0.190,12.17,209.00,2.31
8.953,17604,0,43,2009,2001,2497,0.205,12.19,209.00,2.50
8.953,17605,0,43,2007,2000,2498,0.190,12.17,209.00,2.31
8.953,17606,0,43,2008,2000,2497,0.190,12.18,209.00,2.31
8.953,17607,0,43,2008,2000,2497,0.205,12.18,209.00,2.50
8.953,17608,0,43,2007,2000,2496,0.219,12.19,211.00,2.67
8.953,17609,0,43,2007,1999,2498,0.205,12.19,208.00,2.50
8.953,17610,0,43,2007,1999,2498,0.190,12.17,208.00,2.31
8.953,17611,0,43,2007,2000,2497,0.212,12.19,211.00,2.58
8.953,17612,0,43,2007,1998,2496,0.205,12.18,209.00,2.50
8.953,17613,0,43,2007,1998,2498,0.205,12.18,208.00,2.50
8.953,17614,0,43,2007,1997,2497,0.197,12.18,209.00,2.40
8.953,17615,0,43,2008,1998,2498,0.205,12.18,208.00,2.50
8.953,17616,0,43,2007,1998,2497,0.190,12.18,211.00,2.31
8.954,17617,0,43,2008,1998,2498,0.197,12.19,209.00,2.40
8.954,17618,0,43,2007,1998,2497,0.197,12.18,209.00,2.40
8.954,17619,0,43,2008,1999,2496,0.197,12.18,211.00,2.40
8.954,17620,0,43,2008,1999,2496,0.197,12.18,211.00,2.40
8.954,17621,0,43,2009,2000,2498,0.190,12.18,209.00,2.31
8.954,17622,0,43,2009,2000,2498,0.197,12.18,208.00,2.40
8.954,17623,0,43,2008,2000,2498,0.205,12.18,206.00,2.50
8.954,17624,0,43,2009,2000,2498,0.197,12.18,208.00,2.40
8.954,17625,0,43,2009,2000,2498,0.197,12.18,208.00,2.40
8.954,17626,0,43,2008,2000,2497,0.205,12.18,211.00,2.50
8.954,17627,0,43,2008,2000,2497,0.205,12.19,211.00,2.50
8.955,17628,0,43,2008,1999,2497,0.197,12.19,209.00,2.40
8.955,17629,0,43,2008,1999,2498,0.197,12.18,208.00,2.40
8.955,17630,0,43,2008,2000,2497,0.205,12.19,209.00,2.50
8.955,17631,0,43,2007,1998,2499,0.205,12.19,206.00,2.50
8.955,17632,0,43,2007,1998,2499,0.197,12.18,208.00,2.40
8.955,17633,0,43,2007,1998,2499,0.197,12.17,208.00,2.40
8.955,17634,0,43,2008,2000,2496,0.219,12.19,212.00,2.67
8.955,17635,0,43,2007,1999,2497,0.212,12.19,211.00,2.58
8.955,17636,0,43,2008,1999,2497,0.212,12.19,209.00,2.58
8.955,17637,0,43,2008,1999,2497,0.212,12.19,211.00,2.58
8.955,17638,0,43,2008,2000,2496,0.212,12.19,211.00,2.58
8.955,17639,0,43,2007,1998,2499,0.205,12.17,206.00,2.49
8.955,17640,0,43,2009,2000,2498,0.197,12.19,208.00,2.40
8.955,17641,0,43,2008,2000,2499,0.197,12.19,206.00,2.40
8.955,17642,0,43,2007,1999,2499,0.197,12.18,208.00,2.40
8.955,17643,0,43,2008,1999,2499,0.205,12.18,206.00,2.50
8.956,17644,0,44,2008,1999,2499,0.205,12.18,206.00,2.50
8.956,17645,0,44,2008,1999,2498,0.190,12.18,208.00,2.31
8.956,17646,0,44,2007,1998,2498,0.205,12.19,208.00,2.50
8.956,17647,0,44,2007,1998,2498,0.219,12.19,206.00,2.67
8.956,17648,0,44,2007,1999,2497,0.212,12.19,209.00,2.58
8.956,17649,0,44,2008,1999,2498,0.205,12.19,209.00,2.50
8.956,17650,0,44,2007,1998,2499,0.197,12.18,206.00,2.40
8.956,17651,0,44,2008,1999,2498,0.205,12.18,208.00,2.50
8.956,17652,0,44,2008,2000,2496,0.205,12.19,212.00,2.50
8.956,17653,0,44,2008,2000,2496,0.212,12.19,211.00,2.58
8.956,17654,0,44,2008,2000,2496,0.212,12.19,212.00,2.58
8.956,17655,0,44,2007,1999,2498,0.219,12.20,208.00,2.67
8.956,17656,0,44,2008,2000,2496,0.219,12.19,212.00,2.67
8.956,17657,0,44,2007,1998,2498,0.212,12.19,209.00,2.58
8.956,17658,0,44,2007,1998,2498,0.197,12.19,208.00,2.40
8.956,17659,0,44,2008,1999,2498,0.197,12.18,208.00,2.40
8.956,17660,0,44,2008,2000,2498,0.205,12.19,209.00,2.50
8.957,17661,0,44,2008,2000,2498,0.205,12.18,209.00,2.50
8.957,17662,0,44,2008,2000,2498,0.205,12.18,208.00,2.50
8.957,17663,0,44,2007,1998,2499,0.197,12.19,206.00,2.40
8.957,17664,0,44,2009,2000,2497,0.197,12.18,209.00,2.40
8.957,17665,0,44,2008,1999,2498,0.205,12.19,208.00,2.50
8.957,17666,0,44,2008,2000,2498,0.197,12.19,209.00,2.40
8.957,17667,0,44,2008,1999,2496,0.212,12.19,212.00,2.58
8.957,17668,0,44,2008,1999,2499,0.197,12.18,206.00,2.40
8.957,17669,0,44,2008,1999,2496,0.205,12.19,212.00,2.50
8.957,17670,0,44,2008,2001,2497,0.197,12.19,209.00,2.40
8.957,17671,0,44,2008,1999,2498,0.212,12.18,208.00,2.58
8.957,17672,0,44,2009,2001,2497,0.197,12.19,211.00,2.40
8.957,17673,0,44,2008,1999,2496,0.212,12.19,211.00,2.58
8.957,17674,0,44,2007,1999,2497,0.205,12.18,211.00,2.50
8.957,17675,0,44,2008,1999,2497,0.212,12.19,209.00,2.58
8.957,17676,0,44,2008,2000,2497,0.212,12.19,211.00,2.58
8.957,17677,0,44,2008,2000,2498,0.197,12.18,209.00,2.40
8.957,17678,0,44,2007,1999,2497,0.205,12.19,211.00,2.50
8.957,17679,0,44,2008,2000,2499,0.205,12.18,206.00,2.50
8.958,17680,0,44,2009,2001,2497,0.197,12.18,209.00,2.40
8.958,17681,0,44,2009,2000,2497,0.197,12.18,209.00,2.40
8.958,17682,0,44,2008,2001,2497,0.197,12.18,209.00,2.40
8.958,17683,0,44,2007,1999,2496,0.212,12.19,212.00,2.58
8.958,17684,0,44,2008,2000,2496,0.219,12.20,211.00,2.67
8.958,17685,0,44,2008,2000,2496,0.197,12.19,211.00,2.40
8.958,17686,0,44,2007,1999,2499,0.197,12.18,208.00,2.40
8.958,17687,0,44,2007,1999,2497,0.212,12.19,211.00,2.58
8.958,17688,0,44,2008,2000,2496,0.197,12.19,211.00,2.40
8.958,17689,0,44,2007,1998,2497,0.205,12.18,209.00,2.50
8.958,17690,0,44,2006,1998,2497,0.190,12.17,209.00,2.31
8.958,17691,0,44,2008,1998,2498,0.205,12.19,208.00,2.50
8.958,17692,0,44,2007,1999,2496,0.205,12.18,211.00,2.50
8.958,17693,0,44,2007,1998,2497,0.190,12.18,211.00,2.31
8.958,17694,0,44,2008,1999,2497,0.197,12.18,209.00,2.40
8.958,17695,0,44,2007,1997,2498,0.183,12.16,208.00,2.23
8.959,17696,0,44,2007,1998,2497,0.190,12.18,211.00,2.31
8.959,17697,0,44,2007,2000,2498,0.197,12.18,208.00,2.40
8.959,17698,0,44,2008,1999,2497,0.190,12.18,209.00,2.31
8.959,17699,0,44,2008,2000,2498,0.197,12.18,208.00,2.40
8.959,17700,0,44,2009,2000,2497,0.205,12.19,211.00,2.50
8.959,17701,0,44,2010,2001,2497,0.205,12.19,209.00,2.50
8.959,17702,0,44,2007,1999,2496,0.219,12.19,211.00,2.67
8.959,17703,0,44,2007,1998,2498,0.212,12.19,208.00,2.58
8.959,17704,0,45,2007,1999,2496,0.205,12.19,211.00,2.50
8.959,17705,0,45,2007,1999,2499,0.197,12.18,208.00,2.40
8.959,17706,0,45,2008,2000,2496,0.212,12.19,212.00,2.58
8.959,17707,0,45,2008,1999,2498,0.190,12.18,209.00,2.31
8.959,17708,0,45,2007,1997,2499,0.205,12.18,206.00,2.50
8.959,17709,0,45,2008,1998,2497,0.205,12.19,209.00,2.50
8.959,17710,0,45,2008,1998,2497,0.205,12.19,209.00,2.50
8.960,17711,0,45,2007,1998,2497,0.197,12.18,209.00,2.40
8.960,17712,0,45,2008,1999,2496,0.205,12.19,211.00,2.50
8.960,17713,0,45,2008,1999,2497,0.197,12.18,209.00,2.40
8.960,17714,0,45,2007,1998,2496,0.197,12.19,211.00,2.40
8.960,17715,0,45,2008,1999,2496,0.197,12.19,211.00,2.40
8.960,17716,0,45,2007,1998,2497,0.197,12.18,209.00,2.40
8.960,17717,0,45,2009,2001,2498,0.205,12.19,208.00,2.50
8.960,17718,0,45,2009,2001,2498,0.205,12.19,208.00,2.50
8.960,17719,0,45,2008,2000,2498,0.197,12.17,208.00,2.40
8.960,17720,0,45,2009,2000,2498,0.197,12.18,209.00,2.40
8.960,17721,0,45,2008,2000,2496,0.205,12.18,212.00,2.50
8.960,17722,0,45,2008,2000,2496,0.212,12.19,212.00,2.58
8.960,17723,0,45,2008,2001,2496,0.212,12.19,212.00,2.58
8.960,17724,0,45,2008,1999,2498,0.197,12.18,208.00,2.40
8.960,17725,0,45,2009,2000,2497,0.212,12.19,211.00,2.58
8.960,17726,0,45,2007,1998,2498,0.205,12.18,208.00,2.50
8.961,17727,0,45,2006,1997,2498,0.197,12.18,208.00,2.40
8.961,17728,0,45,2008,1999,2496,0.197,12.19,211.00,2.40
8.961,17729,0,45,2009,2001,2497,0.197,12.17,209.00,2.40
8.961,17730,0,45,2008,2000,2496,0.205,12.19,212.00,2.50
8.961,17731,0,45,2008,2000,2496,0.219,12.20,212.00,2.67
8.961,17732,0,45,2008,1999,2498,0.212,12.19,209.00,2.58
8.961,17733,0,45,2008,2001,2496,0.212,12.19,212.00,2.58
8.961,17734,0,45,2009,2000,2498,0.205,12.19,208.00,2.50
8.961,17735,0,45,2007,1998,2497,0.212,12.19,211.00,2.58
8.961,17736,0,45,2006,1998,2499,0.205,12.19,206.00,2.50
8.961,17737,0,45,2008,1999,2497,0.197,12.19,209.00,2.40
8.961,17738,0,45,2009,2001,2497,0.205,12.19,209.00,2.50
8.961,17739,0,45,2009,2001,2497,0.197,12.18,211.00,2.40
8.961,17740,0,45,2008,1999,2497,0.219,12.19,209.00,2.67
8.961,17741,0,45,2008,2001,2496,0.212,12.19,211.00,2.58
8.961,17742,0,45,2008,2000,2496,0.205,12.19,211.00,2.50
8.962,17743,0,45,2007,1999,2499,0.197,12.18,206.00,2.40
8.962,17744,0,45,2008,2000,2497,0.205,12.19,209.00,2.50
8.962,17745,0,45,2008,1998,2497,0.212,12.19,208.00,2.58
8.962,17746,0,45,2008,1999,2497,0.197,12.18,209.00,2.40
8.962,17747,0,45,2008,1999,2496,0.205,12.19,212.00,2.50
8.962,17748,0,45,2008,2000,2499,0.197,12.17,206.00,2.40
8.962,17749,0,45,2008,2000,2496,0.212,12.19,211.00,2.58
8.962,17750,0,45,2008,2000,2497,0.212,12.19,211.00,2.58
8.962,17751,0,45,2008,1999,2497,0.205,12.18,211.00,2.50
8.962,17752,0,45,2008,1999,2497,0.205,12.19,211.00,2.50
8.962,17753,0,45,2008,1999,2498,0.205,12.18,206.00,2.50
8.962,17754,0,45,2008,1999,2497,0.212,12.19,209.00,2.58
8.962,17755,0,45,2007,1998,2498,0.205,12.19,206.00,2.50
8.962,17756,0,45,2007,1999,2498,0.197,12.18,209.00,2.40
8.962,17757,0,45,2008,2000,2498,0.197,12.18,208.00,2.40
8.962,17758,0,45,2009,2000,2499,0.190,12.17,208.00,2.31
8.963,17759,0,45,2008,1999,2497,0.205,12.19,209.00,2.50
8.963,17760,0,45,2008,1999,2497,0.197,12.19,209.00,2.40
8.963,17761,0,45,2008,1999,2497,0.212,12.19,209.00,2.58
8.963,17762,0,45,2008,1999,2499,0.190,12.16,206.00,2.31
8.963,17763,0,45,2008,1999,2498,0.205,12.19,208.00,2.50
8.963,17803,0,46,2007,1998,2499,0.205,12.18,206.00,2.50
8.963,17804,0,46,2007,1997,2499,0.190,12.17,206.00,2.31
8.963,17805,0,46,2008,1999,2497,0.212,12.19,209.00,2.58
8.963,17806,0,46,2006,1998,2497,0.205,12.18,208.00,2.50
8.963,17807,0,46,2007,1998,2497,0.197,12.17,209.00,2.40
8.964,17808,0,46,2007,1998,2498,0.197,12.18,208.00,2.40
8.966,17809,0,46,2008,1999,2498,0.205,12.18,209.00,2.50
8.968,17810,0,46,2007,1999,2498,0.205,12.19,209.00,2.50
8.971,17811,0,46,2010,2001,2497,0.205,12.19,209.00,2.50
8.972,17812,0,46,2007,1999,2499,0.197,12.19,209.00,2.40
8.975,17813,0,46,2007,1998,2496,0.197,12.18,209.00,2.40
8.977,17814,0,46,2008,1999,2497,0.205,12.18,209.00,2.50
8.978,17815,0,46,2007,1998,2497,0.205,12.19,209.00,2.50
8.981,17816,0,46,2007,1999,2498,0.197,12.18,208.00,2.40
8.982,17817,0,46,2008,1999,2497,0.197,12.18,209.00,2.40
8.984,17818,0,46,2009,2000,2496,0.197,12.19,212.00,2.40
8.986,17819,0,46,2007,1998,2498,0.197,12.18,209.00,2.40
8.988,17820,0,46,2008,1999,2497,0.197,12.18,209.00,2.40
8.990,17821,0,46,2009,2000,2498,0.205,12.18,206.00,2.50
8.992,17822,0,46,2009,2001,2496,0.212,12.19,209.00,2.58
8.994,17823,0,46,2010,2001,2498,0.205,12.19,208.00,2.50
8.997,17824,0,47,2010,2001,2497,0.205,12.19,208.00,2.50
8.999,17825,0,47,2010,2000,2497,0.197,12.18,209.00,2.40
9.000,17826,0,47,2008,2000,2497,0.212,12.19,212.00,2.58
9.002,17827,0,47,2008,1999,2497,0.205,12.19,211.00,2.50
9.004,17828,0,47,2007,1998,2497,0.205,12.19,209.00,2.50
9.006,17829,0,47,2007,1999,2498,0.205,12.17,206.00,2.49
9.009,17830,0,47,2007,1999,2498,0.205,12.18,208.00,2.50
9.010,17831,0,47,2007,1997,2498,0.197,12.18,208.00,2.40
9.013,17832,0,47,2006,1997,2498,0.197,12.18,208.00,2.40
9.014,17833,0,47,2010,2000,2496,0.197,12.17,209.00,2.40
9.016,17834,0,47,2009,1999,2499,0.205,12.19,206.00,2.50
9.018,17835,0,47,2009,2000,2496,0.212,12.19,211.00,2.58
9.020,17836,0,47,2007,1998,2497,0.197,12.18,209.00,2.40
9.022,17837,0,47,2008,2000,2496,0.212,12.19,211.00,2.58
9.025,17838,0,47,2007,1999,2497,0.212,12.19,209.00,2.58
9.026,17839,0,47,2007,1999,2499,0.197,12.16,206.00,2.40
9.028,17840,0,47,2008,1999,2498,0.205,12.18,208.00,2.50
9.030,17841,0,47,2007,1999,2498,0.190,12.18,206.00,2.31
9.033,17842,0,47,2008,1999,2498,0.197,12.18,208.00,2.40
9.035,17843,0,47,2008,1998,2499,0.205,12.18,208.00,2.50
9.036,17844,0,47,2008,1999,2498,0.197,12.18,208.00,2.40
9.039,17845,0,47,2008,1999,2497,0.205,12.19,208.00,2.50
9.041,17846,0,47,2009,2000,2497,0.212,12.19,208.00,2.58
9.042,17847,0,47,2007,1999,2498,0.205,12.18,208.00,2.50
9.045,17848,0,47,2008,1999,2496,0.219,12.19,211.00,2.67
9.046,17849,0,47,2007,1998,2498,0.212,12.17,209.00,2.58
9.049,17850,0,47,2008,1997,2497,0.205,12.18,209.00,2.50
9.567,17851,0,47,2008,1998,2498,0.197,12.18,208.00,2.40
9.567,17852,0,47,2008,1999,2498,0.190,12.16,208.00,2.31
9.567,17853,0,47,2008,1999,2499,0.205,12.18,206.00,2.50
9.567,17854,0,47,2008,1999,2497,0.212,12.19,208.00,2.58
9.567,17855,0,47,2008,1999,2497,0.205,12.18,211.00,2.50
9.567,17856,0,47,2007,1999,2497,0.212,12.19,209.00,2.58
9.567,17857,0,47,2008,2000,2497,0.212,12.19,211.00,2.58
9.568,17858,0,47,2009,1999,2498,0.205,12.18,208.00,2.50
9.568,17859,0,47,2008,1999,2498,0.205,12.18,208.00,2.50
9.568,17860,0,47,2008,1999,2499,0.197,12.18,206.00,2.40
9.568,17861,0,47,2007,1998,2499,0.197,12.17,206.00,2.40
9.568,17862,0,47,2007,1999,2499,0.197,12.17,206.00,2.40
9.568,17863,0,47,2008,2000,2499,0.183,12.16,206.00,2.23
9.568,17864,0,47,2007,1998,2499,0.197,12.16,206.00,2.40
9.568,17865,0,47,2007,1999,2497,0.219,12.19,208.00,2.67
9.568,17866,0,47,2008,1999,2500,0.197,12.17,205.00,2.40
9.568,17867,0,47,2008,1999,2497,0.212,12.19,209.00,2.58
9.568,17868,0,47,2008,1999,2499,0.197,12.17,206.00,2.40
9.568,17869,0,47,2007,1999,2497,0.212,12.19,209.00,2.58
9.568,17870,0,47,2008,2000,2498,0.205,12.18,208.00,2.50
9.568,17871,0,47,2009,2000,2499,0.190,12.16,206.00,2.31
9.568,17872,0,47,2009,2000,2498,0.205,12.18,208.00,2.50
9.568,17873,0,47,2007,1999,2497,0.219,12.19,209.00,2.67
9.568,17874,0,47,2007,1999,2498,0.219,12.19,208.00,2.67
9.568,17875,0,47,2007,1999,2498,0.205,12.19,209.00,2.50
9.568,17876,0,47,2008,1999,2497,0.212,12.19,211.00,2.58
9.568,17877,0,47,2008,1999,2498,0.205,12.18,206.00,2.50
9.568,17878,0,47,2007,1998,2498,0.205,12.19,208.00,2.50
9.568,17879,0,47,2008,1999,2497,0.205,12.18,208.00,2.50
9.569,17880,0,47,2008,2000,2499,0.197,12.18,206.00,2.40
9.569,17881,0,47,2009,2000,2499,0.205,12.19,206.00,2.50
9.569,17882,0,47,2008,1999,2499,0.212,12.19,206.00,2.58
9.569,17883,0,47,2008,1999,2498,0.205,12.19,209.00,2.50
9.569,17884,0,48,2009,2000,2497,0.219,12.19,211.00,2.67
9.569,17885,0,48,2008,1999,2497,0.219,12.19,209.00,2.67
9.569,17886,0,48,2007,1998,2500,0.205,12.17,205.00,2.49
9.569,17887,0,48,2009,1999,2497,0.205,12.19,209.00,2.50
9.569,17888,0,48,2007,1999,2498,0.197,12.19,209.00,2.40
9.569,17889,0,48,2007,1998,2498,0.205,12.19,208.00,2.50
9.569,17890,0,48,2007,1997,2498,0.205,12.19,208.00,2.50
9.569,17891,0,48,2007,1998,2498,0.197,12.17,208.00,2.40
9.569,17892,0,48,2008,1998,2497,0.197,12.19,211.00,2.40
9.569,17893,0,48,2007,1999,2498,0.197,12.18,209.00,2.40
9.569,17894,0,48,2007,1998,2497,0.197,12.18,209.00,2.40
9.569,17895,0,48,2008,1998,2497,0.197,12.19,209.00,2.40
9.569,17896,0,48,2008,1999,2499,0.197,12.18,206.00,2.40
9.569,17897,0,48,2008,1999,2497,0.197,12.18,209.00,2.40
9.569,17898,0,48,2007,1998,2499,0.205,12.19,206.00,2.50
9.569,17899,0,48,2007,1997,2499,0.205,12.18,206.00,2.50
9.569,17900,0,48,2008,1999,2498,0.197,12.18,208.00,2.40
9.569,17901,0,48,2007,1998,2499,0.205,12.18,206.00,2.50
9.569,17902,0,48,2007,1998,2498,0.197,12.18,209.00,2.40
9.570,17903,0,48,2007,1999,2497,0.205,12.19,209.00,2.50
9.570,17904,0,48,2008,1999,2497,0.197,12.18,209.00,2.40
9.570,17905,0,48,2007,1998,2498,0.205,12.18,209.00,2.50
9.570,17906,0,48,2008,1999,2499,0.197,12.18,206.00,2.40
9.570,17907,0,48,2007,1998,2498,0.197,12.18,208.00,2.40
9.570,17908,0,48,2008,1999,2496,0.205,12.19,211.00,2.50
9.570,17909,0,48,2007,1998,2498,0.197,12.18,209.00,2.40
9.570,17910,0,48,2007,1998,2497,0.197,12.17,209.00,2.40
9.570,17911,0,48,2008,1999,2497,0.197,12.18,209.00,2.40
9.570,17912,0,48,2007,1998,2497,0.197,12.18,209.00,2.40
9.570,17913,0,48,2007,1998,2498,0.205,12.19,208.00,2.50
9.570,17914,0,48,2007,1997,2497,0.197,12.18,209.00,2.40
9.570,17915,0,48,2009,2000,2499,0.205,12.18,208.00,2.50
9.570,17916,0,48,2009,1999,2498,0.197,12.18,208.00,2.40
9.570,17917,0,48,2008,1999,2498,0.205,12.19,208.00,2.50
9.570,17918,0,48,2007,1998,2500,0.205,12.18,206.00,2.50
9.570,17919,0,48,2008,2000,2498,0.190,12.17,208.00,2.31
9.570,17920,0,48,2007,1999,2498,0.205,12.17,206.00,2.49
9.570,17921,0,48,2007,1998,2499,0.205,12.19,206.00,2.50
9.570,17922,0,48,2007,1998,2498,0.205,12.18,209.00,2.50
9.570,17923,0,48,2007,1999,2497,0.205,12.19,209.00,2.50
9.570,17924,0,48,2007,1998,2497,0.212,12.18,209.00,2.58
9.571,17925,0,48,2007,1998,2497,0.205,12.19,209.00,2.50
9.571,17926,0,48,2007,1997,2499,0.205,12.18,206.00,2.50
9.571,17927,0,48,2008,1999,2498,0.205,12.19,209.00,2.50
9.571,17928,0,48,2008,1999,2499,0.205,12.18,206.00,2.50
9.571,17929,0,48,2008,2000,2498,0.205,12.17,206.00,2.49
9.571,17930,0,48,2007,1998,2497,0.205,12.19,209.00,2.50
9.571,17931,0,48,2007,1999,2498,0.212,12.19,208.00,2.58
9.571,17932,0,48,2007,1998,2497,0.205,12.18,209.00,2.50
9.571,17933,0,48,2007,1999,2497,0.212,12.19,209.00,2.58
9.571,17934,0,48,2007,1999,2499,0.190,12.16,208.00,2.31
9.571,17935,0,48,2008,1999,2500,0.197,12.18,205.00,2.40
9.571,17936,0,48,2007,1999,2498,0.197,12.17,208.00,2.40
9.571,17937,0,48,2007,1999,2499,0.190,12.19,206.00,2.32
9.571,17938,0,48,2007,1998,2499,0.205,12.18,206.00,2.50
9.571,17939,0,48,2007,1999,2499,0.197,12.16,206.00,2.40
9.571,17940,0,48,2008,1999,2498,0.197,12.19,208.00,2.40
9.571,17941,0,48,2007,1998,2499,0.197,12.18,208.00,2.40
9.572,17942,0,48,2007,1999,2498,0.205,12.18,209.00,2.50
9.572,17943,0,48,2008,2000,2497,0.212,12.19,209.00,2.58
9.572,17944,0,49,2007,1998,2498,0.205,12.17,208.00,2.49
9.572,17945,0,49,2007,1998,2498,0.205,12.18,208.00,2.50
9.572,17946,0,49,2006,1998,2498,0.205,12.18,208.00,2.50
9.572,17947,0,49,2008,2000,2498,0.190,12.17,208.00,2.31
9.572,17948,0,49,2009,2000,2497,0.197,12.18,209.00,2.40
9.572,17949,0,49,2007,1998,2497,0.212,12.18,208.00,2.58
9.572,17950,0,49,2007,1998,2497,0.212,12.19,209.00,2.58
9.572,17951,0,49,2008,1999,2496,0.227,12.20,211.00,2.77
9.572,17952,0,49,2008,1999,2497,0.205,12.19,209.00,2.50
9.572,17953,0,49,2007,1998,2499,0.205,12.18,206.00,2.50
9.572,17954,0,49,2008,1999,2498,0.205,12.18,208.00,2.50
9.572,17955,0,49,2007,1999,2498,0.190,12.17,208.00,2.31
9.572,17956,0,49,2008,2000,2498,0.197,12.19,208.00,2.40
9.572,17957,0,49,2007,1998,2498,0.205,12.17,208.00,2.49
9.572,17958,0,49,2008,1999,2499,0.197,12.17,208.00,2.40
9.572,17959,0,49,2009,2000,2499,0.205,12.19,208.00,2.50
9.572,17960,0,49,2007,1998,2499,0.197,12.18,206.00,2.40
9.572,17961,0,49,2007,1998,2498,0.212,12.19,208.00,2.58
9.572,17962,0,49,2007,1998,2499,0.212,12.19,208.00,2.58
9.572,17963,0,49,2006,1998,2498,0.205,12.18,208.00,2.50
9.573,17964,0,49,2008,1998,2497,0.197,12.19,208.00,2.40
9.573,17965,0,49,2007,1998,2498,0.205,12.18,208.00,2.50
9.573,17966,0,49,2006,1997,2499,0.197,12.17,206.00,2.40
9.573,17967,0,49,2007,1998,2500,0.205,12.18,206.00,2.50
9.573,17968,0,49,2007,1997,2498,0.197,12.18,208.00,2.40
9.573,17969,0,49,2007,1997,2497,0.197,12.18,209.00,2.40
9.573,17970,0,49,2006,1996,2498,0.197,12.19,208.00,2.40
9.573,17971,0,49,2007,1998,2497,0.190,12.18,209.00,2.31
9.573,17972,0,49,2007,1998,2497,0.205,12.18,208.00,2.50
9.573,17973,0,49,2008,2000,2498,0.197,12.19,208.00,2.40
9.573,17974,0,49,2008,2000,2499,0.197,12.18,208.00,2.40
9.573,17975,0,49,2009,2001,2498,0.212,12.19,209.00,2.58
9.573,17976,0,49,2009,2000,2499,0.190,12.18,208.00,2.31
9.573,17977,0,49,2008,2000,2498,0.205,12.18,206.00,2.50
9.573,17978,0,49,2008,1999,2496,0.205,12.19,211.00,2.50
9.573,17979,0,49,2007,1999,2497,0.212,12.19,209.00,2.58
9.573,17980,0,49,2008,2000,2496,0.212,12.19,211.00,2.58
9.573,17981,0,49,2006,1998,2499,0.190,12.16,206.00,2.31
9.573,17982,0,49,2008,1999,2497,0.212,12.19,211.00,2.58
9.573,17983,0,49,2008,2000,2498,0.205,12.19,208.00,2.50
9.573,17984,0,49,2007,1998,2498,0.205,12.18,208.00,2.50
9.573,17985,0,49,2006,1997,2499,0.205,12.18,208.00,2.50
9.573,17986,0,49,2007,1998,2498,0.197,12.18,208.00,2.40
9.573,17987,0,49,2007,1998,2497,0.197,12.18,211.00,2.40
9.573,17988,0,49,2008,2000,2496,0.205,12.18,211.00,2.50
9.573,17989,0,49,2006,1997,2498,0.190,12.17,208.00,2.31
9.574,17990,0,49,2007,1998,2497,0.293,12.16,209.00,3.56
9.574,17991,0,49,2007,1999,2497,0.402,12.17,211.00,4.89
9.574,17992,0,49,2007,1999,2499,0.476,12.15,208.00,5.78
9.574,17993,0,49,2008,2000,2498,0.556,12.17,208.00,6.77
9.574,17994,0,49,2010,2000,2499,0.586,12.15,208.00,7.12
9.574,17995,0,49,2007,1999,2499,0.659,12.15,206.00,8.01
9.574,17996,0,49,2004,2000,2498,0.710,12.16,209.00,8.63
9.574,17997,0,49,2006,1999,2496,0.754,12.17,211.00,9.18
9.574,17998,0,49,2008,1999,2497,0.783,12.17,211.00,9.53
9.574,17999,0,49,2007,1999,2497,0.791,12.18,211.00,9.63
9.574,18000,0,49,2004,1998,2500,0.769,12.15,206.00,9.34
9.574,18001,0,49,2005,1998,2498,0.783,12.17,211.00,9.53
9.574,18002,0,49,2008,1998,2497,0.769,12.15,211.00,9.34
9.574,18003,0,49,2008,1997,2498,0.769,12.17,208.00,9.36
9.574,18004,0,50,2007,1998,2497,0.754,12.17,209.00,9.18
9.574,18005,0,50,2006,1997,2497,0.732,12.16,209.00,8.90
9.574,18006,0,50,2005,1998,2497,0.725,12.16,211.00,8.82
9.574,18007,0,50,2009,2001,2497,0.725,12.17,208.00,8.82
9.574,18008,0,50,2007,1998,2497,0.703,12.17,211.00,8.55
9.574,18009,0,50,2007,1999,2499,0.717,12.17,208.00,8.73
9.574,18010,0,50,2006,1999,2499,0.710,12.17,208.00,8.64
9.575,18011,0,50,2007,2000,2499,0.710,12.16,208.00,8.63
9.575,18012,0,50,2008,2000,2496,0.739,12.17,211.00,8.99
9.575,18013,0,50,2006,1999,2497,0.732,12.18,211.00,8.91
9.575,18014,0,50,2005,1997,2498,0.747,12.16,209.00,9.08
9.575,18015,0,50,2007,1999,2498,0.769,12.17,209.00,9.36
9.575,18016,0,50,2006,1998,2499,0.747,12.15,208.00,9.08
9.575,18017,0,50,2004,1998,2498,0.769,12.17,209.00,9.36
9.575,18018,796,50,2006,1998,2498,0.791,12.18,209.00,9.63
9.575,18019,796,50,2007,1997,2499,0.791,12.16,208.00,9.62
9.575,18020,796,50,2006,1999,2498,0.805,12.17,208.00,9.80
9.575,18021,796,50,2004,1999,2499,0.783,12.15,208.00,9.52
9.575,18022,796,50,2002,1998,2499,0.776,12.15,208.00,9.43
9.575,18023,796,50,2003,1998,2497,0.791,12.17,209.00,9.63
9.575,18024,796,50,2005,1998,2499,0.769,12.17,208.00,9.36
9.575,18025,796,50,2005,1998,2498,0.776,12.17,211.00,9.44
9.575,18026,796,50,2005,1998,2499,0.761,12.17,209.00,9.26
9.575,18027,796,50,2005,1997,2500,0.739,12.17,208.00,8.99
9.575,18028,796,50,2007,1999,2499,0.732,12.17,208.00,8.91
9.575,18029,796,50,2008,2000,2498,0.725,12.17,208.00,8.82
9.575,18030,796,50,2007,1998,2498,0.725,12.18,211.00,8.83
9.576,18031,796,50,2004,1998,2499,0.710,12.17,208.00,8.64
9.576,18032,796,50,2004,1998,2499,0.703,12.16,208.00,8.55
9.576,18033,796,50,2004,1998,2499,0.710,12.15,209.00,8.63
9.576,18034,796,50,2006,1999,2498,0.703,12.17,209.00,8.55
9.576,18035,796,50,2006,1999,2500,0.695,12.17,209.00,8.46
9.576,18036,796,50,2004,1997,2500,0.688,12.17,208.00,8.37
9.576,18037,796,50,2006,2000,2499,0.673,12.17,209.00,8.19
9.576,18038,796,50,2006,2000,2499,0.666,12.17,209.00,8.10
9.576,18039,796,50,2006,1999,2500,0.666,12.16,206.00,8.10
9.576,18040,796,50,2005,1998,2499,0.666,12.18,209.00,8.11
9.576,18041,796,50,2005,1998,2500,0.652,12.16,208.00,7.93
9.576,18042,796,50,2004,1998,2501,0.637,12.16,208.00,7.75
9.576,18043,796,50,2004,1998,2500,0.644,12.17,208.00,7.84
9.576,18044,796,50,2005,1998,2499,0.630,12.17,209.00,7.67
9.576,18045,796,50,2005,1998,2500,0.637,12.17,208.00,7.75
9.576,18046,796,50,2003,1996,2500,0.615,12.17,206.00,7.48
9.576,18047,796,50,2005,1999,2500,0.615,12.17,206.00,7.48
9.576,18048,796,50,2005,2000,2501,0.600,12.16,206.00,7.30
9.576,18049,796,50,2005,1999,2500,0.600,12.18,206.00,7.31
9.576,18050,796,50,2004,1998,2498,0.608,12.18,209.00,7.40
9.576,18051,796,50,2004,1998,2501,0.586,12.17,206.00,7.13
9.577,18052,796,50,2003,1998,2500,0.586,12.16,208.00,7.13
9.577,18053,796,50,2002,1998,2498,0.600,12.17,208.00,7.30
9.577,18054,796,50,2004,1998,2499,0.593,12.17,208.00,7.22
9.577,18055,796,50,2003,1996,2501,0.586,12.18,206.00,7.14
9.577,18111,670,50,2003,1998,2502,0.608,12.16,206.00,7.39
9.577,18112,670,50,2004,1999,2500,0.615,12.17,209.00,7.48
9.577,18113,670,50,2003,1997,2500,0.615,12.16,208.00,7.48
9.577,18114,670,50,2005,1999,2500,0.608,12.15,209.00,7.39
9.578,18115,670,50,2003,1999,2500,0.615,12.17,209.00,7.48
9.580,18116,670,50,2003,1999,2501,0.608,12.16,208.00,7.39
9.583,18117,670,50,2003,1999,2501,0.615,12.17,209.00,7.48
9.584,18118,670,50,2004,1999,2501,0.608,12.17,208.00,7.40
9.586,18119,670,50,2003,1997,2501,0.615,12.15,206.00,7.47
9.588,18120,670,50,2004,1998,2499,0.630,12.18,209.00,7.67
9.589,18121,670,50,2003,1997,2500,0.622,12.17,208.00,7.57
9.592,18122,670,50,2003,1996,2501,0.615,12.17,208.00,7.48
9.594,18123,670,50,2005,1999,2500,0.622,12.18,209.00,7.57
9.596,18124,670,50,2005,1999,2501,0.615,12.17,208.00,7.48
9.598,18125,670,50,2005,1999,2500,0.615,12.17,208.00,7.48
9.600,18126,670,50,2005,1999,2500,0.600,12.18,209.00,7.31
9.602,18127,670,50,2005,1998,2501,0.622,12.16,208.00,7.56
9.604,18128,670,50,2006,1998,2499,0.637,12.19,209.00,7.76
9.606,18129,670,50,2005,1999,2500,0.615,12.17,208.00,7.48
9.608,18130,670,50,2006,1999,2499,0.630,12.17,211.00,7.67
9.610,18131,670,50,2005,1998,2498,0.630,12.18,209.00,7.67
9.612,18132,670,50,2003,1997,2500,0.608,12.16,208.00,7.39
9.614,18133,670,50,2006,1999,2499,0.608,12.16,209.00,7.39
9.617,18134,464,50,2005,1999,2499,0.608,12.16,209.00,7.39
9.618,18135,464,50,2004,1998,2499,0.622,12.16,208.00,7.56
9.621,18136,464,50,2004,1997,2498,0.608,12.17,211.00,7.40
9.621,18137,464,50,2005,1999,2499,0.622,12.18,208.00,7.57
9.624,18138,464,50,2004,1998,2498,0.622,12.17,211.00,7.57
9.626,18139,464,50,2005,1999,2499,0.637,12.19,211.00,7.76
9.628,18140,464,50,2005,1998,2500,0.600,12.17,208.00,7.30
9.631,18141,464,50,2005,1999,2499,0.630,12.18,211.00,7.67
9.632,18142,464,50,2003,1997,2500,0.608,12.16,209.00,7.39
9.634,18143,464,50,2003,1997,2503,0.615,12.17,205.00,7.48
9.637,18144,464,50,2003,1997,2500,0.600,12.17,208.00,7.30
9.638,18145,464,50,2004,1997,2500,0.608,12.16,208.00,7.39
9.641,18146,464,50,2004,1997,2499,0.622,12.16,209.00,7.56
9.642,18147,464,50,2006,1998,2499,0.615,12.18,209.00,7.49
9.644,18148,464,50,2005,1997,2500,0.615,12.17,209.00,7.48
9.647,18149,464,50,2006,1998,2499,0.615,12.18,209.00,7.49
9.648,18150,464,50,2007,1999,2498,0.630,12.18,211.00,7.67
9.651,18151,464,50,2005,1998,2500,0.608,12.16,208.00,7.39
9.652,18152,464,50,2008,2000,2499,0.608,12.17,209.00,7.40
9.654,18153,464,50,2006,1998,2500,0.615,12.16,206.00,7.48
9.656,18154,464,50,2006,1999,2497,0.622,12.18,212.00,7.57
9.659,18155,464,50,2005,1998,2499,0.600,12.16,209.00,7.30
9.660,18156,464,50,2004,1998,2499,0.608,12.17,208.00,7.40
9.663,18157,464,50,2006,1999,2499,0.615,12.17,211.00,7.48
9.664,18158,464,50,2007,2000,2498,0.608,12.17,211.00,7.40
9.666,18159,464,50,2004,1997,2499,0.608,12.16,208.00,7.39
10.216,18160,464,50,2007,1999,2499,0.622,12.17,211.00,7.57
10.216,18161,464,50,2002,1995,2500,0.608,12.16,206.00,7.39
10.216,18162,464,50,2004,1996,2500,0.608,12.17,208.00,7.40
10.216,18163,464,50,2005,1997,2500,0.615,12.18,209.00,7.49
10.216,18164,464,50,2004,1997,2500,0.615,12.17,208.00,7.48
10.216,18165,464,50,2006,1999,2500,0.615,12.17,208.00,7.48
10.216,18166,464,50,2005,1998,2499,0.615,12.19,209.00,7.49
10.216,18167,464,50,2005,1998,2501,0.600,12.16,206.00,7.30
10.216,18168,464,50,2007,1999,2500,0.615,12.17,209.00,7.48
10.216,18169,464,50,2007,2000,2501,0.608,12.16,206.00,7.39
10.216,18170,464,50,2005,1997,2499,0.615,12.17,209.00,7.48
10.216,18171,464,50,2007,1999,2498,0.615,12.18,209.00,7.49
10.216,18172,464,50,2007,1999,2500,0.622,12.18,208.00,7.57
10.216,18173,464,50,2008,2000,2499,0.622,12.17,209.00,7.57
10.216,18174,464,50,2008,2000,2499,0.622,12.18,209.00,7.57
10.216,18175,464,50,2006,1998,2500,0.622,12.17,208.00,7.57
10.216,18176,464,50,2007,1999,2498,0.644,12.19,211.00,7.85
10.217,18177,464,50,2005,1999,2498,0.637,12.18,209.00,7.76
10.217,18178,464,50,2006,1999,2498,0.622,12.17,209.00,7.57
10.217,18179,464,50,2006,1998,2498,0.615,12.17,209.00,7.48
10.217,18180,464,50,2005,1998,2498,0.630,12.18,208.00,7.67
10.217,18181,464,50,2005,1999,2498,0.615,12.18,208.00,7.49
10.217,18182,464,50,2006,1999,2499,0.630,12.18,209.00,7.67
10.217,18183,464,50,2004,1997,2499,0.608,12.17,209.00,7.40
10.217,18184,464,50,2005,1999,2498,0.622,12.18,211.00,7.57
10.217,18185,464,50,2005,1998,2500,0.615,12.17,208.00,7.48
10.217,18186,464,50,2006,1999,2498,0.630,12.18,209.00,7.67
10.217,18187,464,50,2006,2000,2499,0.637,12.19,209.00,7.76
10.217,18188,464,50,2005,1997,2499,0.608,12.17,209.00,7.40
10.217,18189,464,50,2006,1997,2499,0.615,12.18,209.00,7.49
10.217,18190,464,50,2007,1999,2499,0.622,12.19,209.00,7.58
10.217,18191,464,50,2006,1998,2501,0.608,12.17,206.00,7.40
10.217,18192,464,50,2008,1999,2498,0.615,12.18,211.00,7.49
10.217,18193,464,50,2007,1998,2501,0.608,12.17,206.00,7.40
10.217,18194,464,50,2007,2000,2497,0.615,12.18,211.00,7.49
10.217,18195,464,50,2007,1999,2498,0.622,12.18,211.00,7.57
10.217,18196,464,50,2006,1998,2499,0.608,12.17,208.00,7.40
10.217,18197,464,50,2006,1999,2498,0.622,12.19,209.00,7.58
10.217,18198,464,50,2006,1997,2498,0.608,12.17,209.00,7.40
10.217,18199,464,50,2004,1996,2499,0.615,12.17,208.00,7.48
10.217,18200,464,50,2006,1999,2497,0.615,12.18,211.00,7.49
10.217,18201,464,50,2006,1997,2499,0.615,12.17,209.00,7.48
10.217,18202,464,50,2006,1998,2498,0.608,12.17,211.00,7.40
10.217,18203,464,50,2006,1999,2498,0.615,12.18,211.00,7.49
10.217,18204,464,50,2006,1998,2498,0.615,12.17,209.00,7.48
10.217,18205,464,50,2006,1999,2498,0.608,12.18,211.00,7.40
10.217,18206,464,50,2006,1998,2498,0.608,12.18,209.00,7.40
10.218,18207,464,50,2005,1998,2500,0.608,12.16,208.00,7.39
10.218,18208,464,50,2006,1998,2500,0.608,12.17,209.00,7.40
10.218,18209,464,50,2004,1996,2501,0.608,12.17,205.00,7.40
10.218,18210,464,50,2007,1999,2498,0.615,12.18,209.00,7.49
10.218,18211,464,50,2007,1999,2497,0.622,12.19,212.00,7.58
10.218,18212,464,50,2006,1998,2498,0.622,12.18,211.00,7.57
10.218,18213,464,50,2006,1998,2498,0.615,12.19,211.00,7.49
10.218,18214,464,50,2007,1998,2497,0.615,12.18,211.00,7.49
10.218,18215,464,50,2006,1998,2499,0.608,12.16,206.00,7.39
10.218,18216,464,50,2007,1998,2498,0.615,12.18,209.00,7.49
10.218,18217,464,50,2006,1997,2500,0.600,12.17,206.00,7.30
10.218,18218,464,50,2008,1999,2498,0.608,12.16,208.00,7.39
10.218,18219,464,50,2006,1998,2498,0.608,12.16,209.00,7.39
10.218,18220,464,50,2007,1999,2497,0.615,12.17,211.00,7.48
10.218,18221,464,50,2007,1999,2498,0.608,12.17,209.00,7.40
10.218,18222,464,50,2005,1998,2497,0.615,12.18,211.00,7.49
10.218,18223,464,50,2005,1997,2498,0.608,12.17,208.00,7.40
10.218,18224,464,50,2007,1999,2497,0.615,12.19,211.00,7.49
10.218,18225,464,50,2005,1998,2499,0.615,12.17,208.00,7.48
10.218,18226,464,50,2005,1998,2499,0.600,12.17,209.00,7.30
10.218,18227,464,50,2006,1997,2500,0.608,12.17,208.00,7.40
10.218,18228,464,50,2007,1998,2499,0.615,12.17,208.00,7.48
10.218,18229,464,50,2008,1999,2499,0.608,12.17,209.00,7.40
10.218,18230,587,50,2006,1998,2499,0.608,12.17,209.00,7.40
10.218,18231,587,50,2008,1999,2501,0.600,12.16,206.00,7.30
10.218,18232,587,50,2006,1998,2497,0.608,12.17,211.00,7.40
10.219,18233,587,50,2008,1999,2499,0.608,12.16,208.00,7.39
10.219,18234,587,50,2008,1999,2498,0.608,12.17,211.00,7.40
10.219,18235,587,50,2008,1999,2498,0.615,12.17,209.00,7.48
10.219,18236,587,50,2005,1996,2499,0.608,12.17,208.00,7.40
10.219,18237,587,50,2008,2000,2497,0.615,12.17,209.00,7.48
10.219,18238,587,50,2008,1999,2497,0.608,12.17,209.00,7.40
10.219,18239,587,50,2007,1999,2499,0.600,12.16,206.00,7.30
10.219,18240,587,50,2007,1999,2498,0.593,12.17,209.00,7.22
10.219,18241,587,50,2007,1998,2499,0.600,12.16,208.00,7.30
10.219,18242,587,50,2007,1999,2497,0.608,12.18,211.00,7.40
10.219,18243,587,50,2005,1998,2497,0.608,12.17,209.00,7.40
10.219,18244,587,50,2006,1998,2499,0.593,12.17,208.00,7.22
10.219,18245,587,50,2006,1997,2499,0.600,12.18,208.00,7.31
10.219,18246,587,50,2007,1997,2499,0.600,12.17,208.00,7.30
10.219,18247,587,50,2007,1999,2500,0.615,12.17,206.00,7.48
10.219,18248,587,50,2007,1999,2499,0.600,12.16,208.00,7.30
10.219,18249,587,50,2007,1999,2498,0.615,12.18,209.00,7.49
10.219,18250,587,50,2006,1998,2499,0.593,12.17,209.00,7.22
10.219,18251,587,50,2007,1998,2498,0.615,12.18,211.00,7.49
10.219,18252,587,50,2008,1998,2498,0.600,12.17,209.00,7.30
10.219,18253,587,50,2007,1998,2497,0.608,12.18,211.00,7.40
10.219,18254,587,50,2006,1997,2497,0.600,12.17,209.00,7.30
10.219,18255,587,50,2006,1996,2499,0.600,12.17,208.00,7.30
10.219,18256,587,50,2009,2000,2497,0.608,12.17,209.00,7.40
10.219,18257,587,50,2008,1999,2499,0.593,12.16,208.00,7.21
10.219,18258,587,50,2007,1999,2498,0.600,12.17,208.00,7.30
10.220,18259,587,50,2008,2000,2497,0.615,12.18,211.00,7.49
10.220,18260,587,50,2006,1998,2497,0.615,12.18,209.00,7.49
10.220,18261,587,50,2007,1998,2498,0.600,12.16,208.00,7.30
10.220,18262,587,50,2006,1998,2498,0.600,12.18,206.00,7.31
10.220,18263,587,50,2005,1998,2498,0.608,12.18,209.00,7.40
10.220,18264,587,50,2007,1999,2498,0.608,12.18,209.00,7.40
10.220,18265,587,50,2007,2000,2499,0.600,12.17,208.00,7.30
10.220,18266,587,50,2007,2000,2498,0.608,12.18,209.00,7.40
10.220,18267,587,50,2008,2000,2499,0.600,12.17,208.00,7.30
10.220,18268,587,50,2008,2000,2500,0.608,12.18,208.00,7.40
10.220,18269,587,50,2006,1998,2499,0.608,12.17,209.00,7.40
10.220,18270,587,50,2005,1997,2500,0.608,12.17,208.00,7.40
10.220,18271,587,50,2008,1998,2498,0.600,12.16,209.00,7.30
10.220,18272,587,50,2007,1998,2497,0.608,12.18,209.00,7.40
10.220,18273,587,50,2006,1997,2498,0.593,12.16,209.00,7.21
10.220,18274,587,50,2006,1998,2497,0.608,12.18,209.00,7.40
10.220,18275,587,50,2008,1999,2497,0.615,12.17,209.00,7.48
10.220,18276,587,50,2009,1999,2498,0.608,12.17,208.00,7.40
10.220,18277,587,50,2008,1999,2498,0.608,12.18,208.00,7.40
10.220,18278,587,50,2006,1998,2498,0.600,12.17,208.00,7.30
10.220,18279,587,50,2007,1997,2498,0.608,12.17,208.00,7.40
10.221,18280,587,50,2006,1998,2498,0.608,12.17,208.00,7.40
10.221,18281,587,50,2007,1998,2498,0.600,12.18,209.00,7.31
10.221,18282,587,50,2006,1998,2498,0.600,12.17,209.00,7.30
10.221,18283,587,50,2007,1999,2498,0.608,12.18,209.00,7.40
10.221,18284,587,50,2006,1997,2499,0.600,12.17,208.00,7.30
10.221,18285,587,50,2006,1998,2500,0.600,12.17,206.00,7.30
10.221,18286,587,50,2005,1997,2501,0.600,12.17,206.00,7.30
10.221,18287,587,50,2006,1998,2500,0.608,12.17,208.00,7.40
10.221,18288,587,50,2007,1998,2499,0.615,12.19,208.00,7.49
10.221,18289,587,50,2007,1999,2498,0.608,12.18,211.00,7.40
10.221,18290,587,50,2006,1998,2497,0.600,12.18,211.00,7.31
10.221,18291,587,50,2006,1998,2498,0.608,12.17,208.00,7.40
10.221,18292,587,50,2007,1998,2498,0.608,12.17,209.00,7.40
10.221,18293,587,50,2006,1997,2499,0.600,12.17,206.00,7.30
10.221,18294,587,50,2005,1996,2498,0.593,12.17,209.00,7.22
10.221,18295,587,50,2005,1996,2498,0.593,12.16,208.00,7.21
10.221,18296,587,50,2006,1997,2497,0.615,12.17,209.00,7.48
10.222,18297,587,50,2006,1998,2496,0.608,12.18,211.00,7.40
10.222,18298,587,50,2005,1998,2497,0.608,12.18,209.00,7.40
10.222,18299,587,50,2006,1998,2497,0.615,12.18,209.00,7.49
10.222,18300,587,50,2005,1997,2497,0.608,12.17,211.00,7.40
10.222,18301,587,50,2007,1998,2500,0.600,12.16,206.00,7.30
10.222,18302,587,50,2006,1998,2500,0.608,12.16,206.00,7.39
10.222,18303,587,50,2004,1998,2501,0.600,12.16,205.00,7.30
10.222,18304,587,50,2005,1997,2500,0.600,12.15,206.00,7.29
10.222,18305,587,50,2007,1999,2499,0.600,12.17,208.00,7.30
10.222,18306,587,50,2006,1998,2499,0.608,12.17,209.00,7.40
10.222,18307,587,50,2005,1997,2498,0.600,12.17,209.00,7.30
10.222,18308,587,50,2005,1997,2498,0.593,12.16,209.00,7.21
10.222,18309,587,50,2007,1997,2498,0.600,12.16,208.00,7.30
10.222,18310,587,50,2006,1997,2499,0.600,12.17,208.00,7.30
10.222,18311,587,50,2006,1998,2497,0.593,12.17,209.00,7.22
10.222,18312,587,50,2004,1997,2496,0.593,12.16,209.00,7.21
10.222,18313,587,50,2007,1999,2498,0.600,12.18,208.00,7.31
10.222,18314,587,50,2007,1998,2497,0.600,12.16,209.00,7.30
10.222,18315,587,50,2006,1997,2498,0.600,12.17,206.00,7.30
10.222,18316,587,50,2006,1999,2498,0.600,12.17,208.00,7.30
10.223,18317,587,50,2005,1998,2497,0.608,12.18,209.00,7.40
10.223,18318,587,50,2007,1999,2498,0.608,12.18,208.00,7.40
10.223,18319,587,50,2007,1998,2498,0.600,12.17,209.00,7.30
10.223,18320,587,50,2005,1997,2498,0.600,12.18,209.00,7.31
10.223,18321,587,50,2004,1998,2498,0.615,12.17,211.00,7.48
10.223,18322,587,50,2004,1996,2500,0.593,12.16,208.00,7.21
10.223,18323,587,50,2007,1999,2500,0.608,12.17,208.00,7.40
10.223,18324,587,50,2007,2000,2499,0.600,12.15,208.00,7.29
10.223,18325,587,50,2004,1997,2499,0.600,12.15,208.00,7.29
10.223,18326,587,50,2005,1998,2499,0.622,12.17,208.00,7.57
10.223,18327,587,50,2007,1998,2499,0.600,12.16,206.00,7.30
10.223,18328,587,50,2006,1998,2498,0.608,12.17,208.00,7.40
10.223,18329,587,50,2005,1998,2496,0.608,12.18,211.00,7.40
10.223,18330,587,50,2004,1996,2498,0.600,12.17,208.00,7.30
10.223,18331,587,50,2004,1996,2499,0.600,12.16,205.00,7.30
10.223,18332,587,50,2006,1998,2497,0.608,12.17,208.00,7.40
10.223,18333,587,50,2005,1997,2496,0.600,12.16,209.00,7.30
10.223,18334,587,50,2005,1998,2499,0.600,12.16,206.00,7.30
10.224,18335,587,50,2004,1998,2497,0.608,12.18,209.00,7.40
10.224,18336,587,50,2005,1997,2498,0.600,12.16,208.00,7.30
10.224,18337,587,50,2006,1998,2498,0.600,12.17,209.00,7.30
10.224,18338,587,50,2006,1998,2498,0.600,12.18,208.00,7.31
10.224,18339,587,50,2003,1997,2500,0.600,12.17,208.00,7.30
10.224,18340,587,50,2004,1998,2499,0.608,12.18,208.00,7.40
10.224,18341,587,50,2005,1998,2499,0.608,12.18,208.00,7.40
10.224,18342,587,50,2006,1999,2499,0.608,12.17,208.00,7.40
10.224,18343,587,50,2005,1998,2500,0.600,12.16,206.00,7.30
10.224,18344,587,50,2003,1998,2498,0.608,12.17,209.00,7.40
10.224,18345,587,50,2004,1998,2496,0.608,12.18,212.00,7.40
10.224,18346,587,50,2006,1998,2498,0.608,12.18,208.00,7.40
10.224,18347,587,50,2005,1997,2498,0.608,12.17,208.00,7.40
10.224,18348,587,50,2004,1997,2496,0.600,12.17,208.00,7.30
10.224,18349,587,50,2004,1996,2497,0.622,12.19,209.00,7.58
10.224,18350,587,50,2004,1997,2497,0.608,12.17,208.00,7.40
10.224,18351,587,50,2006,1998,2498,0.586,12.16,208.00,7.13
10.224,18352,587,50,2005,1997,2498,0.600,12.16,208.00,7.30
10.224,18353,587,50,2004,1997,2497,0.600,12.17,208.00,7.30
10.224,18354,587,50,2002,1997,2497,0.593,12.17,211.00,7.22
10.225,18355,587,50,2005,1999,2497,0.608,12.18,211.00,7.40
10.225,18356,587,50,2006,1998,2498,0.600,12.18,209.00,7.31
10.225,18357,587,50,2007,1999,2498,0.608,12.17,211.00,7.40
10.225,18358,587,50,2007,1999,2498,0.608,12.18,209.00,7.40
10.225,18359,587,50,2006,2000,2499,0.593,12.17,208.00,7.22
10.225,18360,587,50,2005,1999,2499,0.600,12.17,209.00,7.30
10.225,18361,587,50,2007,1999,2499,0.593,12.17,209.00,7.22
10.225,18362,587,50,2007,1999,2498,0.600,12.16,209.00,7.30
10.225,18363,587,50,2005,1999,2498,0.586,12.16,208.00,7.13
10.225,18436,587,50,2005,1997,2497,0.593,12.16,209.00,7.21
10.225,18437,587,50,2003,1996,2499,0.593,12.16,208.00,7.21
10.225,18438,587,50,2002,1995,2499,0.600,12.16,206.00,7.30
10.227,18439,587,50,2004,1997,2497,0.600,12.18,211.00,7.31
10.228,18440,587,50,2002,1997,2499,0.600,12.17,209.00,7.30
10.229,18441,587,50,2004,1998,2501,0.600,12.18,206.00,7.31
10.232,18442,587,50,2005,1999,2502,0.593,12.17,208.00,7.22
10.234,18443,587,50,2005,1998,2502,0.600,12.17,208.00,7.30
10.236,18444,587,50,2005,1999,2501,0.615,12.19,209.00,7.49
10.238,18445,587,50,2003,1997,2501,0.593,12.17,208.00,7.22
10.240,18446,587,50,2003,1998,2500,0.593,12.16,208.00,7.21
10.242,18447,587,50,2005,1999,2499,0.593,12.18,208.00,7.22
10.244,18448,587,50,2005,1998,2499,0.593,12.16,208.00,7.21
10.246,18449,587,50,2004,1997,2499,0.600,12.17,206.00,7.30
10.248,18450,587,50,2003,1997,2499,0.593,12.16,208.00,7.21
10.251,18451,587,50,2003,1996,2499,0.586,12.16,206.00,7.13
10.252,18452,587,50,2005,1997,2497,0.600,12.18,211.00,7.31
10.255,18453,587,50,2003,1996,2497,0.593,12.16,209.00,7.21
10.257,18454,587,50,2004,1997,2497,0.600,12.16,209.00,7.30
10.258,18455,587,50,2004,1995,2500,0.593,12.17,208.00,7.22
10.260,18456,587,50,2005,1998,2499,0.593,12.16,208.00,7.21
10.261,18457,587,50,2005,1999,2500,0.593,12.17,206.00,7.22
10.264,18458,587,50,2004,1999,2501,0.593,12.16,208.00,7.21
10.266,18459,587,50,2003,1998,2500,0.593,12.16,209.00,7.21
10.267,18460,587,50,2005,1999,2500,0.593,12.17,211.00,7.22
10.270,18461,587,50,2005,1998,2500,0.600,12.18,209.00,7.31
10.273,18462,587,50,2005,1999,2500,0.600,12.17,211.00,7.30
10.274,18463,587,50,2006,1999,2502,0.600,12.17,208.00,7.30
10.276,18464,587,50,2003,1997,2500,0.600,12.16,206.00,7.30
10.277,18465,587,50,2005,1998,2499,0.600,12.17,208.00,7.30
10.280,18466,587,50,2005,1998,2498,0.586,12.16,208.00,7.13
10.282,18467,587,50,2006,1998,2498,0.586,12.15,208.00,7.12
10.284,18468,587,50,2004,1995,2499,0.600,12.16,206.00,7.30
10.286,18469,587,50,2004,1996,2498,0.593,12.17,208.00,7.22
10.289,18470,587,50,2005,1996,2497,0.600,12.17,209.00,7.30
10.290,18471,587,50,2005,1997,2499,0.593,12.18,209.00,7.22
10.292,18472,587,50,2004,1997,2498,0.600,12.17,211.00,7.30
10.293,18473,587,50,2003,1997,2499,0.600,12.17,209.00,7.30
10.296,18474,587,50,2004,1997,2501,0.586,12.17,208.00,7.13
10.298,18475,587,50,2004,1996,2502,0.586,12.17,208.00,7.13
10.300,18476,587,50,2004,1998,2503,0.586,12.17,209.00,7.13
10.302,18477,587,50,2005,1999,2503,0.586,12.16,208.00,7.13
10.305,18478,587,50,2006,2000,2502,0.593,12.17,208.00,7.22
10.306,18479,587,50,2005,1999,2502,0.593,12.17,206.00,7.22
10.309,18480,587,50,2005,1998,2499,0.608,12.18,211.00,7.40
10.310,18481,587,50,2006,1998,2498,0.608,12.18,211.00,7.40
10.313,18482,587,50,2005,1997,2499,0.593,12.16,209.00,7.21
10.315,18483,587,50,2005,1997,2499,0.593,12.16,206.00,7.21
10.845,18484,587,50,2005,1996,2499,0.578,12.15,208.00,7.02
10.845,18485,587,50,2006,1996,2498,0.593,12.17,208.00,7.22
10.845,18486,587,50,2005,1996,2498,0.593,12.17,208.00,7.22
10.845,18487,587,50,2004,1996,2497,0.586,12.17,211.00,7.13
10.846,18488,587,50,2004,1996,2498,0.593,12.17,209.00,7.22
10.846,18489,587,50,2005,1996,2500,0.586,12.17,208.00,7.13
10.846,18490,587,50,2005,1996,2500,0.593,12.17,209.00,7.22
10.846,18491,587,50,2005,1998,2501,0.593,12.16,211.00,7.21
10.846,18492,587,50,2005,1998,2501,0.593,12.17,209.00,7.22
10.846,18493,587,50,2005,1999,2503,0.608,12.18,208.00,7.40
10.846,18494,587,50,2006,2000,2502,0.593,12.16,208.00,7.21
10.846,18495,587,50,2007,2000,2502,0.593,12.16,206.00,7.21
10.846,18496,587,50,2007,2000,2501,0.586,12.17,209.00,7.13
10.846,18497,587,50,2007,2000,2502,0.593,12.17,205.00,7.22
10.846,18498,587,50,2007,2000,2499,0.586,12.16,209.00,7.13
10.846,18499,587,50,2006,1997,2498,0.600,12.18,211.00,7.31
10.846,18500,587,50,2005,1996,2499,0.593,12.17,208.00,7.22
10.846,18501,587,50,2006,1996,2498,0.586,12.17,208.00,7.13
10.846,18502,587,50,2006,1998,2498,0.600,12.17,209.00,7.30
10.846,18503,587,50,2005,1996,2497,0.593,12.17,209.00,7.22
10.846,18504,587,50,2005,1996,2499,0.593,12.17,208.00,7.22
10.847,18505,587,50,2005,1996,2503,0.586,12.17,205.00,7.13
10.847,18506,587,50,2005,1997,2501,0.593,12.17,209.00,7.22
10.847,18507,587,50,2004,1997,2501,0.593,12.17,209.00,7.22
10.847,18508,587,50,2006,1998,2502,0.586,12.16,209.00,7.13
10.847,18509,587,50,2005,2000,2502,0.593,12.18,208.00,7.22
10.847,18510,587,50,2006,1999,2501,0.600,12.17,209.00,7.30
10.847,18511,587,50,2006,1999,2503,0.586,12.16,208.00,7.13
10.847,18512,587,50,2006,1998,2503,0.593,12.16,206.00,7.21
10.847,18513,587,50,2006,1998,2503,0.600,12.16,205.00,7.30
10.847,18514,587,50,2004,1997,2500,0.593,12.16,208.00,7.21
10.847,18515,587,50,2005,1997,2498,0.593,12.17,208.00,7.22
10.847,18516,587,50,2006,1998,2497,0.600,12.18,211.00,7.31
10.847,18517,587,50,2005,1996,2497,0.600,12.18,209.00,7.31
10.848,18518,587,50,2004,1996,2498,0.600,12.18,208.00,7.31
10.848,18519,587,50,2004,1996,2498,0.600,12.18,208.00,7.31
10.848,18520,587,50,2006,1997,2498,0.586,12.17,211.00,7.13
10.848,18521,587,50,2004,1996,2500,0.600,12.17,208.00,7.30
10.848,18522,587,50,2004,1997,2502,0.593,12.17,208.00,7.22
10.848,18523,587,50,2006,2000,2501,0.586,12.15,209.00,7.12
10.848,18524,587,50,2006,2000,2502,0.600,12.17,208.00,7.30
10.848,18525,587,50,2005,1999,2502,0.600,12.18,209.00,7.31
10.848,18526,587,50,2005,1998,2503,0.586,12.16,209.00,7.13
10.848,18527,587,50,2007,2000,2503,0.600,12.18,208.00,7.31
10.848,18528,587,50,2005,1998,2502,0.593,12.17,208.00,7.22
10.848,18529,587,50,2004,1998,2502,0.600,12.17,208.00,7.30
10.849,18530,587,50,2005,1997,2500,0.600,12.16,209.00,7.30
10.849,18531,587,50,2004,1995,2500,0.586,12.16,208.00,7.13
10.849,18532,587,50,2006,1997,2499,0.600,12.17,206.00,7.30
10.849,18533,587,50,2006,1997,2497,0.593,12.17,209.00,7.22
10.849,18534,587,50,2005,1996,2498,0.593,12.17,209.00,7.22
10.849,18535,587,50,2006,1995,2498,0.593,12.18,209.00,7.22
10.849,18536,587,50,2007,1996,2497,0.593,12.18,211.00,7.22
10.849,18537,587,50,2006,1996,2501,0.586,12.17,206.00,7.13
10.849,18538,587,50,2005,1998,2500,0.600,12.17,209.00,7.30
10.849,18539,587,50,2006,1998,2500,0.586,12.17,211.00,7.13
10.849,18540,587,50,2006,1999,2502,0.593,12.18,209.00,7.22
10.849,18541,587,50,2005,1998,2501,0.593,12.18,211.00,7.22
10.849,18542,587,50,2006,1999,2504,0.586,12.17,208.00,7.13
10.849,18543,587,50,2006,1998,2502,0.593,12.17,211.00,7.22
10.849,18544,587,50,2005,1998,2503,0.586,12.16,209.00,7.13
10.849,18545,587,50,2004,1998,2501,0.608,12.18,209.00,7.40
10.849,18546,587,50,2005,1997,2501,0.600,12.17,208.00,7.30
10.849,18547,587,50,2004,1997,2499,0.593,12.17,209.00,7.22
10.849,18548,587,50,2005,1996,2498,0.586,12.17,209.00,7.13
10.849,18549,587,50,2007,1997,2498,0.593,12.16,208.00,7.21
10.849,18550,587,50,2005,1996,2498,0.578,12.17,208.00,7.03
10.850,18551,587,50,2005,1995,2498,0.593,12.17,211.00,7.22
10.850,18552,587,50,2006,1995,2499,0.586,12.16,208.00,7.13
10.850,18553,587,50,2004,1995,2500,0.593,12.17,208.00,7.22
10.850,18554,587,50,2004,1996,2499,0.586,12.16,209.00,7.13
10.850,18555,587,50,2006,1998,2500,0.600,12.18,211.00,7.31
10.850,18556,587,50,2004,1997,2503,0.593,12.16,206.00,7.21
10.850,18557,587,50,2006,2000,2503,0.586,12.16,208.00,7.13
10.850,18558,587,50,2006,1999,2505,0.600,12.16,208.00,7.30
10.850,18559,587,50,2007,2000,2504,0.600,12.17,208.00,7.30
10.850,18560,587,50,2006,1998,2503,0.593,12.16,209.00,7.21
10.850,18561,587,50,2007,2000,2503,0.586,12.16,208.00,7.13
10.850,18562,587,50,2005,1999,2502,0.593,12.16,206.00,7.21
10.850,18563,587,50,2006,1998,2498,0.600,12.18,212.00,7.31
10.850,18564,587,50,2006,1998,2499,0.586,12.18,208.00,7.14
10.850,18565,587,50,2005,1996,2499,0.600,12.17,208.00,7.30
10.850,18566,587,50,2005,1995,2498,0.586,12.17,211.00,7.13
10.851,18567,587,50,2006,1995,2497,0.593,12.17,211.00,7.22
10.851,18568,587,50,2007,1996,2498,0.593,12.17,209.00,7.22
10.851,18569,587,50,2005,1996,2500,0.593,12.17,209.00,7.22
10.851,18570,587,50,2006,1998,2501,0.593,12.17,208.00,7.22
10.851,18571,587,50,2007,1999,2502,0.600,12.17,206.00,7.30
10.851,18572,587,50,2008,2000,2503,0.600,12.17,208.00,7.30
10.851,18573,587,50,2006,1999,2503,0.586,12.18,209.00,7.14
10.851,18574,587,50,2008,2001,2503,0.593,12.18,211.00,7.22
10.851,18575,587,50,2008,2001,2503,0.593,12.17,211.00,7.22
10.851,18576,587,50,2007,2001,2503,0.600,12.18,209.00,7.31
10.851,18577,587,50,2005,2000,2503,0.600,12.17,209.00,7.30
10.851,18578,587,50,2005,1998,2502,0.593,12.17,209.00,7.22
10.851,18579,587,50,2005,1997,2501,0.600,12.17,208.00,7.30
10.851,18580,587,50,2005,1996,2500,0.600,12.17,208.00,7.30
10.851,18581,587,50,2006,1997,2498,0.600,12.18,209.00,7.31
10.851,18582,587,50,2005,1996,2496,0.600,12.18,211.00,7.31
10.851,18583,587,50,2007,1998,2497,0.600,12.17,209.00,7.30
10.851,18584,587,50,2007,1996,2498,0.593,12.18,209.00,7.22
10.851,18585,587,50,2006,1996,2500,0.600,12.17,208.00,7.30
10.851,18586,587,50,2006,1996,2500,0.593,12.18,211.00,7.22
10.852,18587,587,50,2006,1998,2501,0.593,12.17,209.00,7.22
10.852,18588,587,50,2007,2000,2502,0.593,12.17,209.00,7.22
10.852,18589,587,50,2005,1998,2504,0.593,12.17,209.00,7.22
10.852,18590,587,50,2004,1998,2505,0.593,12.17,208.00,7.22
10.852,18591,587,50,2005,1998,2506,0.593,12.16,206.00,7.21
10.852,18592,587,50,2007,2000,2503,0.593,12.17,211.00,7.22
10.852,18593,587,50,2006,1998,2503,0.586,12.16,208.00,7.13
10.852,18594,587,50,2004,1997,2502,0.586,12.16,211.00,7.13
10.852,18595,587,50,2006,1998,2500,0.593,12.18,211.00,7.22
10.852,18596,587,50,2005,1997,2498,0.593,12.18,211.00,7.22
10.852,18597,587,50,2005,1996,2499,0.578,12.16,208.00,7.03
10.852,18598,587,50,2005,1996,2497,0.593,12.18,209.00,7.22
10.852,18599,587,50,2004,1995,2498,0.586,12.17,211.00,7.13
10.852,18600,587,50,2006,1995,2499,0.593,12.17,208.00,7.22
10.852,18601,587,50,2006,1995,2500,0.586,12.16,208.00,7.13
10.852,18602,587,50,2006,1996,2500,0.593,12.17,211.00,7.22
10.852,18603,587,50,2006,1997,2501,0.593,12.17,211.00,7.22
10.852,18604,587,50,2006,1998,2502,0.600,12.17,211.00,7.30
10.852,18605,587,50,2005,1999,2505,0.608,12.18,208.00,7.40
10.852,18606,587,50,2005,1998,2504,0.608,12.16,208.00,7.39
10.853,18607,587,50,2005,2000,2504,0.593,12.17,209.00,7.22
10.853,18608,587,50,2005,1999,2504,0.593,12.17,208.00,7.22
10.853,18609,587,50,2006,1999,2503,0.586,12.19,209.00,7.14
10.853,18610,587,50,2005,1998,2502,0.600,12.16,209.00,7.30
10.853,18611,587,50,2006,1998,2500,0.600,12.18,211.00,7.31
10.853,18612,587,50,2005,1996,2501,0.600,12.16,208.00,7.30
10.853,18613,587,50,2007,1997,2498,0.593,12.17,211.00,7.22
10.853,18614,587,50,2003,1994,2498,0.578,12.15,211.00,7.02
10.853,18615,587,50,2006,1996,2497,0.608,12.18,211.00,7.40
10.853,18616,587,50,2005,1996,2498,0.578,12.16,208.00,7.03
10.853,18617,587,50,2006,1996,2499,0.600,12.17,211.00,7.30
10.853,18618,587,50,2007,1996,2501,0.586,12.17,209.00,7.13
10.853,18619,587,50,2004,1995,2503,0.578,12.16,208.00,7.03
10.853,18620,587,50,2005,1997,2503,0.586,12.16,208.00,7.13
10.853,18621,587,50,2005,1998,2504,0.586,12.16,209.00,7.13
10.854,18622,587,50,2006,1999,2505,0.593,12.18,209.00,7.22
10.854,18623,587,50,2005,1999,2505,0.600,12.16,208.00,7.30
10.854,18624,587,50,2006,2000,2503,0.600,12.18,211.00,7.31
10.854,18625,587,50,2006,1999,2503,0.593,12.17,211.00,7.22
10.854,18626,587,50,2005,1998,2503,0.600,12.17,208.00,7.30
10.854,18627,587,50,2005,1997,2501,0.586,12.15,208.00,7.12
10.854,18628,587,50,2005,1996,2500,0.600,12.18,208.00,7.31
10.854,18629,587,50,2005,1995,2500,0.593,12.17,206.00,7.22
10.854,18630,587,50,2005,1994,2498,0.586,12.16,209.00,7.13
10.854,18631,587,50,2006,1995,2497,0.600,12.18,211.00,7.31
10.854,18632,587,50,2005,1995,2499,0.593,12.16,208.00,7.21
10.854,18633,587,50,2004,1996,2500,0.593,12.17,209.00,7.22
10.854,18634,587,50,2005,1996,2501,0.593,12.17,208.00,7.22
10.854,18635,587,50,2005,1998,2502,0.600,12.18,209.00,7.31
10.854,18636,587,50,2006,1998,2503,0.608,12.18,209.00,7.40
10.855,18637,587,50,2006,2000,2503,0.600,12.18,209.00,7.31
10.855,18638,587,50,2006,1998,2504,0.593,12.16,209.00,7.21
10.855,18639,587,50,2005,1999,2504,0.593,12.17,209.00,7.22
10.855,18640,587,50,2005,2000,2503,0.593,12.18,209.00,7.22
10.855,18641,587,50,2004,1999,2505,0.593,12.16,206.00,7.21
10.855,18642,587,50,2005,1999,2502,0.593,12.16,209.00,7.21
10.855,18643,587,50,2005,1997,2501,0.593,12.17,209.00,7.22
10.855,18644,587,50,2006,1998,2500,0.578,12.17,208.00,7.03
10.855,18645,587,50,2006,1997,2497,0.593,12.18,211.00,7.22
10.855,18646,587,50,2005,1996,2499,0.586,12.18,208.00,7.14
10.855,18647,587,50,2007,1997,2498,0.593,12.18,209.00,7.22
10.855,18648,587,50,2006,1995,2500,0.593,12.17,206.00,7.22
10.855,18649,587,50,2005,1996,2500,0.586,12.16,209.00,7.13
10.855,18650,587,50,2005,1998,2500,0.600,12.19,211.00,7.31
10.855,18651,587,50,2006,1999,2502,0.586,12.18,208.00,7.14
10.855,18652,587,50,2006,2000,2504,0.593,12.17,208.00,7.22
10.855,18653,587,50,2005,2000,2503,0.600,12.19,211.00,7.31
10.855,18654,587,50,2006,2000,2505,0.593,12.17,208.00,7.22
10.855,18655,587,50,2007,2000,2503,0.593,12.17,211.00,7.22
10.855,18656,587,50,2006,1998,2505,0.600,12.18,208.00,7.31
10.855,18657,587,50,2004,1997,2503,0.586,12.17,209.00,7.13
10.855,18658,587,50,2005,1998,2501,0.586,12.17,211.00,7.13
10.855,18659,587,50,2006,1998,2499,0.600,12.18,211.00,7.31
10.856,18660,587,50,2005,1996,2500,0.600,12.19,206.00,7.31
10.856,18661,587,50,2005,1996,2498,0.608,12.18,209.00,7.40
10.856,18662,587,50,2006,1996,2498,0.593,12.17,209.00,7.22
10.856,18663,587,50,2005,1994,2499,0.600,12.17,208.00,7.30
10.856,18664,587,50,2007,1995,2500,0.600,12.18,208.00,7.31
10.856,18665,587,50,2006,1997,2501,0.593,12.16,209.00,7.21
10.856,18666,587,50,2006,1997,2502,0.586,12.16,208.00,7.13
10.856,18667,587,50,2006,1999,2503,0.586,12.17,208.00,7.13
10.856,18668,587,50,2008,2001,2504,0.600,12.18,209.00,7.31
10.856,18669,587,50,2007,2000,2505,0.593,12.17,208.00,7.22
10.856,18670,587,50,2006,2001,2505,0.593,12.17,209.00,7.22
10.856,18671,587,50,2005,1999,2504,0.578,12.17,209.00,7.03
10.856,18672,587,50,2005,2000,2504,0.600,12.17,208.00,7.30
10.856,18673,587,50,2006,1998,2502,0.593,12.16,209.00,7.21
10.856,18674,587,50,2006,1999,2502,0.586,12.16,208.00,7.13
10.856,18675,587,50,2006,1997,2500,0.593,12.17,209.00,7.22
10.856,18676,587,50,2005,1996,2499,0.593,12.17,209.00,7.22
10.856,18677,587,50,2005,1995,2499,0.578,12.16,209.00,7.03
10.856,18678,587,50,2005,1994,2498,0.593,12.17,209.00,7.22
10.856,18679,587,50,2004,1995,2498,0.593,12.17,209.00,7.22
10.856,18680,587,50,2004,1995,2498,0.586,12.17,209.00,7.13
10.856,18681,587,50,2005,1997,2500,0.578,12.16,209.00,7.03
10.857,18682,587,50,2004,1996,2501,0.586,12.16,209.00,7.13
10.857,18683,587,50,2006,2000,2504,0.586,12.15,208.00,7.12
10.857,18684,587,50,2005,2000,2505,0.600,12.16,208.00,7.30
10.857,18685,587,50,2007,2001,2505,0.578,12.15,208.00,7.02
10.857,18686,587,50,2006,2000,2506,0.593,12.16,206.00,7.21
10.857,18687,587,50,2006,2000,2504,0.571,12.15,208.00,6.94
10.857,18750,587,50,2003,1999,2503,0.586,12.16,208.00,7.13
10.857,18751,587,50,2005,2000,2503,0.586,12.16,208.00,7.13
10.857,18752,587,50,2006,1999,2502,0.586,12.17,208.00,7.13
10.857,18753,587,50,2005,1997,2501,0.586,12.16,208.00,7.13
10.857,18754,587,50,2003,1995,2498,0.593,12.17,211.00,7.22
10.859,18755,587,50,2004,1995,2497,0.593,12.17,211.00,7.22
10.860,18756,587,50,2004,1995,2499,0.600,12.17,208.00,7.30
10.862,18757,587,50,2007,1996,2499,0.586,12.18,209.00,7.14
10.865,18758,587,50,2005,1996,2500,0.593,12.16,209.00,7.21
10.866,18759,587,50,2004,1996,2503,0.593,12.16,206.00,7.21
10.868,18760,587,50,2007,1998,2503,0.600,12.16,209.00,7.30
10.870,18761,587,50,2007,1999,2503,0.586,12.16,209.00,7.13
10.872,18762,587,50,2004,1998,2505,0.578,12.16,209.00,7.03
10.875,18763,587,50,2002,1998,2504,0.586,12.17,209.00,7.13
10.876,18764,587,50,2003,1999,2503,0.593,12.18,209.00,7.22
10.878,18765,587,50,2003,1999,2505,0.593,12.17,208.00,7.22
10.881,18766,587,50,2004,1998,2502,0.593,12.17,209.00,7.22
10.882,18767,587,50,2005,1998,2501,0.593,12.17,209.00,7.22
10.885,18768,587,50,2004,1997,2501,0.578,12.16,208.00,7.03
10.886,18769,587,50,2004,1996,2500,0.600,12.18,209.00,7.31
10.889,18770,587,50,2006,1996,2499,0.600,12.16,208.00,7.30
10.890,18771,587,50,2006,1996,2499,0.593,12.16,209.00,7.21
10.892,18772,587,50,2004,1996,2499,0.593,12.17,209.00,7.22
10.894,18773,587,50,2003,1996,2500,0.608,12.18,209.00,7.40
10.897,18774,587,50,2004,1996,2500,0.578,12.17,209.00,7.03
10.898,18775,587,50,2004,1997,2502,0.593,12.16,209.00,7.21
10.901,18776,587,50,2004,2000,2503,0.586,12.18,208.00,7.14
10.902,18777,587,50,2004,1999,2503,0.586,12.17,211.00,7.13
10.904,18778,587,50,2004,1998,2504,0.578,12.16,211.00,7.03
10.907,18779,587,50,2006,2000,2505,0.586,12.16,208.00,7.13
10.908,18780,587,50,2006,2000,2504,0.586,12.16,209.00,7.13
10.912,18781,587,50,2004,2000,2504,0.578,12.16,208.00,7.03
10.913,18782,587,50,2005,1998,2503,0.593,12.16,208.00,7.21
10.914,18783,587,50,2006,1999,2500,0.593,12.16,209.00,7.21
10.916,18784,587,50,2004,1996,2499,0.593,12.17,209.00,7.22
10.918,18785,587,50,2005,1997,2499,0.586,12.16,208.00,7.13
10.921,18786,587,50,2003,1995,2499,0.578,12.16,208.00,7.03
10.923,18787,587,50,2003,1996,2499,0.586,12.17,208.00,7.13
10.924,18788,587,50,2004,1995,2500,0.586,12.16,208.00,7.13
10.927,18789,587,50,2005,1996,2501,0.586,12.16,206.00,7.13
10.928,18790,587,50,2004,1997,2501,0.586,12.17,208.00,7.13
10.930,18791,587,50,2004,1997,2503,0.593,12.16,209.00,7.21
10.933,18792,587,50,2006,1999,2504,0.600,12.16,208.00,7.30
10.934,18793,587,50,2007,2002,2505,0.593,12.17,208.00,7.22
10.936,18794,587,50,2004,2000,2504,0.593,12.18,209.00,7.22
10.939,18795,587,50,2002,2000,2503,0.593,12.18,209.00,7.22
10.940,18796,587,50,2002,1999,2504,0.586,12.16,208.00,7.13
10.943,18797,587,50,2003,1999,2503,0.578,12.16,208.00,7.03
11.479,18798,587,50,2005,1999,2502,0.593,12.17,208.00,7.22
11.480,18799,587,50,2005,1999,2501,0.586,12.18,208.00,7.14
11.480,18800,587,50,2005,1998,2499,0.593,12.18,208.00,7.22
11.480,18801,587,50,2006,1998,2500,0.593,12.17,208.00,7.22
11.480,18802,587,50,2007,1998,2499,0.593,12.18,208.00,7.22
11.480,18803,587,50,2008,1997,2499,0.586,12.17,208.00,7.13
11.480,18804,587,50,2004,1996,2499,0.593,12.18,209.00,7.22
11.480,18805,587,50,2004,1997,2501,0.593,12.17,208.00,7.22
11.480,18806,587,50,2005,1998,2503,0.586,12.17,208.00,7.13
11.480,18807,587,50,2004,1999,2504,0.593,12.18,208.00,7.22
11.480,18808,587,50,2004,1999,2504,0.593,12.18,208.00,7.22
11.481,18809,587,50,2003,2001,2505,0.593,12.18,209.00,7.22
11.481,18810,587,50,2004,2001,2504,0.586,12.17,209.00,7.13
11.481,18811,587,50,2004,2000,2504,0.600,12.16,209.00,7.30
11.481,18812,587,50,2004,1998,2504,0.586,12.16,208.00,7.13
11.481,18813,587,50,2004,1998,2501,0.600,12.18,209.00,7.31
11.481,18814,587,50,2005,1999,2501,0.586,12.17,208.00,7.13
11.481,18815,587,50,2005,1997,2501,0.578,12.17,208.00,7.03
11.481,18816,587,50,2006,1997,2500,0.593,12.18,208.00,7.22
11.481,18817,587,50,2005,1995,2499,0.593,12.17,208.00,7.22
11.481,18818,587,50,2005,1997,2499,0.593,12.18,208.00,7.22
11.481,18819,587,50,2005,1998,2499,0.593,12.17,208.00,7.22
11.481,18820,587,50,2004,1997,2499,0.593,12.17,209.00,7.22
11.481,18821,587,50,2004,1998,2501,0.586,12.18,208.00,7.14
11.481,18822,587,50,2002,1997,2502,0.600,12.17,208.00,7.30
11.481,18823,587,50,2002,1998,2504,0.586,12.16,208.00,7.13
11.481,18824,587,50,2004,1999,2504,0.593,12.17,209.00,7.22
11.481,18825,587,50,2006,2001,2504,0.586,12.16,211.00,7.13
11.481,18826,587,50,2004,2000,2504,0.586,12.16,209.00,7.13
11.481,18827,587,50,2004,2000,2505,0.586,12.17,208.00,7.13
11.481,18828,587,50,2002,1998,2504,0.578,12.16,206.00,7.03
11.481,18829,587,50,2004,1998,2502,0.593,12.17,208.00,7.22
11.481,18830,587,50,2004,1997,2499,0.600,12.18,209.00,7.31
11.481,18831,587,50,2004,1998,2500,0.578,12.14,208.00,7.02
11.481,18832,587,50,2004,1997,2499,0.586,12.17,208.00,7.13
11.482,18833,587,50,2003,1996,2498,0.593,12.18,209.00,7.22
11.482,18834,587,50,2005,1996,2499,0.586,12.16,209.00,7.13
11.482,18835,587,50,2005,1997,2499,0.600,12.18,209.00,7.31
11.482,18836,587,50,2003,1996,2502,0.586,12.17,209.00,7.13
11.482,18837,587,50,2003,1997,2503,0.578,12.16,208.00,7.03
11.482,18838,587,50,2005,1997,2504,0.586,12.17,208.00,7.13
11.482,18839,587,50,2005,1999,2504,0.586,12.17,209.00,7.13
11.482,18840,587,50,2003,2000,2504,0.608,12.18,211.00,7.40
11.482,18841,587,50,2003,2000,2504,0.578,12.17,208.00,7.03
11.482,18842,587,50,2002,2001,2504,0.586,12.16,209.00,7.13
11.482,18843,587,50,2003,1999,2503,0.593,12.17,209.00,7.22
11.482,18844,587,50,2003,1998,2501,0.593,12.17,209.00,7.22
11.482,18845,587,50,2003,1997,2500,0.586,12.16,208.00,7.13
11.482,18846,587,50,2003,1996,2499,0.593,12.17,209.00,7.22
11.482,18847,587,50,2003,1996,2499,0.586,12.17,208.00,7.13
11.482,18848,587,50,2004,1993,2500,0.578,12.16,206.00,7.03
11.482,18849,587,50,2006,1995,2498,0.586,12.16,209.00,7.13
11.482,18850,587,50,2004,1995,2498,0.600,12.17,211.00,7.30
11.482,18851,587,50,2003,1995,2501,0.593,12.16,208.00,7.21
11.482,18852,587,50,2004,1996,2503,0.578,12.16,209.00,7.03
11.482,18853,587,50,2003,1998,2502,0.586,12.16,209.00,7.13
11.482,18854,587,50,2002,1998,2503,0.586,12.17,209.00,7.13
11.482,18855,587,50,2001,1998,2503,0.586,12.16,211.00,7.13
11.482,18856,587,50,2003,2000,2505,0.586,12.17,208.00,7.13
11.483,18857,587,50,2005,2001,2504,0.586,12.15,209.00,7.12
11.483,18858,587,50,2005,1999,2502,0.608,12.18,211.00,7.40
11.483,18859,587,50,2003,1998,2503,0.586,12.16,208.00,7.13
11.483,18860,587,50,2002,1996,2502,0.586,12.16,208.00,7.13
11.483,18861,587,50,2002,1995,2499,0.586,12.17,209.00,7.13
11.483,18862,587,50,2004,1995,2498,0.593,12.17,209.00,7.22
11.483,18863,587,50,2004,1995,2498,0.586,12.16,209.00,7.13
11.483,18864,587,50,2003,1994,2498,0.578,12.16,209.00,7.03
11.483,18865,587,50,2003,1997,2499,0.593,12.16,209.00,7.21
11.483,18866,587,50,2004,1996,2500,0.586,12.16,208.00,7.13
11.483,18867,587,50,2004,1997,2502,0.586,12.15,206.00,7.12
11.483,18868,587,50,2002,1996,2503,0.586,12.17,208.00,7.13
11.483,18869,587,50,2002,1998,2504,0.593,12.17,208.00,7.22
11.483,18870,587,50,2003,1999,2504,0.586,12.17,209.00,7.13
11.483,18871,587,50,2005,2000,2504,0.586,12.17,209.00,7.13
11.483,18872,587,50,2004,1998,2503,0.578,12.16,209.00,7.03
11.483,18873,587,50,2003,1999,2503,0.578,12.16,209.00,7.03
11.483,18874,587,50,2002,1997,2502,0.586,12.16,209.00,7.13
11.483,18875,587,50,2005,1998,2502,0.586,12.17,208.00,7.13
11.483,18876,587,50,2003,1996,2501,0.593,12.17,208.00,7.22
11.483,18877,587,50,2004,1997,2499,0.600,12.16,208.00,7.30
11.483,18878,587,50,2002,1995,2499,0.600,12.16,208.00,7.30
11.483,18879,587,50,2002,1995,2498,0.593,12.18,209.00,7.22
11.483,18880,587,50,2004,1996,2498,0.593,12.17,209.00,7.22
11.484,18881,587,50,2004,1996,2499,0.586,12.17,211.00,7.13
11.484,18882,587,50,2003,1997,2501,0.600,12.17,208.00,7.30
11.484,18883,490,50,2002,1997,2502,0.593,12.18,211.00,7.22
11.484,18884,490,50,2003,1998,2504,0.586,12.16,209.00,7.13
11.484,18885,490,50,2005,1999,2505,0.593,12.16,208.00,7.21
11.484,18886,490,50,2003,2000,2504,0.593,12.17,209.00,7.22
11.484,18887,490,50,2003,2000,2504,0.593,12.16,209.00,7.21
11.484,18888,490,50,2002,1999,2504,0.593,12.17,209.00,7.22
11.484,18889,490,50,2002,1999,2502,0.586,12.17,209.00,7.13
11.484,18890,490,50,2003,1999,2501,0.600,12.17,209.00,7.30
11.484,18891,490,50,2003,1998,2499,0.600,12.17,211.00,7.30
11.484,18892,490,50,2003,1998,2499,0.600,12.17,208.00,7.30
11.484,18893,490,50,2002,1996,2501,0.593,12.15,205.00,7.21
11.484,18894,490,50,2004,1997,2499,0.593,12.17,208.00,7.22
11.484,18895,490,50,2005,1996,2500,0.586,12.15,206.00,7.12
11.484,18896,490,50,2004,1996,2500,0.586,12.17,208.00,7.13
11.484,18897,490,50,2005,1998,2501,0.593,12.18,209.00,7.22
11.484,18898,490,50,2005,1997,2502,0.593,12.17,209.00,7.22
11.484,18899,490,50,2004,1998,2504,0.600,12.17,208.00,7.30
11.484,18900,490,50,2004,1998,2503,0.586,12.16,209.00,7.13
11.484,18901,490,50,2002,1999,2504,0.593,12.17,209.00,7.22
11.485,18902,490,50,2000,1998,2505,0.586,12.16,208.00,7.13
11.485,18903,490,50,2004,2003,2503,0.586,12.16,209.00,7.13
11.485,18904,490,50,2002,2000,2504,0.586,12.16,206.00,7.13
11.485,18905,490,50,2003,1999,2502,0.593,12.17,208.00,7.22
11.485,18906,490,50,2003,1998,2500,0.593,12.17,208.00,7.22
11.485,18907,490,50,2002,1997,2500,0.593,12.17,208.00,7.22
11.485,18908,490,50,2004,1997,2498,0.600,12.18,211.00,7.31
11.485,18909,490,50,2005,1996,2499,0.593,12.16,209.00,7.21
11.485,18910,490,50,2005,1995,2499,0.600,12.17,209.00,7.30
11.485,18911,490,50,2003,1995,2501,0.578,12.15,209.00,7.02
11.485,18912,490,50,2003,1995,2501,0.593,12.17,208.00,7.22
11.485,18913,490,50,2004,1996,2502,0.586,12.17,208.00,7.13
11.485,18914,490,50,2004,1999,2502,0.586,12.17,209.00,7.13
11.485,18915,490,50,2002,1999,2504,0.586,12.16,208.00,7.13
11.485,18916,490,50,2000,1998,2506,0.586,12.15,208.00,7.12
11.485,18917,490,50,2002,2000,2505,0.586,12.17,208.00,7.13
11.485,18918,490,50,2003,1999,2506,0.600,12.16,206.00,7.30
11.486,18919,490,50,2003,1999,2504,0.593,12.17,209.00,7.22
11.486,18920,490,50,2002,1998,2503,0.593,12.18,209.00,7.22
11.486,18921,490,50,2001,1998,2502,0.600,12.18,208.00,7.31
11.486,18922,490,50,2002,1996,2502,0.586,12.16,206.00,7.13
11.486,18923,490,50,2004,1996,2500,0.593,12.17,208.00,7.22
11.486,18924,490,50,2004,1995,2499,0.593,12.17,208.00,7.22
11.486,18925,490,50,2003,1996,2500,0.586,12.15,208.00,7.12
11.486,18926,490,50,2002,1996,2501,0.586,12.15,206.00,7.12
11.486,18927,490,50,2003,1996,2499,0.586,12.18,211.00,7.14
11.486,18928,490,50,2002,1997,2501,0.593,12.17,209.00,7.22
11.486,18929,490,50,2001,1998,2502,0.586,12.17,208.00,7.13
11.486,18930,490,50,2001,1998,2502,0.593,12.16,209.00,7.21
11.486,18931,490,50,2001,1998,2505,0.593,12.16,208.00,7.21
11.486,18932,490,50,2004,2001,2506,0.586,12.15,206.00,7.12
11.486,18933,490,50,2005,2000,2505,0.578,12.16,208.00,7.03
11.486,18934,490,50,2003,1999,2503,0.608,12.18,209.00,7.40
11.486,18935,490,50,2003,1998,2505,0.586,12.15,206.00,7.12
11.486,18936,490,50,2002,1997,2503,0.593,12.17,208.00,7.22
11.487,18937,490,50,2004,1997,2500,0.586,12.17,209.00,7.13
11.487,18938,490,50,2004,1996,2499,0.593,12.17,209.00,7.22
11.487,18939,490,50,2003,1996,2498,0.600,12.16,209.00,7.30
11.487,18940,490,50,2000,1994,2500,0.593,12.17,205.00,7.22
11.487,18941,490,50,2003,1995,2500,0.593,12.16,206.00,7.21
11.487,18942,490,50,2004,1998,2500,0.586,12.16,208.00,7.13
11.487,18943,490,50,2003,1998,2500,0.586,12.18,211.00,7.14
11.487,18944,490,50,2002,1997,2503,0.600,12.16,209.00,7.30
11.487,18945,490,50,2003,1998,2502,0.586,12.17,209.00,7.13
11.487,18946,490,50,2004,1999,2503,0.600,12.18,209.00,7.31
11.487,18947,490,50,2004,1999,2504,0.600,12.18,211.00,7.31
11.487,18948,490,50,2002,1999,2506,0.593,12.16,206.00,7.21
11.487,18949,490,50,2001,1999,2505,0.593,12.16,208.00,7.21
11.487,18950,490,50,2001,1997,2505,0.586,12.16,206.00,7.13
11.487,18951,490,50,2004,2000,2503,0.586,12.15,208.00,7.12
11.487,18952,490,50,2004,1998,2500,0.600,12.18,211.00,7.31
11.487,18953,490,50,2003,1997,2500,0.593,12.17,208.00,7.22
11.487,18954,490,50,2000,1995,2501,0.586,12.15,206.00,7.12
11.487,18955,490,50,2002,1995,2499,0.593,12.16,208.00,7.21
11.487,18956,490,50,2004,1995,2499,0.600,12.17,208.00,7.30
11.487,18957,490,50,2003,1996,2501,0.586,12.17,208.00,7.13
11.487,18958,490,50,2003,1996,2501,0.600,12.17,208.00,7.30
11.487,18959,490,50,2004,1998,2502,0.600,12.18,209.00,7.31
11.487,18960,490,50,2004,1999,2504,0.600,12.18,209.00,7.31
11.488,18961,490,50,2004,1999,2504,0.586,12.17,209.00,7.13
11.488,18962,490,50,2002,1999,2505,0.600,12.16,209.00,7.30
11.488,18963,490,50,1999,1998,2504,0.578,12.15,209.00,7.02
11.488,18964,490,50,2000,1999,2504,0.593,12.17,209.00,7.22
11.488,18965,490,50,1999,1997,2506,0.578,12.15,206.00,7.02
11.488,18966,490,50,2002,1998,2502,0.586,12.16,211.00,7.13
11.488,18967,490,50,2003,1998,2503,0.578,12.15,206.00,7.02
11.488,18968,490,50,2000,1996,2502,0.593,12.17,206.00,7.22
11.488,18969,490,50,2002,1996,2498,0.586,12.19,209.00,7.14
11.488,18970,490,50,2003,1995,2500,0.586,12.16,206.00,7.13
11.488,18971,490,50,2004,1995,2500,0.600,12.16,208.00,7.30
11.488,18972,490,50,2003,1995,2500,0.593,12.17,209.00,7.22
11.488,18973,490,50,2003,1996,2502,0.600,12.16,208.00,7.30
11.488,18974,490,50,2003,1996,2503,0.593,12.15,208.00,7.21
11.488,18975,490,50,2005,1999,2503,0.593,12.17,209.00,7.22
11.488,18976,490,50,2002,1998,2504,0.586,12.16,209.00,7.13
11.488,18977,490,50,2000,1998,2503,0.600,12.18,211.00,7.31
11.488,18978,490,50,1999,1998,2505,0.593,12.16,208.00,7.21
11.488,18979,490,50,2002,2000,2506,0.586,12.16,206.00,7.13
11.488,18980,490,50,2003,2000,2503,0.593,12.17,209.00,7.22
11.488,18981,490,50,2001,1999,2504,0.586,12.16,206.00,7.13
11.488,18982,281,50,2002,1998,2503,0.600,12.17,208.00,7.30
11.488,18983,281,50,2002,1997,2500,0.593,12.16,209.00,7.21
11.488,18984,281,50,2003,1996,2502,0.600,12.17,208.00,7.30
11.489,18985,281,50,2004,1995,2498,0.600,12.18,211.00,7.31
11.489,18986,281,50,2003,1996,2500,0.593,12.16,208.00,7.21
11.489,18987,281,50,2001,1995,2501,0.578,12.16,208.00,7.03
11.489,18988,281,50,2002,1995,2502,0.578,12.17,206.00,7.03
11.489,18989,281,50,2001,1995,2503,0.578,12.16,206.00,7.03
11.489,18990,281,50,2001,1996,2503,0.593,12.17,206.00,7.22
11.489,18991,281,50,2000,1998,2503,0.586,12.16,209.00,7.13
11.489,18992,281,50,2000,1998,2503,0.593,12.17,209.00,7.22
11.489,18993,281,50,2001,1998,2505,0.593,12.17,209.00,7.22
11.489,18994,281,50,2003,2000,2504,0.586,12.16,209.00,7.13
11.489,18995,281,50,2002,1999,2503,0.593,12.16,211.00,7.21
11.489,18996,281,50,2001,1998,2502,0.593,12.16,209.00,7.21
11.489,18997,281,50,2002,1997,2503,0.608,12.18,209.00,7.40
11.489,18998,281,50,2002,1997,2502,0.593,12.16,208.00,7.21
11.489,18999,281,50,2004,1997,2501,0.600,12.17,208.00,7.30
11.489,19000,281,50,2004,1997,2500,0.600,12.16,208.00,7.30
11.489,19001,281,50,2003,1996,2500,0.600,12.17,208.00,7.30
11.489,19002,281,50,2002,1996,2501,0.593,12.17,208.00,7.22
11.489,19067,281,50,2005,2000,2505,0.586,12.16,208.00,7.13
11.489,19068,281,50,2002,2000,2505,0.586,12.16,209.00,7.13
11.489,19069,281,50,2001,2000,2504,0.586,12.17,209.00,7.13
11.489,19070,281,50,2001,2000,2504,0.593,12.18,212.00,7.22
11.490,19071,281,50,2002,2000,2503,0.600,12.18,211.00,7.31
11.493,19072,281,50,2002,1999,2503,0.586,12.16,209.00,7.13
11.494,19073,281,50,2001,1997,2502,0.586,12.16,209.00,7.13
11.497,19074,281,50,2003,1998,2501,0.593,12.16,209.00,7.21
11.498,19075,281,50,2002,1996,2501,0.578,12.15,208.00,7.02
11.500,19076,281,50,2005,1997,2500,0.593,12.16,209.00,7.21
11.502,19077,281,50,2005,1996,2500,0.586,12.16,208.00,7.13
11.504,19078,281,50,2004,1997,2500,0.593,12.17,209.00,7.22
11.506,19079,281,50,2004,1998,2502,0.586,12.16,208.00,7.13
11.508,19080,281,50,2002,1996,2501,0.578,12.17,209.00,7.03
11.510,19081,281,50,2003,1996,2503,0.586,12.16,208.00,7.13
11.513,19082,281,50,2003,1999,2502,0.586,12.17,211.00,7.13
11.514,19083,281,50,1999,1998,2505,0.578,12.16,209.00,7.03
11.516,19084,281,50,2000,1998,2505,0.593,12.17,208.00,7.22
11.519,19085,281,50,2001,1999,2505,0.586,12.17,209.00,7.13
11.520,19086,281,50,2001,1999,2504,0.586,12.17,211.00,7.13
11.523,19087,281,50,2001,1998,2503,0.593,12.17,209.00,7.22
11.524,19088,281,50,2002,1999,2502,0.593,12.17,208.00,7.22
11.525,19089,281,50,2002,1997,2501,0.586,12.16,208.00,7.13
11.528,19090,281,50,2002,1995,2502,0.578,12.15,206.00,7.02
11.530,19091,281,50,2004,1997,2500,0.586,12.18,209.00,7.14
11.531,19092,281,50,2003,1996,2500,0.586,12.16,209.00,7.13
11.534,19093,281,50,2001,1995,2502,0.571,12.14,208.00,6.93
11.537,19094,281,50,2002,1997,2501,0.586,12.16,209.00,7.13
11.538,19095,281,50,2003,1997,2502,0.593,12.17,208.00,7.22
11.541,19096,281,50,2002,1998,2502,0.593,12.18,209.00,7.22
11.542,19097,281,50,1998,1997,2503,0.586,12.16,209.00,7.13
11.544,19098,281,50,2000,1999,2503,0.600,12.18,211.00,7.31
11.547,19099,281,50,2001,1999,2503,0.593,12.17,212.00,7.22
11.548,19100,281,50,2002,2000,2504,0.586,12.16,209.00,7.13
11.550,19101,281,50,2001,1998,2505,0.571,12.15,208.00,6.94
11.552,19102,281,50,2003,2000,2504,0.578,12.17,208.00,7.03
11.554,19103,281,50,2003,1999,2503,0.593,12.17,208.00,7.22
11.556,19104,281,50,2002,1998,2502,0.586,12.15,208.00,7.12
11.558,19105,281,50,2004,1997,2501,0.578,12.14,208.00,7.02
11.560,19106,281,50,2004,1997,2500,0.586,12.15,208.00,7.12
11.563,19107,281,50,2003,1997,2499,0.593,12.17,209.00,7.22
11.564,19108,281,50,2001,1997,2500,0.593,12.18,209.00,7.22
11.567,19109,281,50,2003,1997,2499,0.600,12.19,211.00,7.31
11.568,19110,281,50,2002,1997,2502,0.578,12.15,208.00,7.02
11.571,19111,281,50,2000,1996,2502,0.586,12.17,209.00,7.13
11.572,19112,281,50,2001,2000,2504,0.578,12.15,208.00,7.02
11.573,19113,281,50,2001,1999,2506,0.593,12.16,206.00,7.21
11.576,19114,281,50,2002,2000,2505,0.586,12.15,208.00,7.12
11.578,19115,281,50,2003,2000,2505,0.593,12.17,209.00,7.22
12.130,19116,281,50,2003,1999,2506,0.578,12.16,206.00,7.03
12.130,19117,281,50,2002,2000,2504,0.578,12.15,208.00,7.02
12.130,19118,281,50,2004,1999,2503,0.600,12.17,208.00,7.30
12.130,19119,281,50,2003,1997,2503,0.586,12.16,208.00,7.13
12.130,19120,281,50,2005,1997,2500,0.593,12.18,209.00,7.22
12.130,19121,281,50,2002,1994,2500,0.593,12.18,209.00,7.22
12.130,19122,281,50,2004,1997,2499,0.593,12.16,208.00,7.21
12.130,19123,281,50,2003,1997,2501,0.593,12.16,208.00,7.21
12.130,19124,281,50,2005,1998,2500,0.600,12.18,209.00,7.31
12.130,19125,281,50,2003,1997,2500,0.593,12.18,211.00,7.22
12.130,19126,281,50,2001,1998,2501,0.600,12.17,211.00,7.30
12.130,19127,281,50,2000,1999,2502,0.600,12.18,209.00,7.31
12.131,19128,281,50,2001,1999,2503,0.600,12.18,212.00,7.31
12.131,19129,281,50,2003,2000,2506,0.593,12.16,208.00,7.21
12.131,19130,281,50,2003,2000,2505,0.593,12.17,209.00,7.22
12.131,19131,281,50,2002,1999,2505,0.608,12.18,209.00,7.40
12.131,19132,281,50,2002,2001,2504,0.586,12.16,208.00,7.13
12.131,19133,281,50,2003,1998,2503,0.593,12.16,209.00,7.21
12.131,19134,281,50,2003,1997,2501,0.586,12.16,211.00,7.13
12.131,19135,281,50,2002,1998,2501,0.593,12.17,209.00,7.22
12.131,19136,281,50,2003,1996,2500,0.586,12.17,209.00,7.13
12.131,19137,281,50,2000,1995,2500,0.593,12.17,208.00,7.22
12.131,19138,281,50,2001,1996,2499,0.586,12.17,209.00,7.13
12.131,19139,281,50,2002,1996,2499,0.593,12.17,209.00,7.22
12.131,19140,281,50,2002,1996,2502,0.593,12.16,208.00,7.21
12.131,19141,281,50,1999,1996,2503,0.593,12.17,208.00,7.22
12.131,19142,281,50,2001,1998,2504,0.586,12.16,209.00,7.13
12.131,19143,281,50,2002,1998,2505,0.586,12.16,208.00,7.13
12.131,19144,281,50,2004,2001,2504,0.593,12.17,211.00,7.22
12.131,19145,281,50,2001,1998,2506,0.586,12.15,206.00,7.12
12.131,19146,281,50,2002,2000,2503,0.600,12.17,212.00,7.30
12.131,19147,281,50,2002,2000,2502,0.600,12.18,211.00,7.31
12.131,19148,281,50,2001,1998,2502,0.586,12.17,209.00,7.13
12.131,19149,281,50,2003,1998,2501,0.586,12.17,209.00,7.13
12.132,19150,281,50,2003,1996,2501,0.586,12.17,208.00,7.13
12.132,19151,281,50,2002,1998,2500,0.586,12.15,208.00,7.12
12.132,19152,281,50,2003,1997,2499,0.593,12.16,209.00,7.21
12.132,19153,281,50,2002,1995,2499,0.593,12.17,209.00,7.22
12.132,19154,281,50,2003,1997,2500,0.578,12.15,208.00,7.02
12.132,19155,281,50,2002,1996,2501,0.586,12.16,208.00,7.13
12.132,19156,281,50,2001,1995,2502,0.586,12.17,209.00,7.13
12.132,19157,281,50,2003,1998,2502,0.593,12.17,212.00,7.22
12.132,19158,281,50,2004,1999,2504,0.586,12.17,211.00,7.13
12.132,19159,281,50,2005,2001,2504,0.593,12.17,211.00,7.22
12.132,19160,281,50,2003,2000,2504,0.586,12.17,211.00,7.13
12.132,19161,281,50,2000,2000,2506,0.578,12.15,206.00,7.02
12.132,19162,281,50,2003,2000,2502,0.593,12.16,211.00,7.21
12.132,19163,281,50,2003,1998,2501,0.593,12.18,212.00,7.22
12.132,19164,441,50,2003,1998,2500,0.608,12.19,211.00,7.41
12.132,19165,441,50,2000,1995,2500,0.578,12.16,211.00,7.03
12.132,19166,441,50,2001,1995,2498,0.593,12.17,211.00,7.22
12.133,19167,441,50,2001,1995,2499,0.586,12.16,209.00,7.13
12.133,19168,441,50,2003,1995,2498,0.593,12.17,212.00,7.22
12.133,19169,441,50,2003,1996,2499,0.571,12.15,211.00,6.94
12.133,19170,441,50,2004,1997,2501,0.593,12.17,209.00,7.22
12.133,19171,441,50,2001,1997,2502,0.608,12.18,209.00,7.40
12.133,19172,441,50,2002,1997,2503,0.593,12.17,208.00,7.22
12.133,19173,441,50,2004,1999,2503,0.593,12.18,211.00,7.22
12.133,19174,441,50,2003,1999,2505,0.586,12.18,209.00,7.14
12.133,19175,441,50,2002,2000,2505,0.593,12.18,209.00,7.22
12.133,19176,441,50,2000,2000,2504,0.586,12.18,211.00,7.14
12.133,19177,441,50,2002,1999,2504,0.586,12.15,209.00,7.12
12.133,19178,441,50,2002,1998,2503,0.593,12.18,209.00,7.22
12.133,19179,441,50,2002,1998,2500,0.593,12.17,212.00,7.22
12.133,19180,441,50,2003,1998,2501,0.586,12.17,209.00,7.13
12.133,19181,441,50,2002,1997,2499,0.600,12.18,209.00,7.31
12.133,19182,441,50,2003,1997,2499,0.593,12.16,209.00,7.21
12.133,19183,441,50,2004,1997,2500,0.578,12.16,208.00,7.03
12.133,19184,441,50,2003,1996,2498,0.593,12.18,212.00,7.22
12.134,19185,441,50,2003,1996,2500,0.586,12.17,211.00,7.13
12.134,19186,441,50,2002,1996,2502,0.586,12.17,209.00,7.13
12.134,19187,441,50,2003,1997,2503,0.593,12.17,209.00,7.22
12.134,19188,441,50,2003,1998,2504,0.593,12.17,208.00,7.22
12.134,19189,441,50,2003,1998,2504,0.593,12.17,209.00,7.22
12.134,19190,441,50,2000,1999,2505,0.593,12.17,209.00,7.22
12.134,19191,441,50,1999,1998,2504,0.586,12.17,209.00,7.13
12.134,19192,441,50,2000,1999,2503,0.593,12.17,211.00,7.22
12.134,19193,441,50,2000,1998,2502,0.586,12.16,209.00,7.13
12.134,19194,441,50,2001,1997,2502,0.593,12.16,209.00,7.21
12.134,19195,441,50,2001,1998,2500,0.593,12.18,211.00,7.22
12.134,19196,441,50,2000,1996,2500,0.600,12.17,208.00,7.30
12.134,19197,441,50,2002,1994,2500,0.586,12.17,208.00,7.13
12.134,19198,441,50,2003,1995,2500,0.600,12.17,208.00,7.30
12.134,19199,441,50,2002,1994,2501,0.600,12.17,208.00,7.30
12.134,19200,441,50,2003,1996,2501,0.593,12.18,209.00,7.22
12.134,19201,441,50,2002,1997,2501,0.586,12.17,209.00,7.13
12.134,19202,441,50,2005,1999,2502,0.600,12.18,209.00,7.31
12.134,19203,441,50,2003,2000,2503,0.608,12.18,211.00,7.40
12.134,19204,441,50,2002,2000,2504,0.593,12.17,209.00,7.22
12.135,19205,441,50,2000,2000,2503,0.593,12.18,211.00,7.22
12.135,19206,441,50,2001,2001,2504,0.600,12.18,211.00,7.31
12.135,19207,441,50,2000,1998,2505,0.593,12.17,208.00,7.22
12.135,19208,441,50,2001,1999,2503,0.600,12.18,208.00,7.31
12.135,19209,441,50,2002,2000,2502,0.586,12.18,208.00,7.14
12.135,19210,441,50,2003,1999,2500,0.600,12.16,211.00,7.30
12.135,19211,441,50,2001,1998,2499,0.586,12.17,209.00,7.13
12.135,19212,441,50,2005,1997,2499,0.593,12.16,208.00,7.21
12.135,19213,441,50,2004,1996,2498,0.600,12.18,211.00,7.31
12.135,19214,441,50,2002,1995,2499,0.608,12.18,211.00,7.40
12.135,19215,441,50,2002,1996,2502,0.593,12.16,206.00,7.21
12.135,19216,441,50,2002,1997,2501,0.608,12.18,209.00,7.40
12.135,19217,441,50,2004,1998,2501,0.586,12.17,211.00,7.13
12.135,19218,441,50,2002,1999,2505,0.586,12.16,208.00,7.13
12.135,19219,441,50,2000,2000,2504,0.586,12.17,208.00,7.13
12.135,19220,441,50,1999,1999,2505,0.593,12.16,206.00,7.21
12.135,19221,441,50,2001,2001,2504,0.593,12.17,209.00,7.22
12.135,19222,441,50,2002,2000,2503,0.600,12.18,211.00,7.31
12.135,19223,441,50,2001,1999,2504,0.600,12.17,208.00,7.30
12.135,19224,442,50,2001,1998,2502,0.593,12.16,208.00,7.21
12.137,19225,442,50,2000,1997,2500,0.608,12.17,209.00,7.40
12.137,19226,442,50,2003,1998,2500,0.586,12.18,209.00,7.14
12.137,19227,442,50,2004,1995,2500,0.600,12.17,209.00,7.30
12.137,19228,442,50,2003,1994,2501,0.586,12.16,208.00,7.13
12.137,19229,442,50,2002,1994,2499,0.586,12.17,209.00,7.13
12.137,19230,442,50,2003,1997,2499,0.600,12.19,212.00,7.31
12.137,19231,442,50,2003,1996,2501,0.600,12.17,208.00,7.30
12.137,19232,442,50,2005,1999,2501,0.600,12.17,211.00,7.30
12.137,19233,442,50,2001,1998,2502,0.593,12.18,211.00,7.22
12.137,19234,442,50,2000,1999,2504,0.586,12.18,209.00,7.14
12.137,19235,442,50,2000,2001,2504,0.593,12.17,209.00,7.22
12.137,19236,442,50,1999,1998,2505,0.586,12.16,206.00,7.13
12.137,19237,442,50,2001,2000,2504,0.593,12.17,208.00,7.22
12.137,19238,442,50,2001,1999,2503,0.593,12.17,209.00,7.22
12.137,19239,442,50,2000,1997,2503,0.600,12.17,208.00,7.30
12.137,19240,442,50,2001,1996,2500,0.593,12.16,209.00,7.21
12.137,19241,442,50,2003,1997,2499,0.586,12.16,211.00,7.13
12.137,19242,442,50,2003,1995,2499,0.593,12.17,209.00,7.22
12.137,19243,442,50,2003,1995,2500,0.593,12.17,209.00,7.22
12.137,19244,442,50,2002,1995,2500,0.600,12.17,209.00,7.30
12.137,19245,442,50,2001,1995,2501,0.593,12.17,208.00,7.22
12.138,19246,442,50,2004,1998,2500,0.593,12.17,209.00,7.22
12.138,19247,442,50,2002,1997,2502,0.593,12.17,208.00,7.22
12.138,19248,442,50,2001,1998,2501,0.593,12.17,211.00,7.22
12.138,19249,442,50,1999,1999,2502,0.578,12.16,211.00,7.03
12.138,19250,442,50,2000,2000,2502,0.600,12.19,212.00,7.31
12.138,19251,442,50,2001,1999,2504,0.600,12.18,209.00,7.31
12.138,19252,442,50,2000,1998,2505,0.586,12.16,208.00,7.13
12.138,19253,442,50,2002,1999,2503,0.600,12.18,209.00,7.31
12.138,19254,442,50,2002,1999,2501,0.593,12.17,211.00,7.22
12.138,19255,442,50,2001,1998,2501,0.586,12.15,208.00,7.12
12.138,19256,442,50,2003,1997,2500,0.586,12.16,209.00,7.13
12.138,19257,442,50,2005,1996,2499,0.586,12.16,209.00,7.13
12.138,19258,442,50,2003,1996,2499,0.586,12.17,211.00,7.13
12.138,19259,442,50,2002,1996,2501,0.593,12.17,206.00,7.22
12.138,19260,442,50,2002,1997,2501,0.600,12.16,208.00,7.30
12.138,19261,442,50,2003,1997,2500,0.586,12.18,209.00,7.14
12.138,19262,442,50,2001,1996,2503,0.586,12.17,206.00,7.13
12.138,19263,442,50,1999,1997,2502,0.593,12.18,209.00,7.22
12.138,19264,442,50,1999,1997,2504,0.586,12.16,209.00,7.13
12.138,19265,442,50,2000,1998,2504,0.593,12.16,211.00,7.21
12.138,19266,442,50,2001,2000,2505,0.593,12.16,206.00,7.21
12.138,19267,442,50,2002,2000,2504,0.586,12.17,208.00,7.13
12.138,19268,442,50,2001,1999,2504,0.593,12.16,208.00,7.21
12.139,19269,442,50,2001,1998,2503,0.600,12.18,208.00,7.31
12.139,19270,442,50,2001,1996,2500,0.593,12.17,209.00,7.22
12.139,19271,442,50,2002,1995,2500,0.586,12.16,211.00,7.13
12.139,19272,442,50,2003,1995,2499,0.600,12.18,209.00,7.31
12.139,19273,442,50,2001,1994,2499,0.578,12.16,211.00,7.03
12.139,19274,442,50,2003,1997,2499,0.593,12.17,211.00,7.22
12.139,19275,442,50,2003,1997,2500,0.593,12.17,208.00,7.22
12.139,19276,442,50,2004,1998,2501,0.586,12.17,209.00,7.13
12.139,19277,442,50,2001,1997,2502,0.608,12.17,209.00,7.40
12.139,19278,442,50,1999,1998,2502,0.593,12.18,209.00,7.22
12.139,19279,442,50,2000,1999,2502,0.593,12.17,211.00,7.22
12.139,19280,442,50,2000,2000,2503,0.600,12.18,211.00,7.31
12.139,19281,442,50,2003,2001,2505,0.586,12.16,209.00,7.13
12.139,19282,442,50,2002,1999,2504,0.586,12.16,208.00,7.13
12.139,19283,442,50,2001,1999,2505,0.593,12.16,206.00,7.21
12.139,19284,442,50,2002,1997,2503,0.586,12.17,208.00,7.13
12.139,19285,442,50,2002,1997,2500,0.586,12.17,211.00,7.13
12.139,19286,442,50,2003,1996,2499,0.593,12.17,209.00,7.22
12.140,19287,442,50,2002,1995,2499,0.578,12.16,209.00,7.03
12.140,19288,442,50,2002,1995,2499,0.593,12.18,209.00,7.22
12.140,19289,442,50,2000,1995,2499,0.578,12.16,211.00,7.03
12.140,19290,442,50,2001,1995,2499,0.586,12.16,211.00,7.13
12.140,19291,442,50,2002,1997,2500,0.593,12.17,209.00,7.22
12.140,19292,664,50,2001,1998,2500,0.600,12.19,211.00,7.31
12.140,19293,664,50,1999,1998,2503,0.593,12.16,208.00,7.21
12.140,19294,664,50,2000,1999,2504,0.586,12.16,208.00,7.13
12.140,19295,664,50,2001,1999,2506,0.578,12.16,208.00,7.03
12.140,19296,664,50,2002,2000,2505,0.593,12.17,208.00,7.22
12.140,19297,664,50,2002,1999,2505,0.586,12.16,208.00,7.13
12.140,19298,664,50,2002,1998,2503,0.600,12.18,208.00,7.31
12.140,19299,664,50,2002,1999,2503,0.586,12.17,206.00,7.13
12.140,19300,664,50,2003,1998,2502,0.586,12.16,208.00,7.13
12.140,19301,664,50,2004,1997,2501,0.578,12.17,208.00,7.03
12.140,19302,664,50,2005,1998,2500,0.593,12.16,208.00,7.21
12.140,19303,664,50,2001,1995,2500,0.578,12.17,209.00,7.03
12.140,19304,664,50,2001,1996,2499,0.593,12.17,209.00,7.22
12.140,19305,664,50,2003,1996,2500,0.593,12.16,209.00,7.21
12.140,19306,664,50,2002,1997,2500,0.586,12.17,208.00,7.13
12.140,19307,664,50,2000,1997,2501,0.593,12.16,209.00,7.21
12.140,19308,664,50,1999,1997,2503,0.593,12.17,208.00,7.22
12.140,19309,664,50,2000,1998,2504,0.593,12.16,209.00,7.21
12.140,19310,664,50,2002,1999,2503,0.593,12.17,211.00,7.22
12.140,19311,664,50,2002,1998,2505,0.586,12.17,208.00,7.13
12.140,19312,664,50,2003,1998,2504,0.593,12.17,208.00,7.22
12.140,19313,664,50,2001,1997,2503,0.586,12.17,208.00,7.13
12.140,19314,664,50,2002,1999,2503,0.578,12.16,208.00,7.03
12.140,19315,664,50,2002,1997,2502,0.578,12.15,208.00,7.02
12.141,19316,664,50,2004,1996,2499,0.593,12.16,211.00,7.21
12.141,19317,664,50,2003,1996,2498,0.593,12.17,212.00,7.22
12.141,19318,664,50,2001,1996,2499,0.593,12.18,211.00,7.22
12.141,19319,664,50,2001,1996,2500,0.586,12.17,208.00,7.13
12.141,19393,997,50,2001,1995,2498,0.586,12.17,212.00,7.13
12.141,19394,997,50,2001,1994,2499,0.586,12.16,209.00,7.13
12.141,19395,997,50,2000,1994,2499,0.578,12.16,209.00,7.03
12.141,19396,997,50,2000,1995,2500,0.586,12.17,211.00,7.13
12.142,19397,997,50,2000,1996,2502,0.586,12.15,206.00,7.12
12.144,19398,997,50,2001,1997,2503,0.593,12.16,208.00,7.21
12.146,19399,997,50,2003,1999,2504,0.578,12.15,208.00,7.02
12.148,19400,997,50,2003,1998,2506,0.586,12.15,206.00,7.12
12.149,19401,997,50,2002,1999,2504,0.586,12.16,209.00,7.13
12.152,19402,997,50,2001,1998,2505,0.593,12.16,208.00,7.21
12.155,19403,997,50,2000,1997,2504,0.586,12.17,208.00,7.13
12.156,19404,997,50,2001,1998,2502,0.586,12.16,211.00,7.13
12.159,19405,997,50,2001,1996,2502,0.593,12.17,206.00,7.22
12.160,19406,997,50,2001,1996,2501,0.600,12.16,206.00,7.30
12.162,19407,997,50,2000,1996,2499,0.593,12.16,209.00,7.21
12.164,19408,997,50,2000,1995,2499,0.593,12.16,208.00,7.21
12.165,19409,997,50,2002,1995,2498,0.600,12.18,211.00,7.31
12.169,19410,997,50,2002,1996,2500,0.593,12.17,208.00,7.22
12.170,19411,997,50,2000,1995,2501,0.593,12.17,208.00,7.22
12.171,19412,997,50,2001,1998,2502,0.586,12.16,208.00,7.13
12.174,19413,997,50,2001,1997,2502,0.593,12.17,209.00,7.22
12.176,19414,997,50,2002,1997,2505,0.593,12.16,206.00,7.21
12.178,19415,997,50,2003,1999,2504,0.586,12.19,209.00,7.14
12.180,19416,997,50,2001,1998,2506,0.586,12.17,206.00,7.13
12.181,19417,997,50,2002,2001,2504,0.600,12.18,209.00,7.31
12.184,19418,997,50,2001,1999,2505,0.586,12.15,206.00,7.12
12.186,19419,997,50,2001,1998,2502,0.593,12.17,209.00,7.22
12.189,19420,997,50,2002,1997,2502,0.578,12.16,208.00,7.03
12.190,19421,997,50,2001,1996,2500,0.593,12.17,208.00,7.22
12.192,19422,997,50,2000,1995,2501,0.600,12.17,206.00,7.30
12.194,19423,997,50,2001,1995,2498,0.593,12.18,211.00,7.22
12.196,19424,997,50,2001,1995,2500,0.593,12.16,208.00,7.21
12.197,19425,997,50,2002,1995,2500,0.600,12.18,208.00,7.31
12.200,19426,997,50,2002,1996,2501,0.586,12.16,208.00,7.13
12.202,19427,997,50,2000,1995,2502,0.600,12.17,208.00,7.30
12.204,19428,997,50,2002,1997,2502,0.586,12.16,209.00,7.13
12.206,19429,997,50,2002,1997,2504,0.586,12.17,208.00,7.13
12.209,19430,997,50,2002,1997,2505,0.586,12.16,209.00,7.13
12.210,19431,997,50,2002,1999,2502,0.593,12.18,212.00,7.22
12.213,19432,997,50,1999,1998,2504,0.593,12.17,209.00,7.22
12.214,19433,997,50,2001,1999,2503,0.593,12.17,209.00,7.22
12.216,19434,665,50,2001,1997,2503,0.586,12.16,208.00,7.13
12.219,19435,665,50,2001,1997,2502,0.600,12.18,208.00,7.31
12.220,19436,665,50,2001,1996,2501,0.593,12.17,209.00,7.22
12.223,19437,665,50,2000,1994,2500,0.593,12.16,206.00,7.21
12.225,19438,665,50,2000,1993,2499,0.578,12.16,209.00,7.03
12.226,19439,665,50,2003,1995,2497,0.600,12.17,212.00,7.30
12.228,19440,665,50,2001,1994,2500,0.593,12.16,208.00,7.21
12.230,19441,665,50,2003,1997,2499,0.600,12.17,209.00,7.30
12.780,19442,665,50,2001,1997,2502,0.586,12.16,206.00,7.13
12.780,19443,665,50,2001,1996,2502,0.593,12.17,209.00,7.22
12.780,19444,665,50,2003,1998,2504,0.593,12.15,208.00,7.21
12.780,19445,665,50,2003,1998,2505,0.586,12.17,209.00,7.13
12.781,19446,665,50,2000,1997,2505,0.586,12.16,206.00,7.13
12.781,19447,665,50,1999,1998,2503,0.593,12.17,209.00,7.22
12.781,19448,665,50,1999,1996,2504,0.578,12.16,208.00,7.03
12.781,19449,665,50,2003,2000,2502,0.600,12.17,211.00,7.30
12.781,19450,665,50,2002,1997,2502,0.600,12.16,208.00,7.30
12.781,19451,665,50,2001,1996,2500,0.593,12.16,209.00,7.21
12.781,19452,665,50,2001,1997,2499,0.600,12.17,211.00,7.30
12.781,19453,665,50,2000,1994,2500,0.586,12.17,208.00,7.13
12.781,19454,665,50,2002,1993,2500,0.586,12.16,205.00,7.13
12.781,19455,665,50,2003,1997,2499,0.593,12.17,209.00,7.22
12.781,19456,665,50,2002,1995,2501,0.586,12.16,206.00,7.13
12.781,19457,665,50,2002,1996,2501,0.608,12.18,208.00,7.40
12.781,19458,665,50,2002,1997,2503,0.593,12.16,208.00,7.21
12.781,19459,665,50,2002,1997,2504,0.578,12.16,209.00,7.03
12.781,19460,665,50,2003,1998,2503,0.586,12.18,211.00,7.14
12.781,19461,665,50,2001,1998,2505,0.593,12.17,208.00,7.22
12.781,19462,665,50,2000,1998,2504,0.586,12.17,208.00,7.13
12.782,19463,665,50,2001,1998,2504,0.586,12.16,208.00,7.13
12.782,19464,665,50,2002,1999,2503,0.586,12.16,206.00,7.13
12.782,19465,665,50,2003,1998,2500,0.593,12.17,209.00,7.22
12.782,19466,665,50,2001,1996,2501,0.586,12.17,208.00,7.13
12.782,19467,665,50,1999,1995,2499,0.593,12.17,209.00,7.22
12.782,19468,665,50,2001,1995,2498,0.600,12.17,209.00,7.30
12.782,19469,665,50,2002,1995,2500,0.600,12.17,208.00,7.30
12.782,19470,665,50,2002,1994,2500,0.600,12.17,208.00,7.30
12.782,19471,665,50,2001,1995,2500,0.593,12.16,211.00,7.21
12.782,19472,665,50,2002,1997,2502,0.586,12.15,206.00,7.12
12.782,19473,665,50,2002,1997,2501,0.593,12.17,211.00,7.22
12.782,19474,665,50,2003,1998,2504,0.586,12.16,208.00,7.13
12.782,19475,665,50,2002,1998,2505,0.593,12.16,208.00,7.21
12.782,19476,665,50,2000,1999,2505,0.578,12.15,208.00,7.02
12.782,19477,665,50,2000,1998,2504,0.586,12.16,209.00,7.13
12.783,19478,665,50,2001,1998,2504,0.600,12.16,208.00,7.30
12.783,19479,665,50,2001,1998,2502,0.593,12.17,209.00,7.22
12.783,19480,665,50,2002,1997,2501,0.586,12.16,209.00,7.13
12.783,19481,665,50,2002,1997,2501,0.586,12.17,208.00,7.13
12.783,19482,665,50,2000,1996,2499,0.586,12.16,209.00,7.13
12.783,19483,665,50,2000,1994,2499,0.593,12.16,208.00,7.21
12.783,19484,665,50,2003,1994,2499,0.578,12.17,209.00,7.03
12.783,19485,665,50,2002,1995,2500,0.586,12.16,208.00,7.13
12.783,19486,665,50,2001,1994,2500,0.578,12.15,209.00,7.02
12.783,19487,499,50,2003,1998,2501,0.586,12.17,209.00,7.13
12.783,19488,499,50,2004,1998,2501,0.593,12.18,212.00,7.22
12.783,19489,499,50,2005,2000,2501,0.608,12.19,212.00,7.41
12.783,19490,499,50,2001,1997,2505,0.571,12.15,208.00,6.94
12.784,19491,499,50,2000,1999,2504,0.586,12.15,209.00,7.12
12.784,19492,499,50,2000,1998,2505,0.586,12.15,208.00,7.12
12.784,19493,499,50,2000,1999,2504,0.586,12.15,209.00,7.12
12.784,19494,499,50,2001,1998,2504,0.586,12.15,206.00,7.12
12.784,19495,499,50,2001,1998,2502,0.600,12.18,209.00,7.31
12.784,19496,499,50,2000,1995,2501,0.586,12.17,209.00,7.13
12.784,19497,499,50,2001,1996,2499,0.593,12.16,209.00,7.21
12.784,19498,499,50,2000,1994,2500,0.593,12.17,208.00,7.22
12.784,19499,499,50,2003,1994,2500,0.593,12.17,208.00,7.22
12.784,19500,499,50,2003,1995,2499,0.586,12.17,211.00,7.13
12.784,19501,499,50,2001,1994,2502,0.578,12.16,208.00,7.03
12.784,19502,499,50,2002,1995,2502,0.600,12.17,209.00,7.30
12.785,19503,499,50,2003,1997,2502,0.600,12.18,209.00,7.31
12.785,19504,499,50,2002,1997,2504,0.593,12.17,208.00,7.22
12.785,19505,499,50,2002,1999,2503,0.593,12.17,209.00,7.22
12.785,19506,499,50,2000,1999,2503,0.593,12.17,211.00,7.22
12.785,19507,499,50,1999,1997,2505,0.586,12.16,208.00,7.13
12.785,19508,499,50,2000,1998,2504,0.586,12.16,209.00,7.13
12.785,19509,499,50,2001,1998,2502,0.593,12.17,209.00,7.22
12.785,19510,499,50,2002,1998,2501,0.586,12.16,209.00,7.13
12.785,19511,499,50,2001,1997,2502,0.593,12.16,206.00,7.21
12.785,19512,499,50,1999,1995,2499,0.586,12.17,211.00,7.13
12.785,19513,499,50,2001,1995,2499,0.600,12.17,211.00,7.30
12.785,19514,499,50,2002,1995,2499,0.593,12.16,211.00,7.21
12.785,19515,499,50,2002,1994,2499,0.586,12.16,211.00,7.13
12.785,19516,499,50,2002,1994,2500,0.586,12.17,209.00,7.13
12.786,19517,499,50,2001,1994,2501,0.578,12.16,209.00,7.03
12.786,19518,499,50,2003,1997,2502,0.593,12.17,209.00,7.22
12.786,19519,499,50,2003,1998,2502,0.593,12.18,211.00,7.22
12.786,19520,499,50,2001,1997,2504,0.578,12.16,209.00,7.03
12.786,19521,499,50,2000,1999,2503,0.600,12.17,212.00,7.30
12.786,19522,499,50,1999,1998,2505,0.586,12.16,208.00,7.13
12.786,19523,499,50,2001,2000,2504,0.586,12.16,209.00,7.13
12.786,19524,499,50,1999,1995,2504,0.586,12.16,206.00,7.13
12.786,19525,499,50,2001,1997,2501,0.593,12.17,211.00,7.22
12.786,19526,499,50,2000,1996,2500,0.586,12.17,211.00,7.13
12.786,19527,499,50,2000,1994,2500,0.593,12.17,208.00,7.22
12.786,19528,499,50,2002,1995,2500,0.593,12.17,209.00,7.22
12.786,19529,499,50,2004,1995,2498,0.593,12.17,209.00,7.22
12.786,19530,499,50,2002,1994,2498,0.593,12.17,211.00,7.22
12.787,19531,499,50,2002,1994,2501,0.593,12.17,209.00,7.22
12.787,19532,499,50,2002,1995,2502,0.586,12.16,208.00,7.13
12.787,19533,499,50,2004,1997,2502,0.586,12.18,209.00,7.14
12.787,19534,499,50,2003,1999,2502,0.593,12.18,211.00,7.22
12.787,19535,499,50,2001,1998,2503,0.578,12.16,209.00,7.03
12.787,19536,499,50,1998,1996,2505,0.578,12.16,206.00,7.03
12.787,19537,499,50,2000,1999,2503,0.593,12.16,209.00,7.21
12.787,19538,499,50,2000,1998,2502,0.593,12.17,211.00,7.22
12.787,19539,499,50,2000,1996,2502,0.578,12.16,209.00,7.03
12.787,19540,499,50,2000,1997,2502,0.593,12.16,208.00,7.21
12.787,19541,499,50,2000,1996,2500,0.586,12.16,211.00,7.13
12.787,19542,499,50,2001,1996,2500,0.593,12.17,211.00,7.22
12.787,19543,499,50,2004,1996,2499,0.586,12.17,208.00,7.13
12.787,19544,499,50,2003,1994,2498,0.593,12.17,211.00,7.22
12.787,19545,499,50,2003,1996,2500,0.586,12.16,208.00,7.13
12.788,19546,499,50,2002,1994,2500,0.578,12.16,209.00,7.03
12.788,19547,499,50,2001,1994,2502,0.586,12.16,208.00,7.13
12.788,19548,499,50,2004,1997,2503,0.586,12.17,209.00,7.13
12.788,19549,499,50,2003,1998,2503,0.593,12.17,209.00,7.22
12.788,19550,499,50,2000,1998,2502,0.586,12.17,211.00,7.13
12.788,19551,499,50,1999,1999,2503,0.578,12.15,211.00,7.02
12.788,19552,499,50,1999,1999,2503,0.586,12.17,211.00,7.13
12.788,19553,499,50,2001,1998,2504,0.593,12.16,208.00,7.21
12.788,19554,499,50,2003,1999,2503,0.586,12.16,209.00,7.13
12.788,19555,499,50,2000,1996,2502,0.578,12.17,208.00,7.03
12.788,19556,499,50,2002,1997,2501,0.586,12.17,208.00,7.13
12.788,19557,499,50,2000,1994,2499,0.578,12.16,209.00,7.03
12.788,19558,499,50,2003,1996,2499,0.593,12.17,209.00,7.22
12.788,19559,499,50,2004,1995,2501,0.593,12.18,208.00,7.22
12.788,19560,499,50,2002,1994,2498,0.586,12.18,212.00,7.14
12.788,19561,499,50,2001,1994,2500,0.578,12.16,211.00,7.03
12.789,19562,499,50,2003,1996,2501,0.578,12.16,209.00,7.03
12.789,19563,499,50,2003,1995,2502,0.586,12.17,208.00,7.13
12.789,19564,499,49,2003,1998,2502,0.593,12.17,209.00,7.22
12.789,19565,499,49,2000,1997,2504,0.586,12.16,209.00,7.13
12.789,19566,499,49,1999,1998,2503,0.586,12.16,209.00,7.13
12.789,19567,499,49,2000,1999,2504,0.586,12.17,208.00,7.13
12.789,19568,499,49,2002,1999,2504,0.586,12.16,208.00,7.13
12.789,19569,499,49,2001,1998,2503,0.586,12.17,209.00,7.13
12.789,19570,499,49,2001,1997,2501,0.586,12.15,209.00,7.12
12.789,19571,499,49,2002,1998,2500,0.593,12.16,209.00,7.21
12.789,19572,499,49,2000,1996,2498,0.593,12.17,211.00,7.22
12.789,19573,499,49,2005,1997,2498,0.600,12.17,209.00,7.30
12.789,19574,499,49,2003,1994,2500,0.578,12.16,209.00,7.03
12.789,19575,499,49,2003,1994,2500,0.593,12.16,209.00,7.21
12.789,19576,499,49,2001,1994,2500,0.586,12.16,211.00,7.13
12.790,19577,499,49,2003,1995,2502,0.578,12.16,209.00,7.03
12.790,19578,499,49,2003,1996,2503,0.593,12.17,209.00,7.22
12.790,19579,499,49,2002,1997,2504,0.586,12.16,208.00,7.13
12.790,19580,499,49,2000,1998,2503,0.593,12.17,209.00,7.22
12.790,19581,499,49,1999,1998,2504,0.586,12.16,209.00,7.13
12.790,19582,499,49,2002,1999,2503,0.600,12.16,209.00,7.30
12.790,19583,499,49,2001,1999,2503,0.593,12.18,211.00,7.22
12.790,19584,499,49,2001,1999,2501,0.593,12.18,212.00,7.22
12.790,19585,499,49,2001,1997,2502,0.586,12.15,208.00,7.12
12.790,19586,499,49,2001,1998,2501,0.586,12.15,208.00,7.12
12.790,19587,499,49,2001,1996,2499,0.593,12.17,211.00,7.22
12.790,19588,499,49,2003,1994,2500,0.593,12.16,206.00,7.21
12.790,19589,499,49,2002,1993,2499,0.586,12.15,209.00,7.12
12.790,19590,499,49,2002,1994,2501,0.586,12.15,208.00,7.12
12.790,19591,499,49,2002,1995,2499,0.586,12.17,212.00,7.13
12.790,19592,499,49,2002,1995,2502,0.586,12.17,208.00,7.13
12.791,19593,499,49,2002,1996,2502,0.600,12.17,208.00,7.30
12.791,19594,499,49,2002,1998,2501,0.593,12.18,212.00,7.22
12.791,19595,499,49,1999,1998,2502,0.586,12.16,211.00,7.13
12.791,19596,499,49,1999,1998,2503,0.586,12.16,209.00,7.13
12.791,19597,499,49,2001,2000,2504,0.593,12.16,209.00,7.21
12.791,19598,499,49,2002,2000,2502,0.608,12.18,211.00,7.40
12.791,19599,499,49,2002,1999,2503,0.578,12.15,208.00,7.02
12.791,19600,499,49,2001,1999,2500,0.586,12.18,211.00,7.14
12.791,19601,499,49,2001,1997,2502,0.578,12.16,206.00,7.03
12.791,19602,499,49,2002,1996,2499,0.586,12.16,211.00,7.13
12.791,19603,499,49,2004,1995,2499,0.593,12.18,211.00,7.22
12.791,19604,499,49,2002,1994,2500,0.593,12.17,208.00,7.22
12.791,19605,499,49,2002,1994,2499,0.593,12.18,211.00,7.22
12.791,19606,499,49,2003,1995,2499,0.593,12.17,211.00,7.22
12.791,19607,499,49,2002,1995,2501,0.593,12.17,209.00,7.22
12.792,19608,499,49,2003,1996,2502,0.586,12.16,208.00,7.13
12.792,19609,499,49,2001,1997,2504,0.586,12.15,206.00,7.12
12.792,19610,499,49,2000,1999,2503,0.586,12.17,211.00,7.13
12.792,19611,499,49,2000,1999,2503,0.586,12.16,209.00,7.13
12.792,19612,499,49,2000,1999,2503,0.600,12.18,211.00,7.31
12.792,19613,499,49,1999,1998,2503,0.586,12.17,209.00,7.13
12.792,19614,499,49,2000,1999,2501,0.586,12.18,211.00,7.14
12.792,19615,499,49,2000,1997,2502,0.593,12.16,208.00,7.21
12.792,19616,499,49,2000,1997,2500,0.593,12.18,211.00,7.22
12.792,19617,499,49,1999,1993,2500,0.578,12.15,209.00,7.02
12.792,19618,499,49,2004,1995,2499,0.593,12.17,209.00,7.22
12.792,19619,499,49,2004,1995,2499,0.586,12.18,209.00,7.14
12.792,19620,499,49,2003,1995,2500,0.586,12.17,208.00,7.13
12.792,19621,499,49,2001,1994,2501,0.593,12.17,208.00,7.22
12.792,19622,499,49,2002,1995,2502,0.593,12.17,208.00,7.22
12.792,19623,499,49,2003,1997,2501,0.593,12.16,211.00,7.21
12.792,19624,499,48,2001,1998,2500,0.600,12.18,212.00,7.31
12.792,19625,499,48,1999,1996,2503,0.586,12.16,209.00,7.13
12.793,19626,499,48,1999,1998,2504,0.593,12.17,209.00,7.22
12.793,19627,499,48,2000,1998,2504,0.593,12.16,208.00,7.21
12.793,19628,499,48,2000,1998,2502,0.586,12.16,211.00,7.13
12.793,19629,499,48,2002,1999,2501,0.600,12.18,211.00,7.31
12.793,19630,499,48,2000,1997,2500,0.593,12.16,211.00,7.21
12.793,19631,499,48,2000,1995,2501,0.593,12.16,209.00,7.21
12.793,19632,499,48,2003,1996,2499,0.600,12.18,209.00,7.31
12.793,19633,499,48,2004,1995,2498,0.615,12.18,211.00,7.49
12.793,19634,499,48,2003,1995,2498,0.600,12.17,212.00,7.30
12.793,19635,499,48,2002,1994,2499,0.600,12.16,209.00,7.30
12.793,19636,499,48,2002,1995,2501,0.593,12.15,208.00,7.21
12.793,19637,499,48,2002,1994,2501,0.593,12.17,209.00,7.22
12.794,19638,499,48,2003,1997,2502,0.586,12.16,208.00,7.13
12.794,19639,499,48,2000,1995,2503,0.593,12.17,209.00,7.22
12.794,19640,499,48,1999,1998,2504,0.600,12.16,209.00,7.30
12.794,19641,499,48,2000,1999,2503,0.593,12.17,211.00,7.22
12.794,19642,499,48,1999,1998,2504,0.593,12.17,209.00,7.22
12.794,19643,499,48,2001,1998,2503,0.586,12.17,211.00,7.13
12.794,19644,499,48,2000,1998,2503,0.586,12.15,208.00,7.12
12.794,19645,499,48,2000,1997,2501,0.586,12.17,209.00,7.13
12.794,19718,499,47,2002,1999,2503,0.586,12.18,211.00,7.14
12.794,19719,499,47,2000,1997,2502,0.578,12.15,211.00,7.02
12.794,19720,499,47,2002,1998,2502,0.586,12.17,209.00,7.13
12.794,19721,499,47,2001,1997,2500,0.600,12.17,211.00,7.30
12.794,19722,499,47,2002,1994,2499,0.593,12.17,209.00,7.22
12.795,19723,499,47,2003,1995,2498,0.586,12.17,211.00,7.13
12.796,19724,499,47,2001,1995,2500,0.586,12.16,208.00,7.13
12.798,19725,499,47,2001,1996,2499,0.586,12.17,209.00,7.13
12.801,19726,499,47,2002,1994,2501,0.593,12.16,208.00,7.21
12.802,19727,499,47,2002,1996,2499,0.593,12.16,209.00,7.21
12.805,19728,499,47,2000,1996,2501,0.586,12.17,208.00,7.13
12.807,19729,499,47,2000,1998,2502,0.586,12.16,209.00,7.13
12.808,19730,499,47,1999,1997,2502,0.593,12.18,211.00,7.22
12.811,19731,499,47,2000,1998,2504,0.593,12.17,209.00,7.22
12.812,19732,499,47,2002,1999,2505,0.593,12.15,209.00,7.21
12.815,19733,499,47,2001,1998,2504,0.586,12.16,209.00,7.13
12.816,19734,499,47,2001,1997,2503,0.586,12.16,209.00,7.13
12.818,19735,499,47,2000,1996,2503,0.571,12.14,208.00,6.93
12.820,19736,499,47,2002,1995,2502,0.586,12.17,208.00,7.13
12.822,19737,499,47,2004,1997,2501,0.600,12.17,208.00,7.30
12.825,19738,499,47,2003,1996,2498,0.593,12.18,212.00,7.22
12.827,19739,499,47,2001,1994,2499,0.593,12.16,211.00,7.21
12.828,19740,499,47,2001,1995,2500,0.593,12.17,209.00,7.22
12.830,19741,499,47,2001,1996,2500,0.586,12.16,208.00,7.13
12.832,19742,499,47,2001,1996,2500,0.593,12.17,209.00,7.22
12.834,19743,499,47,2001,1996,2503,0.593,12.16,208.00,7.21
12.836,19744,499,46,1998,1997,2503,0.600,12.17,208.00,7.30
12.837,19745,499,46,1999,1998,2502,0.608,12.19,211.00,7.41
12.840,19746,499,46,2000,1997,2504,0.586,12.16,208.00,7.13
12.842,19747,499,46,2002,1999,2504,0.586,12.16,209.00,7.13
12.844,19748,499,46,2001,1998,2503,0.593,12.17,209.00,7.22
12.846,19749,499,46,2001,1998,2502,0.593,12.17,211.00,7.22
12.849,19750,499,46,2001,1998,2502,0.600,12.18,209.00,7.31
12.850,19751,499,46,2004,1999,2502,0.586,12.16,208.00,7.13
12.853,19752,499,46,2002,1995,2502,0.593,12.16,208.00,7.21
12.854,19753,499,46,2004,1996,2499,0.593,12.17,209.00,7.22
12.857,19754,499,46,2001,1995,2499,0.586,12.16,208.00,7.13
12.858,19755,499,46,2001,1994,2500,0.593,12.17,208.00,7.22
12.859,19756,499,46,2002,1995,2499,0.586,12.17,208.00,7.13
12.862,19757,499,46,2002,1998,2499,0.593,12.18,211.00,7.22
12.865,19758,499,46,2001,1999,2502,0.593,12.16,209.00,7.21
12.866,19759,499,46,1999,1998,2502,0.608,12.17,209.00,7.40
12.868,19760,499,46,2000,1999,2504,0.593,12.16,209.00,7.21
12.870,19761,499,46,2002,1998,2503,0.586,12.16,211.00,7.13
12.872,19762,499,46,2002,1999,2504,0.593,12.17,208.00,7.22
12.874,19763,499,46,2002,1999,2504,0.586,12.16,209.00,7.13
12.876,19764,499,46,2000,1998,2502,0.586,12.16,211.00,7.13
12.878,19765,499,46,2000,1997,2502,0.600,12.18,208.00,7.31
13.441,19766,499,46,2003,1998,2502,0.593,12.17,208.00,7.22
13.441,19767,499,46,2002,1995,2501,0.586,12.16,208.00,7.13
13.441,19768,499,46,2002,1995,2501,0.593,12.15,206.00,7.21
13.441,19769,499,46,2001,1994,2498,0.586,12.16,211.00,7.13
13.441,19770,499,46,2001,1996,2499,0.593,12.18,211.00,7.22
13.441,19771,499,46,2002,1996,2500,0.593,12.16,208.00,7.21
13.442,19772,499,46,2001,1996,2500,0.593,12.17,209.00,7.22
13.442,19773,499,46,1999,1996,2502,0.593,12.17,209.00,7.22
13.442,19774,499,46,1999,1997,2502,0.593,12.17,209.00,7.22
13.442,19775,499,46,1997,1995,2504,0.586,12.16,208.00,7.13
13.442,19776,499,46,2001,1999,2504,0.593,12.16,209.00,7.21
13.442,19777,499,46,2004,2001,2505,0.586,12.16,209.00,7.13
13.442,19778,499,46,2002,1998,2503,0.600,12.17,211.00,7.30
13.442,19779,499,46,2003,2000,2503,0.593,12.16,208.00,7.21
13.442,19780,499,46,2002,1998,2503,0.586,12.16,208.00,7.13
13.442,19781,499,46,2002,1996,2501,0.593,12.17,209.00,7.22
13.443,19782,499,46,2003,1996,2500,0.593,12.18,209.00,7.22
13.443,19783,499,46,2001,1996,2499,0.593,12.17,211.00,7.22
13.443,19784,499,46,1999,1993,2500,0.586,12.16,208.00,7.13
13.443,19785,499,46,2001,1996,2498,0.593,12.18,211.00,7.22
13.443,19786,499,46,2001,1995,2498,0.586,12.17,211.00,7.13
13.443,19787,499,46,2000,1996,2500,0.593,12.16,209.00,7.21
13.443,19788,499,46,2001,1997,2501,0.578,12.15,209.00,7.02
13.443,19789,499,46,1999,1997,2503,0.593,12.16,208.00,7.21
13.443,19790,499,46,1999,1998,2502,0.586,12.17,209.00,7.13
13.443,19791,499,46,2002,1999,2505,0.593,12.16,209.00,7.21
13.443,19792,499,46,2002,2000,2505,0.586,12.16,209.00,7.13
13.443,19793,499,46,2002,1997,2504,0.586,12.17,209.00,7.13
13.443,19794,499,46,2001,1998,2504,0.593,12.17,208.00,7.22
13.443,19795,499,46,2001,1997,2502,0.600,12.18,209.00,7.31
13.443,19796,499,46,2003,1998,2501,0.586,12.17,208.00,7.13
13.444,19797,499,46,2003,1996,2499,0.593,12.18,209.00,7.22
13.444,19798,499,46,2002,1996,2500,0.586,12.16,208.00,7.13
13.444,19799,499,46,2000,1994,2499,0.600,12.16,208.00,7.30
13.444,19800,499,46,2002,1996,2499,0.586,12.16,208.00,7.13
13.444,19801,499,46,2002,1997,2499,0.586,12.16,211.00,7.13
13.444,19802,499,46,2001,1996,2499,0.586,12.17,211.00,7.13
13.444,19803,499,46,2000,1996,2502,0.586,12.16,208.00,7.13
13.444,19804,499,45,1999,1996,2502,0.586,12.17,211.00,7.13
13.444,19805,499,45,1999,1998,2503,0.586,12.17,209.00,7.13
13.444,19806,499,45,2003,2000,2504,0.586,12.16,208.00,7.13
13.444,19807,499,45,2002,1999,2504,0.593,12.16,211.00,7.21
13.445,19808,499,45,2002,1999,2504,0.586,12.16,208.00,7.13
13.445,19809,499,45,2002,1999,2502,0.593,12.17,211.00,7.22
13.445,19810,499,45,2002,1997,2503,0.586,12.16,209.00,7.13
13.445,19811,499,45,2002,1997,2502,0.593,12.16,208.00,7.21
13.445,19812,499,45,2001,1994,2501,0.586,12.15,208.00,7.12
13.445,19813,499,45,2001,1995,2501,0.586,12.17,208.00,7.13
13.445,19814,499,45,2001,1996,2499,0.593,12.17,209.00,7.22
13.445,19815,499,45,2001,1995,2499,0.586,12.17,209.00,7.13
13.445,19816,499,45,2001,1995,2500,0.593,12.16,209.00,7.21
13.445,19817,499,45,2001,1996,2501,0.586,12.15,208.00,7.12
13.445,19818,499,45,2000,1997,2502,0.593,12.16,209.00,7.21
13.445,19819,499,45,1999,1997,2503,0.586,12.17,209.00,7.13
13.445,19820,499,45,2001,1998,2505,0.593,12.16,206.00,7.21
13.445,19821,499,45,2002,1997,2505,0.593,12.17,208.00,7.22
13.445,19822,499,45,2003,1998,2505,0.593,12.16,208.00,7.21
13.445,19823,499,45,2001,1998,2504,0.586,12.17,209.00,7.13
13.445,19824,499,45,2000,1998,2503,0.586,12.16,209.00,7.13
13.445,19825,499,45,2002,1997,2503,0.593,12.18,209.00,7.22
13.445,19826,499,45,2002,1997,2503,0.593,12.17,208.00,7.22
13.445,19827,499,45,2005,1997,2501,0.593,12.17,208.00,7.22
13.446,19828,499,45,2001,1995,2500,0.593,12.16,208.00,7.21
13.446,19829,499,45,2000,1995,2499,0.593,12.17,208.00,7.22
13.446,19830,499,45,2001,1996,2500,0.586,12.16,208.00,7.13
13.446,19831,499,45,2001,1994,2500,0.578,12.16,208.00,7.03
13.446,19832,499,45,2000,1995,2502,0.593,12.16,206.00,7.21
13.446,19833,499,45,2001,1997,2501,0.600,12.17,211.00,7.30
13.446,19834,499,45,2000,1998,2503,0.600,12.17,209.00,7.30
13.446,19835,499,45,2000,1998,2505,0.593,12.17,208.00,7.22
13.446,19836,499,45,2002,1999,2504,0.593,12.17,209.00,7.22
13.446,19837,499,45,2002,1999,2504,0.586,12.16,209.00,7.13
13.446,19838,499,45,2000,1998,2505,0.593,12.17,208.00,7.22
13.446,19839,499,45,2001,1998,2503,0.586,12.16,209.00,7.13
13.446,19840,499,45,2001,1997,2503,0.593,12.16,208.00,7.21
13.446,19841,499,45,2003,1999,2502,0.586,12.16,209.00,7.13
13.446,19842,499,45,2003,1998,2501,0.586,12.16,209.00,7.13
13.446,19843,499,45,2001,1995,2499,0.578,12.16,209.00,7.03
13.446,19844,499,45,1999,1994,2500,0.586,12.16,208.00,7.13
13.446,19845,499,45,2000,1995,2500,0.593,12.16,208.00,7.21
13.446,19846,499,45,2001,1995,2499,0.593,12.16,211.00,7.21
13.446,19847,499,45,2001,1997,2501,0.593,12.17,209.00,7.22
13.446,19848,499,45,1998,1995,2501,0.593,12.16,209.00,7.21
13.446,19849,499,45,2000,1998,2502,0.600,12.17,209.00,7.30
13.446,19850,499,45,2001,1998,2503,0.600,12.18,211.00,7.31
13.446,19851,499,45,2002,1998,2505,0.593,12.16,208.00,7.21
13.446,19852,499,45,2002,1998,2504,0.600,12.16,209.00,7.30
13.447,19853,499,45,2001,1998,2506,0.593,12.15,206.00,7.21
13.447,19854,499,45,2000,1998,2503,0.600,12.18,209.00,7.31
13.447,19855,499,45,2001,1997,2503,0.600,12.15,208.00,7.29
13.447,19856,499,45,2002,1997,2501,0.586,12.15,209.00,7.12
13.447,19857,499,45,2003,1996,2500,0.593,12.17,211.00,7.22
13.447,19858,499,45,2002,1996,2499,0.600,12.17,209.00,7.30
13.447,19859,499,45,2000,1995,2499,0.600,12.17,211.00,7.30
13.447,19860,499,45,2001,1994,2500,0.593,12.16,208.00,7.21
13.447,19861,499,45,2001,1994,2501,0.600,12.15,208.00,7.29
13.447,19862,499,45,2000,1996,2500,0.593,12.16,209.00,7.21
13.447,19863,499,45,2002,1997,2501,0.586,12.17,209.00,7.13
13.447,19864,499,44,1999,1996,2501,0.586,12.16,211.00,7.13
13.447,19865,499,44,2001,1997,2502,0.593,12.17,211.00,7.22
13.447,19866,499,44,2002,1998,2505,0.593,12.15,208.00,7.21
13.447,19867,499,44,2002,1998,2504,0.586,12.16,209.00,7.13
13.447,19868,499,44,2001,1998,2503,0.600,12.17,211.00,7.30
13.447,19869,499,44,2000,1999,2502,0.593,12.17,211.00,7.22
13.447,19870,499,44,2001,1998,2501,0.593,12.17,211.00,7.22
13.447,19871,499,44,2002,1996,2501,0.593,12.17,211.00,7.22
13.447,19872,499,44,2002,1995,2500,0.586,12.16,209.00,7.13
13.448,19873,499,44,2002,1996,2499,0.593,12.18,209.00,7.22
13.448,19874,499,44,2001,1995,2500,0.578,12.16,208.00,7.03
13.448,19875,499,44,2000,1994,2499,0.600,12.17,209.00,7.30
13.448,19876,499,44,2002,1996,2500,0.586,12.16,208.00,7.13
13.448,19877,499,44,2000,1995,2500,0.593,12.18,211.00,7.22
13.448,19878,499,44,1999,1996,2501,0.593,12.17,209.00,7.22
13.448,19879,499,44,1999,1995,2503,0.586,12.16,209.00,7.13
13.448,19880,499,44,2001,1997,2503,0.586,12.16,208.00,7.13
13.448,19881,499,44,2003,1999,2503,0.608,12.18,211.00,7.40
13.448,19882,499,44,2001,1998,2504,0.586,12.15,209.00,7.12
13.448,19883,499,44,2001,1997,2505,0.593,12.17,208.00,7.22
13.448,19884,499,44,2002,2000,2505,0.586,12.16,208.00,7.13
13.448,19885,499,44,2002,1998,2503,0.586,12.15,208.00,7.12
13.448,19886,499,44,2002,1997,2501,0.600,12.19,208.00,7.31
13.448,19887,499,44,2003,1997,2501,0.586,12.15,209.00,7.12
13.448,19888,499,44,2000,1994,2500,0.593,12.16,208.00,7.21
13.448,19889,499,44,2002,1996,2498,0.593,12.18,211.00,7.22
13.448,19890,499,44,2000,1993,2498,0.578,12.16,211.00,7.03
13.448,19891,499,44,2001,1995,2501,0.593,12.16,208.00,7.21
13.448,19892,499,44,2001,1997,2502,0.586,12.16,208.00,7.13
13.449,19893,443,44,2001,1997,2502,0.586,12.16,208.00,7.13
13.449,19894,443,44,2001,1997,2503,0.593,12.16,209.00,7.21
13.449,19895,443,44,2002,1998,2505,0.571,12.15,206.00,6.94
13.449,19896,443,44,2002,1998,2505,0.586,12.16,209.00,7.13
13.449,19897,443,44,2003,2000,2504,0.586,12.17,209.00,7.13
13.449,19898,443,44,2000,1997,2505,0.586,12.16,208.00,7.13
13.449,19899,443,44,2001,1997,2504,0.586,12.16,208.00,7.13
13.449,19900,443,44,2002,1999,2503,0.578,12.15,208.00,7.02
13.449,19901,443,44,2002,1997,2503,0.600,12.18,208.00,7.31
13.449,19902,443,44,2002,1997,2501,0.586,12.16,206.00,7.13
13.449,19903,443,44,2000,1996,2501,0.593,12.16,208.00,7.21
13.449,19904,443,44,2001,1995,2500,0.578,12.15,208.00,7.02
13.449,19905,443,44,2001,1994,2498,0.600,12.18,211.00,7.31
13.449,19906,443,44,2002,1997,2500,0.586,12.15,209.00,7.12
13.449,19907,443,44,2000,1995,2501,0.586,12.16,208.00,7.13
13.449,19908,443,44,2000,1995,2501,0.586,12.16,209.00,7.13
13.449,19909,443,44,2001,1997,2503,0.586,12.17,208.00,7.13
13.449,19910,443,44,2003,1999,2504,0.586,12.16,208.00,7.13
13.449,19911,443,44,2003,1999,2503,0.600,12.19,211.00,7.31
13.449,19912,443,44,2001,2000,2505,0.586,12.16,208.00,7.13
13.449,19913,443,44,2000,1999,2504,0.593,12.17,209.00,7.22
13.449,19914,443,44,2001,1999,2504,0.578,12.15,206.00,7.02
13.449,19915,443,44,2001,1997,2502,0.586,12.16,209.00,7.13
13.449,19916,443,44,2003,1999,2501,0.593,12.18,209.00,7.22
13.450,19917,443,44,2000,1995,2501,0.600,12.16,208.00,7.30
13.450,19918,443,44,2000,1996,2499,0.593,12.17,211.00,7.22
13.450,19919,443,44,1998,1994,2499,0.586,12.16,209.00,7.13
13.450,19920,443,44,2002,1994,2499,0.578,12.15,208.00,7.02
13.450,19921,443,44,2003,1997,2499,0.578,12.17,209.00,7.03
13.450,19922,443,44,2000,1994,2500,0.578,12.16,211.00,7.03
13.450,19923,443,44,2002,1996,2502,0.586,12.16,209.00,7.13
13.450,19924,443,43,2002,1998,2502,0.593,12.17,211.00,7.22
13.450,19925,443,43,2004,1999,2505,0.578,12.16,208.00,7.03
13.450,19926,443,43,2003,1998,2505,0.593,12.17,208.00,7.22
13.450,19927,443,43,2002,2000,2505,0.586,12.17,209.00,7.13
13.450,19928,443,43,2000,1998,2503,0.593,12.17,209.00,7.22
13.450,19929,443,43,2000,1998,2503,0.586,12.16,211.00,7.13
13.450,19930,443,43,2001,1997,2503,0.600,12.16,209.00,7.30
13.450,19931,443,43,2001,1996,2502,0.586,12.16,208.00,7.13
13.450,19932,443,43,2001,1996,2501,0.586,12.15,208.00,7.12
13.450,19933,443,43,2000,1994,2500,0.578,12.16,209.00,7.03
13.450,19934,443,43,2000,1994,2500,0.586,12.16,206.00,7.13
13.450,19935,443,43,2003,1996,2499,0.593,12.16,209.00,7.21
13.450,19936,443,43,2001,1995,2498,0.586,12.17,212.00,7.13
13.450,19937,443,43,2001,1995,2500,0.586,12.16,209.00,7.13
13.450,19938,569,43,2002,1997,2502,0.593,12.16,208.00,7.21
13.450,19939,569,43,2001,1995,2502,0.586,12.17,208.00,7.13
13.450,19940,569,43,2002,1998,2503,0.593,12.17,211.00,7.22
13.450,19941,569,43,2003,1998,2505,0.593,12.16,208.00,7.21
13.450,19942,569,43,2001,1998,2503,0.586,12.16,211.00,7.13
13.450,19943,569,43,2002,2000,2504,0.593,12.18,209.00,7.22
13.450,19944,569,43,2001,2000,2504,0.586,12.17,209.00,7.13
13.450,19945,569,43,1999,1995,2503,0.586,12.16,209.00,7.13
13.450,19946,569,43,2001,1996,2501,0.578,12.15,208.00,7.02
13.450,19947,569,43,2001,1997,2501,0.578,12.16,208.00,7.03
13.451,19948,569,43,2000,1994,2499,0.586,12.16,209.00,7.13
13.451,19949,569,43,2000,1995,2499,0.586,12.16,209.00,7.13
13.451,19950,569,43,2003,1995,2499,0.593,12.16,209.00,7.21
13.451,19951,569,43,2002,1995,2500,0.586,12.16,208.00,7.13
13.451,19952,569,43,2002,1996,2500,0.593,12.18,209.00,7.22
13.451,19953,569,43,2000,1995,2501,0.586,12.17,209.00,7.13
13.451,19954,569,43,2001,1997,2502,0.593,12.17,211.00,7.22
13.451,19955,569,43,2004,1999,2504,0.586,12.15,209.00,7.12
13.451,19956,569,43,2000,1997,2504,0.571,12.15,209.00,6.94
13.451,19957,569,43,2001,1998,2504,0.593,12.17,208.00,7.22
13.451,19958,569,43,2000,1999,2505,0.593,12.16,206.00,7.21
13.451,19959,569,43,2001,1999,2503,0.593,12.17,211.00,7.22
13.451,19960,569,43,2001,1997,2502,0.586,12.17,211.00,7.13
13.451,19961,569,43,2002,1997,2501,0.593,12.16,211.00,7.21
13.451,19962,569,43,2000,1996,2500,0.593,12.18,209.00,7.22
13.451,19963,569,43,2001,1996,2499,0.586,12.17,209.00,7.13
13.451,19964,569,43,2001,1994,2499,0.593,12.18,209.00,7.22
13.451,19965,569,43,2002,1994,2499,0.593,12.17,209.00,7.22
13.451,19966,569,43,2002,1996,2498,0.600,12.18,212.00,7.31
13.451,19967,569,43,2001,1994,2500,0.586,12.17,211.00,7.13
13.451,19968,569,43,2001,1996,2503,0.593,12.18,208.00,7.22
13.451,19969,569,43,2002,1996,2502,0.586,12.17,209.00,7.13
13.451,19970,569,43,2003,1997,2504,0.586,12.17,209.00,7.13
13.451,20048,332,41,1999,1997,2503,0.593,12.16,212.00,7.21
13.451,20049,332,41,2000,1998,2505,0.600,12.16,208.00,7.30
13.451,20050,332,41,2001,1998,2501,0.600,12.18,212.00,7.31
13.451,20051,332,41,2000,1996,2503,0.593,12.15,206.00,7.21
13.452,20052,332,41,2002,1999,2500,0.593,12.17,209.00,7.22
13.454,20053,332,41,2000,1994,2500,0.593,12.16,209.00,7.21
13.456,20054,332,41,2002,1996,2499,0.593,12.16,209.00,7.21
13.458,20055,332,41,2004,1995,2501,0.600,12.16,208.00,7.30
13.460,20056,332,41,2002,1994,2499,0.586,12.16,211.00,7.13
13.461,20057,332,41,2002,1994,2501,0.600,12.17,209.00,7.30
13.465,20058,332,41,2004,1997,2502,0.593,12.16,209.00,7.21
13.466,20059,332,41,2002,1996,2502,0.578,12.16,211.00,7.03
13.468,20060,332,41,2004,1999,2503,0.586,12.18,211.00,7.14
13.470,20061,332,41,2000,1998,2503,0.608,12.18,211.00,7.40
13.473,20062,332,41,1999,1998,2503,0.578,12.16,211.00,7.03
13.474,20063,332,41,1999,1999,2505,0.593,12.17,208.00,7.22
13.477,20064,332,41,2000,1999,2504,0.586,12.15,208.00,7.12
13.477,20065,332,41,2000,1999,2502,0.593,12.17,211.00,7.22
13.480,20066,332,41,2001,1998,2501,0.586,12.16,209.00,7.13
13.482,20067,332,41,2000,1995,2501,0.586,12.17,209.00,7.13
13.486,20068,332,41,2002,1997,2499,0.593,12.18,211.00,7.22
13.486,20069,332,41,2002,1995,2498,0.586,12.17,211.00,7.13
13.488,20070,332,41,2003,1994,2500,0.586,12.16,208.00,7.13
13.490,20071,332,41,2001,1994,2497,0.593,12.17,212.00,7.22
13.492,20072,332,41,2001,1994,2500,0.578,12.16,211.00,7.03
13.493,20073,332,41,2003,1996,2502,0.586,12.16,208.00,7.13
13.496,20074,332,41,2004,1995,2503,0.593,12.17,209.00,7.22
13.499,20075,332,41,2003,1998,2504,0.586,12.16,209.00,7.13
13.500,20076,332,41,2001,1999,2503,0.586,12.17,212.00,7.13
13.503,20077,332,41,1999,1998,2504,0.586,12.17,209.00,7.13
13.504,20078,332,41,1999,1999,2503,0.586,12.17,212.00,7.13
13.506,20079,332,41,2001,1998,2505,0.586,12.16,208.00,7.13
13.508,20080,332,41,2000,1999,2501,0.586,12.17,211.00,7.13
13.510,20081,332,41,2001,1997,2502,0.600,12.19,208.00,7.31
13.512,20082,332,41,2001,1997,2500,0.578,12.16,211.00,7.03
13.514,20083,332,41,2000,1995,2500,0.586,12.17,209.00,7.13
13.516,20084,332,41,2003,1997,2499,0.586,12.17,209.00,7.13
13.518,20085,332,41,2003,1996,2499,0.578,12.17,211.00,7.03
13.520,20086,332,41,2003,1996,2500,0.586,12.16,209.00,7.13
13.522,20087,332,41,2001,1995,2501,0.593,12.17,209.00,7.22
13.524,20088,332,41,2002,1996,2501,0.586,12.17,209.00,7.13
13.526,20089,332,41,2004,1997,2503,0.593,12.16,208.00,7.21
13.528,20090,332,41,2001,1997,2501,0.593,12.17,212.00,7.22
13.531,20091,332,41,2001,1997,2504,0.593,12.17,209.00,7.22
13.532,20092,332,41,2000,1999,2504,0.593,12.17,209.00,7.22
13.535,20093,332,41,1999,1998,2503,0.586,12.17,211.00,7.13
13.536,20094,332,41,2001,2000,2502,0.586,12.16,209.00,7.13
13.538,20095,332,41,2000,1997,2503,0.600,12.17,208.00,7.30
13.540,20096,332,41,2000,1997,2501,0.578,12.16,209.00,7.03
14.153,20097,332,41,2000,1996,2499,0.593,12.18,211.00,7.22
14.153,20098,332,41,1999,1994,2499,0.578,12.16,209.00,7.03
14.153,20099,332,41,2001,1995,2498,0.593,12.18,211.00,7.22
14.153,20100,332,41,2003,1995,2498,0.593,12.17,212.00,7.22
14.153,20101,332,41,2002,1995,2500,0.593,12.16,209.00,7.21
14.153,20102,332,41,2002,1996,2501,0.586,12.17,209.00,7.13
14.153,20103,332,41,2002,1996,2503,0.586,12.16,208.00,7.13
14.153,20104,332,40,2002,1996,2502,0.586,12.16,209.00,7.13
14.153,20105,332,40,2002,1997,2503,0.593,12.15,209.00,7.21
14.153,20106,332,40,2002,2000,2504,0.578,12.16,209.00,7.03
14.153,20107,332,40,1999,1997,2503,0.586,12.17,209.00,7.13
14.153,20108,332,40,2001,2000,2503,0.600,12.18,209.00,7.31
14.153,20109,332,40,2001,2000,2503,0.586,12.15,209.00,7.12
14.153,20110,332,40,2000,1998,2501,0.586,12.17,211.00,7.13
14.154,20111,332,40,2000,1995,2503,0.593,12.17,208.00,7.22
14.154,20112,332,40,2000,1996,2500,0.593,12.18,211.00,7.22
14.154,20113,332,40,2001,1997,2500,0.578,12.16,209.00,7.03
14.154,20114,332,40,2003,1996,2498,0.593,12.18,211.00,7.22
14.154,20115,332,40,2003,1995,2500,0.586,12.16,208.00,7.13
14.154,20116,332,40,2001,1994,2500,0.586,12.16,209.00,7.13
14.154,20117,332,40,2003,1995,2500,0.593,12.16,209.00,7.21
14.154,20118,332,40,2003,1996,2501,0.578,12.16,209.00,7.03
14.154,20119,332,40,2003,1996,2503,0.593,12.16,208.00,7.21
14.154,20120,332,40,2004,1999,2502,0.593,12.18,211.00,7.22
14.154,20121,332,40,2000,1997,2503,0.586,12.16,211.00,7.13
14.154,20122,332,40,1998,1998,2502,0.578,12.17,211.00,7.03
14.154,20123,332,40,1999,1998,2504,0.593,12.17,208.00,7.22
14.154,20124,332,40,2001,2000,2504,0.593,12.16,208.00,7.21
14.154,20125,332,40,2000,1997,2503,0.586,12.16,208.00,7.13
14.154,20126,332,40,2002,1999,2501,0.578,12.16,211.00,7.03
14.155,20127,332,40,2000,1995,2501,0.586,12.16,208.00,7.13
14.155,20128,332,40,2001,1996,2499,0.586,12.16,211.00,7.13
14.155,20129,332,40,2003,1995,2500,0.586,12.16,206.00,7.13
14.155,20130,332,40,2003,1995,2498,0.593,12.18,211.00,7.22
14.155,20131,332,40,2001,1994,2499,0.586,12.16,211.00,7.13
14.155,20132,332,40,2002,1995,2500,0.593,12.17,211.00,7.22
14.155,20133,332,40,2003,1996,2502,0.586,12.18,209.00,7.14
14.155,20134,332,40,2002,1996,2502,0.586,12.16,211.00,7.13
14.155,20135,332,40,2002,1996,2505,0.593,12.17,206.00,7.22
14.155,20136,332,40,2000,1997,2503,0.586,12.16,209.00,7.13
14.155,20137,332,40,1998,1998,2503,0.600,12.17,209.00,7.30
14.155,20138,332,40,1999,1998,2502,0.586,12.16,211.00,7.13
14.155,20139,332,40,2001,1998,2504,0.586,12.17,209.00,7.13
14.155,20140,332,40,2000,1997,2504,0.586,12.15,208.00,7.12
14.155,20141,332,40,2001,1997,2502,0.586,12.17,209.00,7.13
14.155,20142,332,40,2001,1998,2501,0.578,12.16,208.00,7.03
14.155,20143,332,40,1999,1994,2500,0.586,12.16,209.00,7.13
14.155,20144,332,40,2004,1996,2498,0.586,12.18,209.00,7.14
14.155,20145,332,40,2003,1994,2498,0.593,12.17,209.00,7.22
14.155,20146,332,40,2002,1994,2500,0.593,12.17,209.00,7.22
14.156,20147,332,40,2002,1994,2500,0.586,12.16,209.00,7.13
14.156,20148,332,40,2003,1996,2502,0.586,12.16,208.00,7.13
14.156,20149,332,40,2002,1996,2502,0.586,12.16,209.00,7.13
14.156,20150,332,40,2004,1999,2501,0.593,12.18,212.00,7.22
14.156,20151,332,40,2000,1997,2504,0.586,12.15,208.00,7.12
14.156,20152,332,40,1999,1998,2502,0.593,12.17,211.00,7.22
14.156,20153,332,40,1999,1998,2504,0.593,12.16,208.00,7.21
14.156,20154,332,40,2001,1999,2502,0.600,12.18,211.00,7.31
14.156,20155,332,40,2001,1999,2499,0.593,12.18,212.00,7.22
14.156,20156,332,40,2000,1997,2502,0.593,12.16,208.00,7.21
14.156,20157,332,40,2001,1997,2499,0.586,12.17,212.00,7.13
14.156,20158,332,40,2000,1995,2499,0.586,12.17,209.00,7.13
14.156,20159,332,40,2002,1995,2500,0.593,12.15,206.00,7.21
14.156,20160,332,40,2002,1993,2498,0.586,12.16,211.00,7.13
14.156,20161,332,40,2002,1995,2499,0.586,12.16,209.00,7.13
14.156,20162,332,40,2002,1995,2500,0.600,12.16,208.00,7.30
14.156,20163,332,40,2004,1997,2499,0.586,12.18,211.00,7.14
14.156,20164,332,39,2004,1997,2502,0.593,12.17,208.00,7.22
14.156,20165,332,39,2004,1998,2503,0.578,12.16,211.00,7.03
14.156,20166,332,39,2001,1998,2502,0.586,12.17,209.00,7.13
14.156,20167,332,39,1999,1999,2505,0.586,12.15,206.00,7.12
14.157,20168,332,39,2000,2000,2502,0.593,12.17,212.00,7.22
14.157,20169,332,39,2001,2000,2504,0.578,12.15,208.00,7.02
14.157,20170,332,39,2001,1999,2501,0.593,12.16,212.00,7.21
14.157,20171,332,39,2001,1998,2502,0.593,12.16,208.00,7.21
14.157,20172,332,39,2000,1995,2500,0.586,12.16,209.00,7.13
14.157,20173,332,39,2001,1996,2500,0.571,12.15,208.00,6.94
14.157,20174,332,39,2003,1996,2499,0.586,12.16,208.00,7.13
14.157,20175,332,39,2003,1994,2500,0.586,12.17,208.00,7.13
14.157,20176,332,39,2002,1995,2500,0.586,12.16,209.00,7.13
14.157,20177,332,39,2002,1995,2500,0.593,12.17,209.00,7.22
14.157,20178,266,39,2003,1996,2500,0.578,12.15,211.00,7.02
14.157,20179,266,39,2003,1998,2501,0.593,12.18,211.00,7.22
14.157,20180,266,39,2003,1997,2502,0.593,12.17,209.00,7.22
14.157,20181,266,39,2002,1999,2503,0.593,12.17,209.00,7.22
14.157,20182,266,39,1999,1998,2502,0.586,12.16,211.00,7.13
14.157,20183,266,39,1999,1998,2502,0.600,12.18,211.00,7.31
14.157,20184,266,39,2000,1997,2504,0.586,12.16,211.00,7.13
14.158,20185,266,39,2000,1997,2501,0.600,12.16,211.00,7.30
14.158,20186,266,39,2000,1997,2501,0.578,12.15,211.00,7.02
14.158,20187,266,39,2000,1997,2500,0.600,12.16,209.00,7.30
14.158,20188,266,39,1999,1993,2500,0.586,12.15,209.00,7.12
14.158,20189,266,39,2003,1996,2499,0.600,12.17,209.00,7.30
14.158,20190,266,39,2004,1995,2497,0.593,12.16,212.00,7.21
14.158,20191,266,39,2002,1995,2501,0.578,12.14,206.00,7.02
14.158,20192,266,39,2003,1996,2500,0.593,12.17,209.00,7.22
14.158,20193,266,39,2002,1996,2503,0.586,12.15,206.00,7.12
14.158,20194,266,39,2003,1997,2501,0.586,12.17,212.00,7.13
14.158,20195,266,39,2002,1997,2502,0.593,12.16,209.00,7.21
14.158,20196,266,39,2001,1999,2503,0.593,12.17,208.00,7.22
14.158,20197,266,39,1999,1998,2502,0.586,12.17,212.00,7.13
14.158,20198,266,39,2001,2000,2503,0.593,12.17,211.00,7.22
14.158,20199,266,39,2002,2000,2504,0.593,12.17,208.00,7.22
14.158,20200,266,39,2003,2000,2502,0.600,12.18,209.00,7.31
14.158,20201,266,39,2001,1997,2502,0.593,12.17,209.00,7.22
14.159,20202,266,39,2002,1997,2500,0.586,12.16,211.00,7.13
14.159,20203,266,39,2000,1995,2498,0.593,12.17,211.00,7.22
14.159,20204,266,39,2002,1996,2497,0.593,12.17,212.00,7.22
14.159,20205,266,39,2003,1995,2497,0.586,12.17,211.00,7.13
14.159,20206,266,39,2003,1995,2498,0.593,12.17,211.00,7.22
14.159,20207,266,39,2003,1996,2499,0.600,12.17,211.00,7.30
14.159,20208,266,39,2002,1996,2500,0.593,12.18,211.00,7.22
14.159,20209,266,39,2005,1998,2504,0.586,12.15,208.00,7.12
14.159,20210,266,39,2003,1999,2502,0.593,12.18,211.00,7.22
14.159,20211,266,39,2002,2000,2503,0.586,12.16,209.00,7.13
14.159,20212,266,39,1999,1997,2505,0.593,12.17,209.00,7.22
14.159,20213,266,39,2000,1999,2502,0.593,12.17,211.00,7.22
14.159,20214,266,39,2000,1998,2503,0.586,12.17,209.00,7.13
14.159,20215,266,39,1999,1996,2503,0.600,12.17,208.00,7.30
14.159,20216,266,39,2001,1998,2500,0.608,12.18,212.00,7.40
14.159,20217,266,39,2000,1997,2500,0.593,12.17,209.00,7.22
14.159,20218,266,39,2000,1996,2500,0.593,12.17,208.00,7.22
14.159,20219,266,39,2002,1995,2497,0.586,12.17,211.00,7.13
14.160,20220,266,39,2002,1993,2499,0.586,12.16,208.00,7.13
14.160,20221,266,39,2003,1996,2499,0.593,12.15,209.00,7.21
14.160,20222,266,39,2004,1997,2499,0.586,12.17,211.00,7.13
14.160,20223,266,39,2001,1995,2501,0.586,12.17,209.00,7.13
14.160,20224,266,38,2003,1997,2501,0.593,12.18,211.00,7.22
14.160,20225,266,38,2001,1996,2504,0.578,12.15,208.00,7.02
14.160,20226,266,38,2003,1999,2502,0.586,12.18,211.00,7.14
14.160,20227,266,38,2001,2000,2503,0.593,12.17,209.00,7.22
14.160,20228,266,38,2000,1998,2502,0.593,12.17,211.00,7.22
14.160,20229,266,38,2001,1998,2504,0.593,12.17,209.00,7.22
14.160,20230,266,38,2002,1999,2501,0.600,12.17,209.00,7.30
14.160,20231,266,38,2001,1998,2499,0.586,12.17,212.00,7.13
14.160,20232,266,38,2000,1997,2500,0.593,12.17,209.00,7.22
14.160,20233,266,38,2000,1995,2500,0.593,12.17,209.00,7.22
14.160,20234,266,38,2002,1996,2499,0.578,12.16,209.00,7.03
14.160,20235,266,38,2002,1995,2498,0.586,12.17,211.00,7.13
14.160,20236,266,38,2001,1994,2499,0.578,12.16,211.00,7.03
14.160,20237,266,38,2002,1995,2499,0.593,12.17,211.00,7.22
14.160,20238,266,38,2003,1996,2499,0.593,12.17,212.00,7.22
14.160,20239,266,38,2003,1997,2500,0.593,12.18,211.00,7.22
14.160,20240,266,38,2002,1996,2503,0.593,12.17,208.00,7.22
14.160,20241,266,38,2001,1997,2504,0.593,12.16,208.00,7.21
14.160,20242,266,38,2001,2000,2501,0.608,12.18,212.00,7.40
14.160,20243,266,38,2000,1999,2503,0.593,12.16,211.00,7.21
14.160,20244,266,38,2001,1999,2503,0.586,12.17,209.00,7.13
14.160,20245,266,38,2002,2000,2501,0.586,12.17,209.00,7.13
14.161,20246,266,38,2002,1998,2500,0.586,12.18,211.00,7.14
14.161,20247,266,38,2001,1996,2500,0.586,12.17,208.00,7.13
14.161,20248,266,38,2001,1996,2499,0.593,12.17,211.00,7.22
14.161,20249,266,38,2001,1995,2500,0.578,12.14,208.00,7.02
14.161,20250,266,38,2004,1996,2497,0.593,12.18,212.00,7.22
14.161,20251,266,38,2004,1996,2498,0.608,12.18,212.00,7.40
14.161,20252,266,38,2002,1995,2498,0.593,12.17,212.00,7.22
14.161,20253,363,38,2003,1997,2501,0.586,12.16,209.00,7.13
14.161,20254,363,38,2006,1999,2501,0.586,12.17,211.00,7.13
14.161,20255,363,38,2004,1998,2503,0.586,12.15,208.00,7.12
14.161,20256,363,38,2002,1999,2503,0.600,12.17,209.00,7.30
14.161,20257,363,38,2000,1997,2504,0.571,12.15,211.00,6.94
14.161,20258,363,38,2000,1999,2503,0.586,12.17,211.00,7.13
14.161,20259,363,38,2002,2000,2503,0.586,12.17,209.00,7.13
14.161,20260,363,38,2002,1999,2503,0.586,12.15,209.00,7.12
14.161,20261,363,38,2002,1998,2501,0.586,12.18,209.00,7.14
14.161,20262,363,38,2002,1997,2499,0.593,12.17,211.00,7.22
14.161,20263,363,38,2000,1996,2499,0.586,12.17,209.00,7.13
14.161,20264,363,38,2001,1997,2497,0.600,12.18,212.00,7.31
14.161,20265,363,38,2003,1995,2497,0.586,12.17,212.00,7.13
14.161,20266,363,38,2003,1995,2498,0.593,12.18,211.00,7.22
14.161,20267,363,38,2004,1997,2500,0.586,12.17,211.00,7.13
14.161,20268,363,38,2001,1995,2502,0.578,12.15,208.00,7.02
14.161,20269,363,38,2003,1996,2501,0.586,12.17,212.00,7.13
14.161,20270,363,38,2004,1998,2503,0.593,12.17,209.00,7.22
14.161,20271,363,38,2004,1999,2504,0.578,12.16,209.00,7.03
14.161,20272,363,38,2001,2000,2502,0.593,12.18,212.00,7.22
14.161,20273,363,38,2000,1999,2504,0.578,12.15,209.00,7.02
14.162,20274,363,38,2000,1998,2502,0.586,12.16,211.00,7.13
14.162,20275,363,38,2000,1998,2503,0.593,12.16,209.00,7.21
14.162,20276,363,38,2001,1996,2500,0.586,12.16,211.00,7.13
14.162,20277,363,38,2001,1997,2500,0.593,12.16,209.00,7.21
14.162,20278,363,38,2002,1997,2498,0.586,12.17,211.00,7.13
14.162,20279,363,38,2000,1994,2501,0.571,12.15,206.00,6.94
14.162,20280,363,38,2002,1995,2498,0.593,12.18,209.00,7.22
14.162,20281,363,38,2002,1995,2499,0.586,12.16,211.00,7.13
14.162,20282,363,38,2002,1996,2499,0.586,12.17,211.00,7.13
14.162,20283,363,38,2002,1995,2500,0.586,12.17,211.00,7.13
14.162,20284,363,37,2006,1999,2502,0.593,12.17,211.00,7.22
14.162,20285,363,37,2002,1996,2503,0.593,12.16,209.00,7.21
14.162,20286,363,37,2003,1999,2504,0.578,12.16,209.00,7.03
14.162,20287,363,37,2000,1998,2503,0.593,12.17,209.00,7.22
14.162,20288,363,37,2000,1999,2503,0.593,12.18,211.00,7.22
14.162,20289,363,37,1999,1996,2503,0.586,12.17,209.00,7.13
14.162,20290,363,37,2002,1999,2501,0.593,12.18,212.00,7.22
14.162,20291,363,37,2002,1998,2501,0.586,12.16,211.00,7.13
14.162,20292,363,37,2001,1997,2499,0.593,12.18,211.00,7.22
14.162,20293,363,37,2002,1997,2499,0.593,12.16,209.00,7.21
14.162,20294,363,37,2001,1995,2498,0.593,12.17,211.00,7.22
14.162,20295,363,37,2004,1996,2498,0.586,12.16,211.00,7.13
14.162,20296,363,37,2003,1995,2498,0.600,12.16,211.00,7.30
14.162,20297,363,37,2001,1995,2499,0.593,12.18,212.00,7.22
14.162,20298,363,37,2001,1995,2500,0.593,12.18,212.00,7.22
14.162,20299,363,37,2003,1997,2501,0.600,12.18,212.00,7.31
14.162,20300,363,37,2004,1998,2503,0.600,12.18,209.00,7.31
14.163,20404,235,35,2001,1996,2502,0.586,12.17,209.00,7.13
14.163,20405,235,35,2003,1998,2504,0.593,12.16,206.00,7.21
14.163,20406,235,35,2003,1998,2503,0.593,12.17,209.00,7.22
14.163,20407,235,35,2003,2000,2504,0.593,12.17,208.00,7.22
14.164,20408,235,35,2000,1998,2504,0.586,12.15,209.00,7.12
14.165,20409,235,35,2002,1999,2503,0.586,12.16,211.00,7.13
14.168,20410,235,35,2002,1998,2501,0.593,12.17,211.00,7.22
14.170,20411,235,35,2001,1996,2501,0.586,12.16,209.00,7.13
14.172,20412,235,35,2003,1996,2499,0.586,12.18,209.00,7.14
14.175,20413,235,35,2000,1995,2499,0.586,12.16,209.00,7.13
14.176,20414,235,35,2000,1995,2499,0.593,12.16,208.00,7.21
14.178,20415,235,35,2002,1996,2500,0.586,12.17,208.00,7.13
14.180,20416,235,35,2002,1995,2497,0.593,12.17,212.00,7.22
14.181,20417,235,35,2001,1995,2499,0.586,12.16,212.00,7.13
14.184,20418,235,35,2001,1997,2502,0.593,12.17,208.00,7.22
14.186,20419,235,35,2000,1996,2502,0.586,12.15,209.00,7.12
14.188,20420,235,35,2003,1998,2503,0.586,12.15,209.00,7.12
14.190,20421,235,35,2002,1998,2504,0.586,12.15,209.00,7.12
14.193,20422,235,35,2002,2000,2503,0.586,12.17,211.00,7.13
14.194,20423,235,35,2000,1999,2503,0.586,12.16,209.00,7.13
14.196,20424,235,35,2000,1998,2504,0.593,12.16,208.00,7.21
14.198,20425,235,35,2001,1997,2503,0.586,12.16,208.00,7.13
14.200,20426,235,35,2002,1997,2502,0.586,12.17,208.00,7.13
14.203,20427,235,35,2001,1997,2501,0.586,12.16,208.00,7.13
14.204,20428,235,35,2000,1996,2499,0.593,12.17,209.00,7.22
14.207,20429,235,35,1999,1995,2500,0.593,12.16,208.00,7.21
14.209,20430,235,35,2000,1993,2498,0.578,12.15,211.00,7.02
14.210,20431,235,35,2003,1996,2498,0.586,12.18,209.00,7.14
14.212,20432,235,35,2001,1996,2499,0.586,12.17,211.00,7.13
14.214,20433,235,35,2000,1996,2501,0.600,12.16,208.00,7.30
14.216,20434,235,35,2000,1997,2503,0.578,12.15,208.00,7.02
14.218,20435,235,35,2002,1998,2502,0.586,12.17,211.00,7.13
14.220,20436,235,35,2003,1999,2502,0.593,12.16,212.00,7.21
14.222,20437,235,35,2001,1998,2505,0.593,12.16,208.00,7.21
14.224,20438,235,35,2000,1998,2505,0.593,12.15,206.00,7.21
14.226,20439,235,35,2000,1998,2503,0.586,12.16,211.00,7.13
14.228,20440,235,35,2001,1996,2503,0.593,12.18,208.00,7.22
14.229,20441,235,35,2002,1996,2500,0.593,12.17,211.00,7.22
14.232,20442,235,35,2001,1996,2501,0.600,12.16,209.00,7.30
14.235,20443,235,35,2001,1995,2501,0.578,12.16,208.00,7.03
14.236,20444,235,35,2001,1995,2498,0.593,12.17,211.00,7.22
14.238,20445,235,35,2001,1994,2498,0.586,12.15,209.00,7.12
14.241,20446,235,35,2001,1995,2499,0.593,12.16,209.00,7.21
14.242,20447,235,35,2002,1996,2499,0.586,12.18,209.00,7.14
14.245,20448,235,35,2000,1995,2502,0.600,12.17,208.00,7.30
14.246,20449,235,35,2001,1997,2501,0.600,12.18,211.00,7.31
14.249,20450,235,35,2002,1996,2504,0.586,12.16,208.00,7.13
14.250,20451,235,35,2002,1998,2505,0.586,12.16,208.00,7.13
14.252,20452,235,35,2002,2000,2503,0.600,12.18,212.00,7.31
14.821,20453,235,35,2000,1997,2504,0.586,12.16,209.00,7.13
14.821,20454,235,35,2000,1998,2503,0.586,12.16,209.00,7.13
14.821,20455,235,35,2001,1998,2503,0.593,12.18,208.00,7.22
14.821,20456,235,35,2001,1996,2502,0.586,12.17,208.00,7.13
14.821,20457,235,35,2002,1997,2501,0.578,12.15,209.00,7.02
14.821,20458,235,35,2001,1995,2499,0.586,12.15,211.00,7.12
14.821,20459,235,35,2000,1994,2500,0.586,12.17,209.00,7.13
14.822,20460,235,35,2002,1995,2500,0.586,12.16,208.00,7.13
14.822,20461,235,35,2002,1996,2498,0.593,12.18,211.00,7.22
14.822,20462,235,35,2000,1994,2500,0.578,12.16,209.00,7.03
14.822,20463,235,35,2002,1998,2501,0.586,12.16,209.00,7.13
14.822,20464,235,34,2001,1998,2502,0.593,12.16,209.00,7.21
14.822,20465,235,34,2002,1998,2504,0.600,12.17,209.00,7.30
14.822,20466,235,34,2003,1999,2505,0.578,12.16,208.00,7.03
14.822,20467,235,34,2001,1999,2505,0.593,12.17,209.00,7.22
14.822,20468,235,34,2001,2000,2502,0.600,12.17,211.00,7.30
14.822,20469,235,34,2001,1997,2503,0.586,12.17,209.00,7.13
14.822,20470,235,34,2001,1997,2501,0.586,12.15,211.00,7.12
14.822,20471,235,34,2002,1998,2501,0.600,12.18,209.00,7.31
14.822,20472,235,34,2001,1995,2499,0.578,12.16,211.00,7.03
14.822,20473,235,34,2001,1995,2499,0.593,12.16,211.00,7.21
14.822,20474,235,34,2000,1995,2500,0.586,12.16,208.00,7.13
14.822,20475,235,34,2000,1993,2499,0.578,12.16,209.00,7.03
14.822,20476,235,34,2003,1995,2499,0.586,12.16,209.00,7.13
14.823,20477,235,34,2001,1996,2500,0.586,12.17,211.00,7.13
14.823,20478,235,34,2000,1995,2501,0.578,12.15,209.00,7.02
14.823,20479,235,34,2000,1997,2500,0.600,12.18,211.00,7.31
14.823,20480,235,34,2002,1996,2502,0.586,12.15,209.00,7.12
14.823,20481,235,34,2003,1998,2504,0.586,12.17,208.00,7.13
14.823,20482,235,34,2002,2000,2504,0.586,12.15,211.00,7.12
14.823,20483,235,34,2001,1999,2504,0.593,12.16,211.00,7.21
14.823,20484,235,34,2002,1998,2503,0.578,12.16,209.00,7.03
14.823,20485,235,34,2000,1996,2502,0.578,12.15,211.00,7.02
14.823,20486,235,34,2000,1994,2500,0.578,12.15,209.00,7.02
14.823,20487,235,34,2002,1996,2502,0.593,12.16,208.00,7.21
14.823,20488,235,34,2001,1996,2499,0.593,12.16,208.00,7.21
14.823,20489,235,34,2000,1995,2499,0.593,12.17,209.00,7.22
14.823,20490,235,34,2001,1994,2500,0.571,12.15,208.00,6.94
14.823,20491,235,34,2002,1995,2499,0.593,12.17,209.00,7.22
14.823,20492,235,34,2002,1996,2500,0.593,12.17,209.00,7.22
14.823,20493,235,34,2002,1997,2501,0.586,12.16,209.00,7.13
14.823,20494,235,34,2001,1996,2501,0.586,12.16,211.00,7.13
14.823,20495,235,34,2004,1999,2503,0.600,12.17,209.00,7.30
14.824,20496,235,34,2003,1998,2503,0.593,12.17,211.00,7.22
14.824,20497,235,34,2001,1998,2503,0.600,12.18,211.00,7.31
14.824,20498,235,34,2000,1997,2504,0.586,12.16,209.00,7.13
14.824,20499,235,34,2000,1998,2502,0.593,12.17,211.00,7.22
14.824,20500,235,34,2001,1998,2500,0.586,12.16,212.00,7.13
14.824,20501,235,34,2001,1997,2502,0.578,12.15,208.00,7.02
14.824,20502,235,34,2002,1996,2499,0.593,12.17,211.00,7.22
14.824,20503,235,34,2001,1997,2499,0.593,12.17,209.00,7.22
14.824,20504,235,34,2001,1996,2498,0.586,12.17,211.00,7.13
14.824,20505,235,34,2002,1997,2498,0.608,12.18,211.00,7.40
14.824,20506,235,34,2001,1994,2499,0.593,12.17,209.00,7.22
14.824,20507,235,34,2000,1994,2500,0.578,12.15,209.00,7.02
14.824,20508,235,34,2000,1996,2501,0.578,12.16,209.00,7.03
14.824,20509,235,34,2001,1997,2502,0.578,12.16,211.00,7.03
14.824,20510,235,34,2003,1998,2503,0.593,12.17,209.00,7.22
14.824,20511,235,34,2004,1999,2505,0.593,12.16,208.00,7.21
14.824,20512,235,34,2001,1998,2503,0.593,12.17,211.00,7.22
14.824,20513,235,34,2000,1999,2505,0.593,12.17,208.00,7.22
14.824,20514,235,34,2000,1998,2503,0.593,12.16,211.00,7.21
14.824,20515,235,34,2001,1998,2502,0.593,12.15,209.00,7.21
14.825,20516,235,34,2001,1996,2503,0.593,12.18,208.00,7.22
14.825,20517,235,34,2002,1998,2499,0.600,12.18,212.00,7.31
14.825,20518,235,34,2000,1994,2500,0.586,12.16,211.00,7.13
14.825,20519,235,34,2000,1995,2500,0.600,12.17,209.00,7.30
14.825,20520,235,34,2002,1995,2499,0.593,12.15,209.00,7.21
14.825,20521,235,34,2001,1995,2498,0.600,12.17,211.00,7.30
14.825,20522,235,34,2001,1995,2498,0.578,12.16,212.00,7.03
14.825,20523,235,34,2001,1997,2501,0.586,12.16,209.00,7.13
14.825,20524,235,33,2002,1998,2502,0.600,12.18,211.00,7.31
14.825,20525,235,33,2003,1998,2502,0.593,12.17,212.00,7.22
14.825,20526,235,33,2003,1998,2505,0.586,12.17,208.00,7.13
14.825,20527,235,33,2002,1999,2505,0.586,12.17,208.00,7.13
14.825,20528,235,33,2000,1999,2502,0.600,12.18,211.00,7.31
14.825,20529,235,33,2000,1997,2502,0.586,12.16,211.00,7.13
14.825,20530,235,33,2001,1998,2502,0.586,12.17,211.00,7.13
14.825,20531,235,33,2004,1999,2501,0.586,12.16,211.00,7.13
14.825,20532,235,33,2002,1996,2501,0.593,12.16,209.00,7.21
14.825,20533,235,33,2000,1996,2500,0.586,12.16,208.00,7.13
14.825,20534,235,33,2001,1995,2498,0.586,12.17,212.00,7.13
14.825,20535,235,33,2002,1994,2499,0.586,12.15,208.00,7.12
14.826,20536,235,33,2002,1995,2499,0.593,12.17,208.00,7.22
14.826,20537,235,33,2002,1995,2499,0.608,12.17,211.00,7.40
14.826,20538,235,33,2001,1995,2501,0.593,12.17,209.00,7.22
14.826,20539,235,33,2001,1997,2503,0.586,12.17,208.00,7.13
14.826,20540,235,33,2002,1998,2502,0.593,12.17,211.00,7.22
14.826,20541,235,33,2003,1998,2503,0.586,12.17,212.00,7.13
14.826,20542,235,33,2002,1999,2504,0.586,12.18,211.00,7.14
14.826,20543,235,33,2000,1999,2504,0.586,12.17,209.00,7.13
14.826,20544,235,33,2000,1997,2503,0.586,12.16,211.00,7.13
14.826,20545,235,33,2001,1998,2502,0.593,12.17,209.00,7.22
14.826,20546,235,33,2003,1998,2500,0.586,12.15,211.00,7.12
14.826,20547,235,33,2001,1995,2500,0.578,12.17,211.00,7.03
14.826,20548,235,33,1999,1995,2499,0.586,12.16,209.00,7.13
14.826,20549,235,33,2001,1996,2500,0.578,12.15,209.00,7.02
14.827,20550,235,33,2001,1994,2498,0.586,12.16,211.00,7.13
14.827,20551,235,33,2002,1995,2500,0.593,12.16,208.00,7.21
14.827,20552,235,33,2001,1995,2500,0.586,12.15,209.00,7.12
14.827,20553,235,33,2001,1996,2502,0.586,12.16,208.00,7.13
14.827,20554,235,33,2003,1998,2501,0.578,12.15,211.00,7.02
14.827,20555,235,33,2002,1996,2504,0.578,12.16,208.00,7.03
14.827,20556,235,33,2003,1997,2503,0.600,12.18,209.00,7.31
14.827,20557,235,33,2001,1999,2502,0.600,12.17,212.00,7.30
14.827,20558,235,33,2001,1998,2503,0.578,12.16,211.00,7.03
14.827,20559,235,33,2001,1998,2503,0.586,12.16,209.00,7.13
14.827,20560,235,33,2001,1998,2503,0.578,12.15,208.00,7.02
14.827,20561,235,33,2002,1997,2502,0.586,12.16,208.00,7.13
14.827,20562,235,33,2001,1996,2499,0.593,12.16,211.00,7.21
14.827,20563,235,33,2002,1996,2500,0.578,12.16,211.00,7.03
14.827,20564,235,33,2000,1994,2498,0.593,12.16,211.00,7.21
14.828,20565,235,33,2002,1994,2499,0.586,12.17,209.00,7.13
14.828,20566,235,33,2003,1995,2499,0.578,12.15,211.00,7.02
14.828,20567,235,33,2002,1995,2500,0.593,12.15,209.00,7.21
14.828,20568,235,33,2001,1995,2502,0.586,12.17,211.00,7.13
14.828,20569,235,33,2002,1997,2502,0.586,12.15,209.00,7.12
14.828,20570,235,33,2003,1998,2502,0.586,12.16,211.00,7.13
14.828,20571,235,33,2004,1999,2503,0.586,12.15,211.00,7.12
14.828,20572,235,33,2002,1998,2503,0.593,12.16,211.00,7.21
14.828,20573,235,33,2000,1998,2502,0.593,12.17,212.00,7.22
14.828,20574,235,33,2000,1997,2503,0.586,12.16,211.00,7.13
14.828,20575,235,33,2001,1997,2502,0.578,12.16,209.00,7.03
14.828,20576,235,33,2002,1997,2501,0.578,12.16,211.00,7.03
14.828,20577,235,33,2000,1994,2500,0.586,12.16,209.00,7.13
14.828,20578,235,33,2001,1996,2498,0.593,12.16,211.00,7.21
14.828,20579,235,33,2002,1995,2499,0.586,12.17,209.00,7.13
14.829,20580,235,33,2002,1994,2498,0.593,12.16,209.00,7.21
14.829,20581,235,33,2002,1996,2498,0.586,12.16,211.00,7.13
14.829,20582,235,33,2002,1996,2499,0.600,12.17,212.00,7.30
14.829,20583,235,33,2001,1996,2500,0.593,12.16,211.00,7.21
14.829,20584,235,32,2002,1998,2503,0.586,12.16,209.00,7.13
14.829,20585,235,32,2003,1997,2503,0.593,12.17,211.00,7.22
14.829,20586,235,32,2003,1999,2504,0.593,12.15,211.00,7.21
14.829,20587,235,32,2001,1998,2503,0.586,12.17,212.00,7.13
14.829,20588,235,32,2000,1998,2504,0.593,12.16,209.00,7.21
14.829,20589,235,32,2002,1999,2503,0.578,12.16,211.00,7.03
14.829,20590,235,32,2002,1999,2501,0.600,12.18,211.00,7.31
14.829,20591,235,32,2001,1998,2501,0.600,12.18,209.00,7.31
14.829,20592,235,32,2001,1996,2501,0.586,12.16,209.00,7.13
14.829,20593,235,32,1999,1995,2501,0.600,12.16,208.00,7.30
14.829,20594,235,32,2000,1994,2498,0.578,12.16,212.00,7.03
14.829,20595,235,32,2002,1994,2498,0.586,12.17,211.00,7.13
14.830,20596,235,32,2004,1996,2500,0.586,12.16,209.00,7.13
14.830,20597,235,32,2002,1996,2499,0.593,12.16,211.00,7.21
14.830,20598,235,32,2002,1996,2500,0.593,12.18,211.00,7.22
14.830,20599,235,32,2002,1996,2502,0.600,12.18,209.00,7.31
14.830,20600,235,32,2003,1997,2504,0.586,12.17,209.00,7.13
14.830,20601,235,32,2004,1999,2505,0.578,12.17,208.00,7.03
14.830,20602,235,32,2003,2001,2503,0.593,12.16,211.00,7.21
14.830,20603,235,32,2001,1999,2503,0.600,12.17,211.00,7.30
14.830,20604,235,32,2001,2000,2504,0.586,12.17,208.00,7.13
14.830,20605,235,32,2002,1999,2501,0.593,12.18,212.00,7.22
14.830,20606,235,32,2002,1997,2500,0.600,12.17,212.00,7.30
14.830,20607,235,32,1999,1994,2500,0.586,12.16,209.00,7.13
14.830,20608,235,32,2001,1995,2499,0.593,12.16,211.00,7.21
14.830,20609,235,32,2001,1994,2499,0.586,12.16,209.00,7.13
14.830,20610,235,32,2003,1996,2499,0.593,12.17,209.00,7.22
14.830,20611,235,32,2003,1996,2499,0.578,12.16,211.00,7.03
14.831,20612,235,32,2001,1994,2500,0.586,12.17,209.00,7.13
14.831,20613,235,32,2002,1997,2500,0.593,12.17,212.00,7.22
14.831,20614,235,32,2002,1996,2502,0.586,12.16,209.00,7.13
14.831,20615,235,32,2004,1998,2504,0.593,12.17,208.00,7.22
14.831,20616,235,32,2003,1999,2502,0.600,12.18,212.00,7.31
14.831,20617,235,32,1999,1998,2504,0.586,12.15,209.00,7.12
14.831,20618,235,32,2001,2000,2503,0.593,12.17,212.00,7.22
14.831,20619,235,32,2001,1999,2504,0.593,12.16,211.00,7.21
14.831,20620,235,32,2000,1997,2502,0.586,12.15,211.00,7.12
14.831,20621,235,32,2002,1999,2500,0.600,12.17,211.00,7.30
14.831,20622,235,32,2002,1998,2499,0.593,12.17,211.00,7.22
14.831,20623,235,32,1999,1993,2502,0.600,12.17,206.00,7.30
14.831,20624,235,32,2001,1994,2499,0.600,12.17,209.00,7.30
14.831,20625,235,32,2003,1996,2499,0.600,12.17,209.00,7.30
14.831,20626,235,32,2002,1995,2498,0.593,12.16,211.00,7.21
14.831,20627,235,32,2002,1996,2499,0.593,12.17,212.00,7.22
14.831,20628,235,32,2002,1995,2500,0.586,12.16,212.00,7.13
14.831,20629,235,32,2002,1996,2501,0.593,12.17,211.00,7.22
14.831,20630,235,32,2002,1996,2504,0.586,12.16,209.00,7.13
14.831,20631,235,32,2002,1997,2503,0.600,12.17,209.00,7.30
14.831,20632,235,32,2001,2000,2502,0.608,12.18,212.00,7.40
14.831,20633,235,32,1999,1997,2505,0.586,12.16,209.00,7.13
14.831,20634,235,32,2002,1998,2503,0.600,12.18,211.00,7.31
14.831,20635,235,32,2003,1999,2502,0.578,12.16,211.00,7.03
14.831,20636,235,32,2001,1996,2502,0.593,12.16,209.00,7.21
14.831,20637,235,32,2001,1997,2499,0.593,12.17,211.00,7.22
14.831,20638,235,32,2000,1995,2498,0.593,12.17,212.00,7.22
14.831,20639,235,32,1999,1992,2501,0.593,12.16,206.00,7.21
14.832,20640,235,32,2004,1996,2498,0.586,12.18,211.00,7.14
14.832,20641,235,32,2004,1996,2500,0.586,12.16,208.00,7.13
14.832,20642,235,32,2002,1995,2500,0.578,12.16,209.00,7.03
14.832,20643,235,32,2004,1997,2501,0.586,12.16,209.00,7.13
14.832,20644,235,31,2005,1998,2503,0.586,12.17,209.00,7.13
14.832,20645,235,31,2004,1997,2502,0.586,12.16,211.00,7.13
14.832,20646,235,31,2001,1997,2504,0.593,12.15,208.00,7.21
14.832,20647,235,31,1998,1996,2503,0.586,12.16,211.00,7.13
14.832,20648,235,31,1998,1996,2505,0.593,12.17,208.00,7.22
14.832,20649,235,31,1999,1997,2504,0.593,12.16,208.00,7.21
14.832,20650,235,31,2000,1998,2503,0.586,12.16,209.00,7.13
14.832,20651,235,31,2001,1997,2501,0.586,12.16,211.00,7.13
14.832,20652,235,31,1999,1995,2501,0.593,12.16,209.00,7.21
14.832,20653,235,31,2000,1995,2500,0.593,12.15,209.00,7.21
14.832,20654,235,31,2000,1994,2498,0.608,12.18,211.00,7.40
14.832,20655,235,31,2001,1993,2498,0.593,12.16,209.00,7.21
14.832,20656,235,31,2000,1993,2499,0.600,12.16,209.00,7.30
14.832,20738,235,30,2000,1999,2504,0.586,12.16,209.00,7.13
14.832,20739,235,30,2001,1999,2503,0.593,12.16,209.00,7.21
14.832,20740,235,30,2002,1999,2502,0.600,12.18,211.00,7.31
14.832,20741,235,30,2002,1997,2503,0.600,12.18,208.00,7.31
14.832,20742,235,30,2001,1997,2501,0.600,12.17,209.00,7.30
14.833,20743,235,30,2000,1995,2499,0.593,12.17,211.00,7.22
14.836,20744,235,30,2003,1995,2499,0.593,12.17,209.00,7.22
14.837,20745,235,30,2004,1995,2499,0.600,12.17,209.00,7.30
14.840,20746,235,30,2004,1995,2498,0.600,12.18,212.00,7.31
14.842,20747,235,30,2003,1994,2499,0.586,12.17,212.00,7.13
14.844,20748,235,30,2005,1997,2500,0.593,12.17,211.00,7.22
14.846,20749,235,30,2004,1997,2502,0.578,12.15,208.00,7.02
14.849,20750,235,30,2004,1998,2503,0.593,12.17,209.00,7.22
14.850,20751,235,30,2000,1997,2504,0.578,12.15,209.00,7.02
14.853,20752,235,30,1998,1997,2504,0.586,12.17,209.00,7.13
14.854,20753,235,30,1999,1998,2505,0.578,12.15,206.00,7.02
14.856,20754,235,30,2002,2000,2503,0.593,12.16,209.00,7.21
14.858,20755,235,30,2001,1997,2502,0.593,12.18,209.00,7.22
14.860,20756,235,30,2001,1998,2502,0.586,12.16,209.00,7.13
14.862,20757,235,30,2001,1997,2499,0.593,12.17,212.00,7.22
14.865,20758,235,30,2002,1995,2500,0.600,12.17,209.00,7.30
14.866,20759,235,30,2004,1995,2499,0.586,12.15,209.00,7.12
14.868,20760,235,30,2003,1995,2499,0.586,12.17,211.00,7.13
14.870,20761,235,30,2003,1994,2499,0.600,12.16,211.00,7.30
14.874,20762,235,30,2002,1995,2501,0.578,12.16,209.00,7.03
14.875,20763,235,30,2002,1995,2502,0.608,12.19,208.00,7.41
14.876,20764,235,29,2003,1996,2504,0.593,12.16,206.00,7.21
14.878,20765,235,29,2004,1999,2503,0.600,12.17,209.00,7.30
14.881,20766,235,29,2001,1998,2502,0.600,12.17,212.00,7.30
14.882,20767,235,29,1999,1998,2505,0.593,12.17,208.00,7.22
14.884,20768,235,29,2001,2000,2503,0.600,12.18,211.00,7.31
14.886,20769,235,29,2001,1999,2503,0.600,12.17,211.00,7.30
14.889,20770,235,29,2002,1999,2502,0.593,12.16,211.00,7.21
14.890,20771,235,29,2002,1998,2502,0.586,12.17,209.00,7.13
14.892,20772,235,29,2001,1996,2502,0.578,12.15,208.00,7.02
14.894,20773,235,29,2001,1995,2501,0.593,12.16,208.00,7.21
14.897,20774,235,29,2004,1996,2499,0.600,12.16,209.00,7.30
14.898,20775,235,29,2004,1995,2501,0.578,12.15,208.00,7.02
14.900,20776,235,29,2004,1995,2500,0.593,12.16,211.00,7.21
14.902,20777,235,29,2002,1995,2501,0.586,12.15,209.00,7.12
14.904,20778,235,29,2003,1996,2500,0.608,12.19,212.00,7.41
14.906,20779,235,29,2005,1998,2501,0.600,12.17,211.00,7.30
14.908,20780,235,29,2002,1997,2503,0.593,12.16,211.00,7.21
14.910,20781,235,29,2001,1999,2503,0.593,12.16,211.00,7.21
14.912,20782,235,29,1999,1998,2503,0.593,12.16,211.00,7.21
14.914,20783,235,29,2000,1999,2503,0.593,12.17,209.00,7.22
14.916,20784,235,29,2001,1998,2502,0.593,12.16,211.00,7.21
14.917,20785,235,29,2000,1998,2504,0.600,12.16,208.00,7.30
14.920,20786,235,29,2000,1996,2502,0.586,12.16,209.00,7.13
15.472,20787,235,29,2001,1997,2501,0.578,12.17,209.00,7.03
15.472,20788,235,29,2001,1994,2500,0.593,12.16,211.00,7.21
15.472,20789,235,29,2003,1995,2499,0.586,12.16,209.00,7.13
15.472,20790,235,29,2003,1994,2498,0.593,12.16,211.00,7.21
15.472,20791,235,29,2003,1995,2501,0.578,12.15,208.00,7.02
15.472,20792,235,29,2004,1997,2501,0.593,12.15,209.00,7.21
15.472,20793,235,29,2003,1995,2501,0.593,12.16,209.00,7.21
15.472,20794,235,29,2004,1997,2502,0.578,12.16,209.00,7.03
15.472,20795,235,29,2001,1996,2502,0.593,12.17,209.00,7.22
15.473,20796,235,29,1999,1997,2504,0.586,12.15,208.00,7.12
15.473,20797,235,29,1999,1998,2503,0.578,12.16,211.00,7.03
15.473,20798,235,29,2000,1999,2504,0.593,12.15,209.00,7.21
15.473,20799,235,29,2001,1998,2504,0.586,12.16,209.00,7.13
15.473,20800,235,29,2001,1998,2503,0.586,12.15,208.00,7.12
15.473,20801,235,29,2000,1997,2502,0.593,12.15,209.00,7.21
15.473,20802,235,29,2002,1997,2501,0.586,12.16,208.00,7.13
15.473,20803,235,29,2001,1995,2499,0.586,12.16,209.00,7.13
15.473,20804,235,29,2004,1995,2500,0.578,12.15,209.00,7.02
15.473,20805,235,29,2003,1995,2499,0.593,12.16,211.00,7.21
15.473,20806,235,29,2003,1996,2499,0.593,12.17,209.00,7.22
15.473,20807,235,29,2003,1996,2499,0.600,12.17,211.00,7.30
15.473,20808,235,29,2002,1996,2501,0.593,12.15,208.00,7.21
15.473,20809,235,29,2003,1997,2503,0.593,12.15,208.00,7.21
15.473,20810,235,29,2001,1998,2502,0.593,12.16,211.00,7.21
15.473,20811,235,29,1999,1998,2502,0.593,12.17,211.00,7.22
15.473,20812,235,29,1998,1997,2504,0.586,12.16,209.00,7.13
15.473,20813,235,29,2000,1999,2504,0.600,12.17,209.00,7.30
15.473,20814,235,29,2000,1998,2503,0.586,12.15,211.00,7.12
15.473,20815,235,29,2000,1998,2503,0.586,12.17,209.00,7.13
15.473,20816,235,29,2001,1999,2503,0.586,12.16,208.00,7.13
15.474,20817,235,29,2002,1997,2501,0.593,12.16,209.00,7.21
15.474,20818,235,29,2001,1996,2501,0.578,12.16,209.00,7.03
15.474,20819,235,29,2003,1995,2499,0.593,12.16,209.00,7.21
15.474,20820,235,29,2003,1994,2500,0.586,12.17,209.00,7.13
15.474,20821,235,29,2001,1994,2500,0.586,12.17,209.00,7.13
15.474,20822,235,29,2001,1995,2498,0.600,12.17,212.00,7.30
15.474,20823,235,29,2001,1995,2500,0.586,12.16,211.00,7.13
15.474,20824,235,28,2003,1997,2502,0.600,12.18,209.00,7.31
15.474,20825,235,28,2001,1999,2504,0.586,12.15,208.00,7.12
15.474,20826,235,28,1999,1998,2504,0.600,12.17,209.00,7.30
15.474,20827,235,28,1999,1999,2505,0.571,12.16,209.00,6.94
15.474,20828,235,28,1999,1998,2505,0.578,12.16,208.00,7.03
15.474,20829,235,28,2000,1997,2506,0.586,12.16,206.00,7.13
15.474,20830,235,28,2000,1998,2503,0.571,12.15,208.00,6.94
15.474,20831,235,28,2001,1997,2502,0.600,12.16,209.00,7.30
15.474,20832,235,28,2001,1997,2500,0.593,12.16,211.00,7.21
15.474,20833,235,28,2003,1996,2500,0.593,12.17,211.00,7.22
15.474,20834,235,28,2003,1995,2500,0.600,12.17,208.00,7.30
15.475,20835,235,28,2003,1995,2501,0.593,12.17,208.00,7.22
15.475,20836,235,28,2001,1994,2500,0.578,12.16,211.00,7.03
15.475,20837,235,28,2001,1995,2501,0.593,12.17,209.00,7.22
15.475,20838,235,28,2003,1996,2501,0.586,12.16,209.00,7.13
15.475,20839,235,28,2002,1996,2501,0.593,12.17,211.00,7.22
15.475,20840,235,28,2001,1998,2501,0.608,12.18,211.00,7.40
15.475,20841,235,28,1999,1998,2502,0.586,12.16,212.00,7.13
15.475,20842,235,28,2000,1999,2504,0.586,12.17,209.00,7.13
15.475,20843,235,28,2001,1999,2505,0.593,12.17,209.00,7.22
15.475,20844,235,28,2002,1999,2503,0.593,12.18,211.00,7.22
15.475,20845,235,28,2001,1997,2502,0.586,12.16,211.00,7.13
15.475,20846,235,28,2002,1999,2502,0.593,12.16,208.00,7.21
15.475,20847,235,28,2001,1998,2501,0.593,12.17,209.00,7.22
15.475,20848,235,28,2005,1998,2500,0.586,12.17,209.00,7.13
15.475,20849,235,28,2004,1996,2498,0.586,12.17,212.00,7.13
15.475,20850,235,28,2004,1995,2498,0.600,12.18,211.00,7.31
15.475,20851,235,28,2001,1993,2500,0.600,12.17,211.00,7.30
15.475,20852,235,28,2003,1996,2500,0.600,12.16,209.00,7.30
15.475,20853,235,28,2003,1996,2502,0.586,12.15,208.00,7.12
15.475,20854,235,28,2001,1998,2502,0.586,12.17,209.00,7.13
15.475,20855,235,28,1999,1997,2504,0.586,12.15,206.00,7.12
15.476,20856,235,28,1998,1997,2502,0.578,12.15,211.00,7.02
15.476,20857,235,28,1999,1998,2504,0.593,12.17,208.00,7.22
15.476,20858,235,28,2001,1999,2504,0.578,12.15,209.00,7.02
15.476,20859,235,28,2003,2000,2504,0.586,12.16,208.00,7.13
15.476,20860,235,28,2001,1997,2503,0.593,12.17,209.00,7.22
15.476,20861,235,28,2000,1996,2503,0.593,12.16,208.00,7.21
15.476,20862,235,28,2000,1995,2501,0.586,12.15,209.00,7.12
15.476,20863,235,28,2003,1997,2500,0.586,12.17,209.00,7.13
15.476,20864,235,28,2003,1995,2498,0.586,12.16,211.00,7.13
15.476,20865,235,28,2002,1995,2498,0.586,12.17,211.00,7.13
15.476,20866,235,28,2002,1996,2501,0.586,12.16,209.00,7.13
15.476,20867,235,28,2002,1995,2500,0.578,12.15,209.00,7.02
15.476,20868,235,28,2002,1994,2502,0.571,12.14,208.00,6.93
15.476,20869,235,28,2001,1996,2502,0.593,12.15,209.00,7.21
15.476,20870,235,28,1999,1997,2502,0.600,12.18,211.00,7.31
15.476,20871,235,28,1999,1999,2503,0.586,12.16,211.00,7.13
15.476,20872,235,28,1999,1998,2505,0.586,12.16,209.00,7.13
15.476,20873,235,28,2002,1999,2505,0.586,12.15,208.00,7.12
15.476,20874,235,28,2001,1999,2504,0.586,12.17,209.00,7.13
15.476,20875,235,28,2001,1998,2504,0.571,12.14,208.00,6.93
15.476,20876,235,28,2001,1998,2502,0.586,12.15,208.00,7.12
15.476,20877,235,28,2002,1997,2502,0.578,12.16,209.00,7.03
15.477,20878,235,28,2002,1994,2501,0.586,12.16,208.00,7.13
15.477,20879,235,28,2003,1995,2498,0.608,12.18,212.00,7.40
15.477,20880,235,28,2001,1993,2499,0.578,12.15,211.00,7.02
15.477,20881,235,28,2003,1996,2498,0.586,12.16,211.00,7.13
15.477,20882,235,28,2002,1996,2500,0.586,12.17,209.00,7.13
15.477,20883,235,28,2002,1995,2500,0.593,12.17,211.00,7.22
15.477,20884,235,27,2001,1997,2500,0.600,12.17,211.00,7.30
15.477,20885,235,27,1998,1996,2504,0.578,12.15,208.00,7.02
15.477,20886,235,27,1999,1997,2505,0.578,12.15,208.00,7.02
15.477,20887,235,27,2001,1999,2505,0.586,12.16,208.00,7.13
15.477,20888,235,27,2000,1998,2505,0.593,12.16,209.00,7.21
15.477,20889,235,27,2001,1998,2503,0.600,12.17,211.00,7.30
15.477,20890,235,27,2001,1997,2503,0.586,12.16,211.00,7.13
15.477,20891,235,27,2000,1997,2502,0.586,12.16,211.00,7.13
15.477,20892,235,27,2001,1996,2501,0.586,12.17,211.00,7.13
15.477,20893,235,27,2003,1996,2500,0.593,12.17,209.00,7.22
15.477,20894,235,27,2004,1997,2500,0.586,12.16,209.00,7.13
15.477,20895,235,27,2002,1995,2500,0.600,12.17,209.00,7.30
15.477,20896,235,27,2000,1995,2499,0.593,12.17,211.00,7.22
15.478,20897,235,27,2002,1995,2500,0.593,12.17,209.00,7.22
15.478,20898,235,27,2001,1996,2500,0.586,12.15,211.00,7.12
15.478,20899,235,27,2002,1998,2502,0.593,12.16,209.00,7.21
15.478,20900,235,27,1999,1996,2504,0.593,12.16,208.00,7.21
15.478,20901,235,27,2000,1999,2505,0.586,12.16,208.00,7.13
15.478,20902,235,27,2000,1998,2504,0.593,12.16,209.00,7.21
15.478,20903,235,27,2003,2000,2505,0.578,12.15,208.00,7.02
15.478,20904,235,27,2001,1997,2504,0.593,12.16,209.00,7.21
15.478,20905,235,27,2003,1998,2503,0.586,12.16,209.00,7.13
15.478,20906,235,27,2001,1998,2502,0.593,12.16,209.00,7.21
15.478,20907,235,27,2003,1998,2502,0.586,12.16,209.00,7.13
15.478,20908,235,27,2003,1996,2501,0.593,12.16,208.00,7.21
15.478,20909,235,27,2004,1997,2500,0.586,12.16,208.00,7.13
15.478,20910,235,27,2001,1994,2499,0.593,12.16,209.00,7.21
15.478,20911,235,27,2001,1996,2500,0.586,12.16,208.00,7.13
15.478,20912,235,27,2001,1996,2499,0.593,12.16,211.00,7.21
15.478,20913,235,27,2002,1996,2501,0.586,12.15,208.00,7.12
15.478,20914,235,27,2001,1997,2501,0.586,12.15,209.00,7.12
15.478,20915,235,27,2000,1997,2502,0.593,12.17,209.00,7.22
15.478,20916,235,27,2000,1998,2503,0.600,12.17,211.00,7.30
15.478,20917,235,27,2001,1997,2506,0.586,12.17,208.00,7.13
15.479,20918,235,27,2001,1998,2505,0.593,12.16,208.00,7.21
15.479,20919,235,27,2002,1999,2504,0.586,12.16,209.00,7.13
15.479,20920,235,27,2001,1998,2502,0.600,12.17,212.00,7.30
15.479,20921,235,27,2001,1997,2502,0.593,12.17,209.00,7.22
15.479,20922,235,27,2002,1997,2501,0.586,12.16,209.00,7.13
15.479,20923,235,27,2002,1995,2500,0.593,12.18,209.00,7.22
15.479,20924,235,27,2004,1996,2500,0.586,12.16,208.00,7.13
15.479,20925,235,27,2001,1994,2499,0.586,12.17,211.00,7.13
15.479,20926,235,27,2001,1996,2499,0.586,12.16,211.00,7.13
15.479,20927,235,27,2001,1994,2499,0.564,12.14,211.00,6.85
15.479,20928,235,27,2000,1995,2501,0.586,12.16,208.00,7.13
15.479,20929,235,27,2001,1998,2502,0.586,12.17,209.00,7.13
15.479,20930,235,27,2000,1997,2502,0.600,12.16,211.00,7.30
15.479,20931,235,27,2000,1998,2504,0.586,12.16,208.00,7.13
15.479,20932,235,27,2002,1998,2503,0.586,12.16,211.00,7.13
15.479,20933,235,27,2002,1998,2505,0.593,12.17,208.00,7.22
15.479,20934,235,27,2002,1998,2504,0.593,12.15,208.00,7.21
15.479,20935,235,27,2003,1999,2503,0.586,12.16,211.00,7.13
15.479,20936,235,27,2000,1996,2504,0.586,12.16,208.00,7.13
15.479,20937,235,27,2001,1996,2500,0.586,12.17,211.00,7.13
15.479,20938,235,27,2003,1995,2500,0.600,12.17,209.00,7.30
15.480,20939,235,27,2002,1995,2500,0.578,12.15,209.00,7.02
15.480,20940,235,27,1999,1993,2499,0.578,12.15,211.00,7.02
15.480,20941,235,27,2001,1994,2499,0.586,12.15,209.00,7.12
15.480,20942,235,27,2001,1996,2500,0.586,12.15,208.00,7.12
15.480,20943,235,27,2001,1995,2500,0.593,12.16,211.00,7.21
15.480,20944,235,26,1999,1996,2503,0.578,12.14,208.00,7.02
15.480,20945,235,26,1997,1995,2503,0.571,12.15,208.00,6.94
15.480,20946,235,26,2000,1998,2503,0.593,12.15,209.00,7.21
15.480,20947,235,26,2002,1999,2503,0.593,12.17,212.00,7.22
15.480,20948,235,26,2001,1998,2504,0.578,12.16,211.00,7.03
15.480,20949,235,26,2001,1998,2504,0.593,12.15,209.00,7.21
15.480,20950,235,26,2001,1998,2504,0.578,12.15,208.00,7.02
15.480,20951,235,26,2001,1998,2503,0.586,12.16,209.00,7.13
15.480,20952,235,26,2004,1998,2501,0.578,12.16,209.00,7.03
15.480,20953,235,26,2003,1996,2500,0.586,12.17,211.00,7.13
15.480,20954,235,26,2001,1994,2498,0.586,12.15,211.00,7.12
15.480,20955,235,26,2000,1994,2500,0.586,12.17,209.00,7.13
15.480,20956,235,26,2000,1994,2498,0.586,12.16,211.00,7.13
15.480,20957,235,26,2001,1995,2500,0.578,12.16,208.00,7.03
15.481,20958,235,26,2000,1996,2500,0.586,12.16,211.00,7.13
15.481,20959,235,26,2000,1996,2501,0.586,12.17,209.00,7.13
15.481,20960,235,26,1998,1996,2503,0.578,12.15,208.00,7.02
15.481,20961,235,26,2000,1997,2502,0.586,12.17,212.00,7.13
15.481,20962,235,26,2002,1997,2504,0.578,12.16,209.00,7.03
15.481,20963,235,26,2001,1998,2505,0.571,12.15,208.00,6.94
15.481,20964,235,26,2002,2000,2504,0.578,12.15,209.00,7.02
15.481,20965,235,26,2002,2000,2503,0.586,12.15,209.00,7.12
15.481,20966,235,26,2002,1998,2501,0.593,12.16,211.00,7.21
15.481,20967,235,26,2004,1999,2501,0.593,12.16,208.00,7.21
15.481,20968,235,26,2002,1995,2500,0.586,12.15,209.00,7.12
15.481,20969,235,26,2003,1997,2499,0.600,12.17,211.00,7.30
15.481,20970,235,26,2000,1995,2498,0.593,12.17,209.00,7.22
15.481,20971,235,26,2001,1995,2500,0.571,12.16,209.00,6.94
15.481,20972,235,26,2002,1995,2498,0.593,12.16,211.00,7.21
15.481,20973,235,26,2001,1995,2499,0.600,12.17,211.00,7.30
15.481,20974,235,26,2000,1997,2502,0.593,12.16,209.00,7.21
15.481,20975,235,26,2002,1999,2503,0.586,12.16,209.00,7.13
15.481,20976,235,26,2002,1998,2503,0.593,12.17,211.00,7.22
15.481,20977,235,26,2003,1999,2505,0.586,12.17,209.00,7.13
15.481,20978,235,26,2002,1998,2504,0.586,12.15,211.00,7.12
15.482,20979,235,26,2001,1999,2505,0.586,12.16,208.00,7.13
15.482,20980,235,26,2001,1997,2502,0.593,12.17,211.00,7.22
15.482,20981,235,26,2000,1997,2502,0.593,12.17,209.00,7.22
15.482,20982,235,26,2002,1996,2500,0.593,12.18,211.00,7.22
15.482,20983,235,26,2001,1996,2499,0.608,12.17,211.00,7.40
15.482,20984,235,26,2001,1996,2498,0.593,12.17,211.00,7.22
15.482,20985,235,26,2000,1995,2499,0.586,12.16,209.00,7.13
15.482,20986,235,26,2001,1997,2499,0.593,12.16,209.00,7.21
15.482,20987,235,26,2002,1996,2499,0.593,12.17,211.00,7.22
15.482,20988,235,26,2001,1997,2500,0.586,12.16,209.00,7.13
15.482,20989,235,26,2001,1998,2501,0.586,12.16,209.00,7.13
15.482,20990,235,26,1999,1996,2503,0.593,12.16,209.00,7.21
15.482,21064,235,24,2003,1997,2501,0.593,12.18,211.00,7.22
15.482,21065,235,24,2004,1998,2503,0.600,12.17,209.00,7.30
15.482,21066,235,24,2003,1998,2503,0.586,12.17,212.00,7.13
15.482,21067,235,24,2003,1999,2504,0.600,12.17,209.00,7.30
15.484,21068,235,24,2001,2001,2504,0.593,12.16,211.00,7.21
15.486,21069,235,24,2000,1999,2504,0.600,12.17,211.00,7.30
15.488,21070,235,24,2002,2000,2504,0.586,12.16,209.00,7.13
15.490,21071,235,24,2000,1998,2503,0.578,12.16,209.00,7.03
15.494,21072,235,24,2002,1997,2500,0.600,12.18,212.00,7.31
15.494,21073,235,24,2002,1997,2500,0.593,12.18,212.00,7.22
15.496,21074,235,24,2002,1997,2499,0.586,12.16,209.00,7.13
15.499,21075,235,24,2002,1995,2500,0.600,12.17,208.00,7.30
15.500,21076,235,24,2005,1997,2499,0.593,12.17,211.00,7.22
15.502,21077,235,24,2004,1996,2499,0.593,12.17,211.00,7.22
15.505,21078,235,24,2002,1995,2500,0.593,12.16,212.00,7.21
15.506,21079,235,24,2003,1996,2500,0.593,12.18,211.00,7.22
15.509,21080,235,24,2003,1996,2501,0.586,12.16,212.00,7.13
15.510,21081,235,24,2003,1998,2504,0.600,12.17,209.00,7.30
15.512,21082,235,24,2003,2000,2503,0.586,12.15,211.00,7.12
15.515,21083,235,24,1999,1999,2503,0.600,12.17,211.00,7.30
15.516,21084,235,24,2002,2001,2504,0.600,12.16,211.00,7.30
15.518,21085,235,24,2000,1999,2503,0.593,12.17,211.00,7.22
15.521,21086,235,24,2003,2000,2502,0.593,12.17,209.00,7.22
15.522,21087,235,24,2000,1996,2503,0.586,12.15,208.00,7.12
15.524,21088,235,24,2000,1996,2500,0.593,12.17,209.00,7.22
15.526,21089,235,24,2001,1995,2499,0.593,12.16,211.00,7.21
15.528,21090,235,24,2002,1994,2499,0.586,12.16,212.00,7.13
15.531,21091,235,24,2003,1995,2499,0.600,12.17,211.00,7.30
15.532,21092,235,24,2004,1996,2500,0.586,12.16,209.00,7.13
15.534,21093,235,24,2003,1995,2500,0.593,12.17,211.00,7.22
15.536,21094,235,24,2003,1996,2502,0.593,12.17,211.00,7.22
15.539,21095,235,24,2004,1998,2504,0.586,12.16,208.00,7.13
15.540,21096,235,24,2003,1997,2502,0.593,12.16,211.00,7.21
15.541,21097,235,24,2001,1999,2503,0.593,12.17,212.00,7.22
15.544,21098,235,24,1999,1998,2503,0.578,12.16,212.00,7.03
15.546,21099,235,24,2000,1999,2503,0.586,12.18,211.00,7.14
15.547,21100,235,24,2002,1999,2503,0.593,12.17,211.00,7.22
15.550,21101,235,24,2002,1999,2502,0.593,12.17,211.00,7.22
15.552,21102,235,24,2000,1997,2501,0.593,12.16,211.00,7.21
15.554,21103,235,24,2001,1997,2500,0.586,12.17,211.00,7.13
15.556,21104,235,24,2001,1994,2499,0.586,12.16,211.00,7.13
15.558,21105,235,24,2003,1996,2500,0.586,12.16,209.00,7.13
15.560,21106,235,24,2005,1997,2499,0.593,12.16,211.00,7.21
15.563,21107,235,24,2003,1995,2500,0.586,12.18,211.00,7.14
15.564,21108,235,24,2004,1997,2500,0.600,12.17,209.00,7.30
15.567,21109,235,24,2003,1996,2502,0.578,12.16,211.00,7.03
15.568,21110,235,24,2004,1997,2502,0.593,12.16,211.00,7.21
15.570,21111,235,24,2002,1998,2503,0.578,12.15,211.00,7.02
15.572,21112,235,24,2000,1999,2503,0.586,12.17,211.00,7.13
16.199,21113,235,24,2000,1999,2503,0.593,12.16,211.00,7.21
16.199,21114,235,24,2000,1998,2503,0.578,12.16,212.00,7.03
16.199,21115,235,24,2002,2000,2503,0.586,12.18,211.00,7.14
16.199,21116,235,24,2001,1998,2502,0.593,12.18,211.00,7.22
16.199,21117,235,24,2002,1999,2502,0.586,12.17,209.00,7.13
16.199,21118,235,24,2000,1997,2500,0.593,12.17,212.00,7.22
16.199,21119,235,24,2001,1995,2499,0.593,12.16,211.00,7.21
16.199,21120,235,24,2004,1996,2499,0.593,12.17,212.00,7.22
16.200,21121,235,24,2003,1995,2500,0.586,12.15,208.00,7.12
16.200,21122,235,24,2001,1994,2499,0.586,12.17,211.00,7.13
16.200,21123,235,24,2001,1994,2501,0.593,12.16,209.00,7.21
16.200,21124,235,23,2002,1996,2501,0.586,12.16,209.00,7.13
16.200,21125,235,23,2002,1996,2502,0.586,12.16,212.00,7.13
16.200,21126,235,23,2001,1998,2503,0.593,12.16,209.00,7.21
16.200,21127,235,23,1999,1999,2504,0.593,12.16,211.00,7.21
16.200,21128,235,23,1999,1999,2503,0.586,12.17,212.00,7.13
16.200,21129,235,23,2000,1999,2503,0.600,12.18,211.00,7.31
16.200,21130,235,23,2002,2000,2503,0.593,12.15,209.00,7.21
16.200,21131,235,23,2000,1997,2502,0.586,12.16,211.00,7.13
16.200,21132,235,23,2003,1999,2502,0.593,12.17,211.00,7.22
16.200,21133,235,23,2002,1997,2501,0.586,12.16,211.00,7.13
16.200,21134,235,23,2003,1996,2499,0.593,12.17,212.00,7.22
16.200,21135,235,23,2003,1995,2500,0.593,12.17,209.00,7.22
16.200,21136,235,23,2003,1995,2500,0.593,12.18,209.00,7.22
16.200,21137,235,23,2002,1995,2499,0.600,12.18,211.00,7.31
16.200,21138,235,23,2002,1996,2499,0.593,12.17,212.00,7.22
16.200,21139,235,23,2003,1998,2500,0.600,12.18,211.00,7.31
16.200,21140,235,23,2002,1997,2501,0.600,12.17,211.00,7.30
16.200,21141,235,23,2000,1998,2502,0.593,12.17,211.00,7.22
16.201,21142,235,23,1998,1997,2504,0.593,12.17,209.00,7.22
16.201,21143,235,23,1999,1998,2506,0.586,12.17,208.00,7.13
16.201,21144,235,23,2003,2001,2504,0.586,12.17,211.00,7.13
16.201,21145,235,23,2000,1998,2504,0.586,12.16,208.00,7.13
16.201,21146,235,23,2001,1998,2502,0.593,12.18,211.00,7.22
16.201,21147,235,23,2002,2000,2501,0.593,12.17,211.00,7.22
16.201,21148,235,23,2001,1996,2500,0.593,12.17,211.00,7.22
16.201,21149,235,23,2003,1997,2499,0.600,12.18,212.00,7.31
16.201,21150,235,23,2004,1996,2500,0.578,12.15,209.00,7.02
16.201,21151,235,23,2002,1994,2500,0.578,12.16,209.00,7.03
16.201,21152,235,23,2001,1995,2500,0.593,12.17,209.00,7.22
16.201,21153,235,23,2002,1996,2500,0.593,12.16,211.00,7.21
16.201,21154,235,23,2003,1998,2501,0.593,12.16,209.00,7.21
16.201,21155,235,23,2002,1998,2500,0.593,12.18,212.00,7.22
16.201,21156,235,23,2001,1998,2502,0.600,12.18,212.00,7.31
16.201,21157,235,23,1999,1999,2504,0.586,12.18,209.00,7.14
16.201,21158,235,23,2001,1999,2503,0.593,12.17,211.00,7.22
16.201,21159,235,23,2001,2000,2502,0.593,12.17,212.00,7.22
16.201,21160,235,23,2003,1999,2503,0.586,12.16,211.00,7.13
16.202,21161,235,23,2001,1998,2504,0.586,12.15,208.00,7.12
16.202,21162,235,23,2002,1998,2502,0.586,12.16,209.00,7.13
16.202,21163,235,23,2002,1998,2499,0.593,12.18,212.00,7.22
16.202,21164,235,23,2002,1995,2501,0.586,12.17,209.00,7.13
16.202,21165,235,23,2003,1995,2500,0.593,12.17,209.00,7.22
16.202,21166,235,23,2002,1996,2500,0.586,12.16,211.00,7.13
16.202,21167,235,23,2001,1995,2500,0.578,12.14,211.00,7.02
16.202,21168,235,23,2002,1996,2499,0.593,12.18,211.00,7.22
16.202,21169,235,23,2004,1998,2500,0.600,12.16,211.00,7.30
16.202,21170,235,23,2001,1997,2501,0.586,12.15,211.00,7.12
16.202,21171,235,23,1999,1997,2503,0.586,12.16,209.00,7.13
16.202,21172,235,23,2001,2000,2503,0.600,12.16,211.00,7.30
16.202,21173,235,23,1999,1997,2505,0.578,12.15,209.00,7.02
16.202,21174,235,23,2002,2000,2503,0.593,12.17,212.00,7.22
16.202,21175,235,23,2001,1998,2503,0.586,12.17,212.00,7.13
16.202,21176,235,23,2001,1997,2504,0.593,12.16,209.00,7.21
16.202,21177,235,23,2001,1997,2503,0.593,12.17,209.00,7.22
16.202,21178,235,23,2002,1996,2499,0.586,12.16,212.00,7.13
16.202,21179,235,23,2004,1996,2500,0.593,12.18,212.00,7.22
16.203,21180,235,23,2005,1997,2499,0.600,12.17,211.00,7.30
16.203,21181,235,23,2001,1995,2499,0.593,12.17,211.00,7.22
16.203,21182,235,23,2000,1995,2498,0.593,12.16,212.00,7.21
16.203,21183,235,23,2001,1994,2500,0.586,12.16,209.00,7.13
16.203,21184,235,22,2002,1996,2499,0.600,12.18,212.00,7.31
16.203,21185,235,22,2000,1997,2501,0.593,12.15,211.00,7.21
16.203,21186,235,22,1999,1998,2503,0.578,12.16,209.00,7.03
16.203,21187,235,22,2000,1998,2503,0.586,12.17,211.00,7.13
16.203,21188,235,22,2001,2000,2504,0.586,12.15,211.00,7.12
16.203,21189,235,22,2003,1999,2504,0.593,12.18,211.00,7.22
16.203,21190,235,22,2003,1999,2505,0.586,12.16,209.00,7.13
16.203,21191,235,22,2001,1999,2502,0.586,12.16,212.00,7.13
16.203,21192,235,22,2002,1999,2502,0.578,12.16,211.00,7.03
16.203,21193,235,22,2001,1996,2503,0.586,12.15,209.00,7.12
16.203,21194,235,22,2003,1995,2499,0.578,12.15,212.00,7.02
16.203,21195,235,22,2003,1995,2500,0.586,12.18,211.00,7.14
16.203,21196,235,22,2001,1996,2500,0.586,12.16,209.00,7.13
16.203,21197,235,22,2000,1995,2499,0.593,12.16,211.00,7.21
16.203,21198,235,22,2003,1997,2499,0.593,12.17,211.00,7.22
16.204,21199,235,22,2001,1995,2501,0.600,12.16,209.00,7.30
16.204,21200,235,22,2000,1996,2501,0.593,12.17,211.00,7.22
16.204,21201,235,22,1999,1997,2502,0.586,12.15,211.00,7.12
16.204,21202,235,22,2000,1999,2504,0.593,12.16,211.00,7.21
16.204,21203,235,22,2002,1999,2505,0.593,12.18,209.00,7.22
16.204,21204,235,22,2003,1999,2504,0.593,12.16,209.00,7.21
16.204,21205,235,22,2001,2000,2504,0.593,12.18,211.00,7.22
16.204,21206,235,22,2002,2000,2504,0.593,12.16,209.00,7.21
16.204,21207,235,22,2002,1998,2502,0.586,12.17,211.00,7.13
16.204,21208,235,22,2002,1997,2502,0.593,12.17,209.00,7.22
16.204,21209,235,22,2003,1996,2501,0.586,12.15,209.00,7.12
16.204,21210,235,22,2003,1997,2500,0.600,12.17,209.00,7.30
16.204,21211,235,22,2000,1993,2501,0.586,12.16,209.00,7.13
16.204,21212,235,22,2001,1996,2498,0.593,12.17,212.00,7.22
16.204,21213,235,22,2001,1995,2500,0.586,12.16,211.00,7.13
16.204,21214,235,22,2001,1996,2501,0.586,12.17,209.00,7.13
16.204,21215,235,22,2000,1996,2503,0.586,12.16,208.00,7.13
16.204,21216,235,22,2000,1997,2503,0.593,12.17,211.00,7.22
16.204,21217,235,22,2002,1999,2505,0.586,12.15,209.00,7.12
16.204,21218,235,22,2002,1998,2504,0.593,12.16,211.00,7.21
16.204,21219,235,22,2002,1998,2505,0.586,12.16,209.00,7.13
16.204,21220,235,22,2001,1999,2505,0.593,12.16,208.00,7.21
16.204,21221,235,22,2004,2000,2504,0.586,12.17,209.00,7.13
16.204,21222,235,22,2001,1997,2503,0.586,12.16,208.00,7.13
16.204,21223,235,22,2003,1997,2502,0.586,12.16,208.00,7.13
16.204,21224,235,22,2003,1996,2501,0.593,12.16,209.00,7.21
16.205,21225,235,22,2001,1995,2500,0.593,12.17,211.00,7.22
16.205,21226,235,22,2001,1995,2498,0.586,12.16,211.00,7.13
16.205,21227,235,22,2001,1995,2499,0.593,12.17,211.00,7.22
16.205,21228,235,22,2002,1996,2500,0.586,12.16,209.00,7.13
16.205,21229,235,22,2001,1995,2499,0.593,12.16,212.00,7.21
16.205,21230,235,22,2000,1996,2500,0.608,12.18,212.00,7.40
16.205,21231,235,22,2000,1996,2505,0.586,12.15,208.00,7.12
16.205,21232,235,22,2003,1998,2503,0.586,12.17,211.00,7.13
16.205,21233,235,22,2004,1999,2506,0.593,12.16,208.00,7.21
16.205,21234,235,22,2002,2000,2503,0.586,12.16,212.00,7.13
16.205,21235,235,22,2001,1998,2503,0.600,12.17,211.00,7.30
16.205,21236,235,22,2000,1999,2503,0.586,12.16,209.00,7.13
16.205,21237,235,22,2002,1999,2504,0.600,12.17,208.00,7.30
16.205,21238,235,22,2002,1996,2501,0.593,12.17,211.00,7.22
16.205,21239,235,22,2001,1997,2502,0.593,12.17,208.00,7.22
16.205,21240,235,22,2002,1997,2499,0.600,12.17,211.00,7.30
16.205,21241,235,22,1998,1993,2500,0.586,12.16,208.00,7.13
16.205,21242,235,22,2002,1996,2499,0.586,12.18,211.00,7.14
16.205,21243,235,22,2002,1996,2500,0.586,12.16,211.00,7.13
16.205,21244,235,21,2000,1995,2500,0.593,12.18,211.00,7.22
16.205,21245,235,21,2000,1996,2502,0.586,12.17,209.00,7.13
16.205,21246,235,21,2002,1999,2503,0.586,12.17,209.00,7.13
16.205,21247,235,21,2003,1998,2503,0.586,12.16,211.00,7.13
16.205,21248,235,21,2002,1999,2504,0.600,12.18,211.00,7.31
16.205,21249,235,21,2002,1998,2505,0.586,12.17,209.00,7.13
16.205,21250,235,21,2000,1999,2504,0.593,12.15,209.00,7.21
16.206,21251,235,21,2002,1999,2503,0.586,12.16,212.00,7.13
16.206,21252,235,21,2000,1996,2502,0.578,12.16,211.00,7.03
16.206,21253,235,21,2002,1997,2501,0.586,12.17,211.00,7.13
16.206,21254,235,21,2001,1995,2500,0.586,12.16,211.00,7.13
16.206,21255,235,21,2000,1995,2499,0.593,12.18,211.00,7.22
16.206,21256,235,21,2000,1995,2500,0.586,12.17,208.00,7.13
16.206,21257,235,21,2001,1994,2499,0.578,12.16,211.00,7.03
16.206,21258,235,21,2002,1994,2500,0.586,12.16,209.00,7.13
16.206,21259,235,21,2002,1996,2500,0.586,12.18,209.00,7.14
16.206,21260,235,21,2001,1995,2502,0.578,12.15,209.00,7.02
16.206,21261,235,21,2002,1998,2502,0.593,12.18,211.00,7.22
16.206,21262,235,21,2003,1998,2503,0.586,12.16,212.00,7.13
16.206,21263,235,21,2002,1999,2504,0.593,12.16,211.00,7.21
16.206,21264,235,21,2000,1998,2505,0.586,12.16,209.00,7.13
16.206,21265,235,21,1999,1998,2503,0.608,12.17,211.00,7.40
16.206,21266,235,21,2000,1997,2503,0.586,12.16,209.00,7.13
16.206,21267,235,21,2001,1998,2504,0.586,12.16,208.00,7.13
16.206,21268,235,21,2002,1997,2503,0.586,12.15,208.00,7.12
16.206,21269,235,21,2000,1996,2501,0.586,12.16,209.00,7.13
16.206,21270,235,21,2002,1997,2500,0.593,12.16,209.00,7.21
16.206,21271,235,21,2000,1995,2500,0.600,12.17,209.00,7.30
16.206,21272,235,21,2003,1996,2499,0.586,12.16,211.00,7.13
16.207,21273,235,21,2002,1994,2500,0.593,12.16,209.00,7.21
16.207,21274,235,21,2002,1996,2501,0.586,12.15,209.00,7.12
16.207,21275,235,21,2003,1997,2502,0.586,12.15,209.00,7.12
16.207,21276,235,21,2003,1996,2503,0.593,12.16,211.00,7.21
16.207,21277,235,21,2003,1998,2505,0.586,12.15,209.00,7.12
16.207,21278,235,21,2003,1999,2505,0.593,12.16,209.00,7.21
16.207,21279,235,21,2000,1999,2506,0.593,12.15,208.00,7.21
16.207,21280,235,21,2001,2000,2504,0.586,12.16,209.00,7.13
16.207,21281,235,21,2000,1998,2503,0.593,12.16,211.00,7.21
16.207,21282,235,21,2001,1999,2504,0.578,12.15,209.00,7.02
16.207,21283,235,21,2002,1998,2501,0.586,12.16,211.00,7.13
16.207,21284,235,21,2001,1996,2501,0.571,12.16,211.00,6.94
16.207,21285,235,21,2000,1994,2499,0.586,12.16,211.00,7.13
16.207,21286,235,21,2002,1996,2500,0.586,12.17,209.00,7.13
16.207,21287,235,21,2004,1995,2499,0.586,12.16,209.00,7.13
16.207,21288,235,21,2003,1995,2500,0.586,12.17,209.00,7.13
16.207,21289,235,21,2002,1996,2501,0.593,12.16,208.00,7.21
16.207,21290,235,21,2004,1998,2502,0.586,12.17,209.00,7.13
16.207,21291,235,21,2004,1997,2504,0.593,12.17,208.00,7.22
16.207,21292,235,21,2003,1998,2505,0.593,12.15,206.00,7.21
16.207,21293,235,21,2001,1998,2503,0.586,12.16,211.00,7.13
16.207,21294,235,21,2000,1999,2505,0.586,12.17,209.00,7.13
16.207,21295,235,21,2000,1998,2504,0.586,12.16,211.00,7.13
16.207,21296,235,21,2001,1999,2504,0.586,12.17,209.00,7.13
16.207,21297,235,21,2001,1999,2503,0.586,12.16,209.00,7.13
16.207,21298,235,21,2002,1997,2501,0.593,12.17,211.00,7.22
16.208,21299,235,21,2001,1997,2501,0.593,12.16,209.00,7.21
16.208,21300,235,21,2000,1995,2500,0.593,12.16,208.00,7.21
16.208,21301,235,21,2002,1995,2499,0.586,12.17,211.00,7.13
16.208,21302,235,21,2005,1996,2500,0.586,12.17,208.00,7.13
16.208,21303,235,21,2001,1994,2499,0.586,12.16,211.00,7.13
16.208,21304,235,20,2002,1994,2501,0.593,12.17,209.00,7.22
16.208,21305,235,20,2002,1996,2502,0.578,12.16,209.00,7.03
16.208,21306,235,20,2003,1997,2504,0.586,12.15,208.00,7.12
16.208,21307,235,20,2003,1998,2504,0.586,12.16,209.00,7.13
16.208,21308,235,20,2001,1999,2504,0.593,12.17,211.00,7.22
16.208,21309,235,20,1999,1999,2503,0.586,12.16,212.00,7.13
16.208,21310,235,20,2000,1999,2504,0.593,12.17,211.00,7.22
16.208,21311,235,20,2002,2000,2503,0.578,12.16,211.00,7.03
16.208,21312,235,20,2001,1999,2503,0.593,12.16,211.00,7.21
16.208,21313,235,20,2002,1999,2502,0.586,12.16,211.00,7.13
16.208,21314,235,20,2000,1997,2501,0.586,12.16,211.00,7.13
16.208,21315,235,20,2000,1995,2499,0.586,12.16,211.00,7.13
16.208,21316,235,20,2004,1997,2497,0.586,12.17,214.00,7.13
16.208,21427,235,18,2000,1997,2503,0.586,12.16,211.00,7.13
16.208,21428,235,18,1999,1996,2506,0.578,12.16,208.00,7.03
16.208,21429,235,18,2002,1999,2505,0.593,12.15,208.00,7.21
16.209,21430,235,18,2002,2000,2505,0.578,12.16,209.00,7.03
16.210,21431,235,18,2001,1998,2506,0.586,12.16,209.00,7.13
16.212,21432,235,18,2002,1998,2504,0.586,12.17,209.00,7.13
16.214,21433,235,18,2001,1996,2504,0.586,12.16,209.00,7.13
16.216,21434,235,18,2002,1996,2501,0.586,12.16,211.00,7.13
16.218,21435,235,18,2003,1995,2501,0.600,12.17,209.00,7.30
16.220,21436,235,18,2001,1995,2502,0.578,12.15,208.00,7.02
16.222,21437,235,18,2000,1994,2499,0.586,12.16,211.00,7.13
16.225,21438,235,18,2001,1995,2500,0.578,12.16,209.00,7.03
16.226,21439,235,18,2003,1997,2500,0.586,12.16,209.00,7.13
16.228,21440,235,18,2002,1996,2502,0.586,12.15,208.00,7.12
16.230,21441,235,18,2000,1997,2503,0.578,12.16,209.00,7.03
16.232,21442,235,18,2000,1998,2504,0.578,12.16,209.00,7.03
16.235,21443,235,18,2001,1997,2504,0.586,12.16,211.00,7.13
16.236,21444,235,18,2003,1999,2505,0.600,12.16,209.00,7.30
16.239,21445,235,18,2001,1998,2506,0.593,12.15,208.00,7.21
16.240,21446,235,18,2000,1998,2504,0.586,12.16,209.00,7.13
16.242,21447,235,18,2001,1998,2504,0.586,12.17,211.00,7.13
16.244,21448,235,18,2001,1997,2504,0.593,12.17,211.00,7.22
16.245,21449,235,18,2002,1997,2503,0.586,12.16,209.00,7.13
16.248,21450,235,18,2002,1997,2501,0.593,12.17,209.00,7.22
16.250,21451,235,18,2001,1994,2501,0.578,12.15,209.00,7.02
16.252,21452,235,18,2001,1996,2499,0.600,12.18,211.00,7.31
16.255,21453,235,18,2001,1995,2501,0.593,12.16,208.00,7.21
16.257,21454,235,18,2001,1994,2500,0.586,12.16,211.00,7.13
16.258,21455,235,18,2001,1996,2500,0.600,12.18,212.00,7.31
16.261,21456,235,18,2000,1995,2502,0.593,12.17,209.00,7.22
16.262,21457,235,18,2001,1998,2504,0.578,12.14,209.00,7.02
16.264,21458,235,18,2004,2000,2505,0.593,12.17,209.00,7.22
16.266,21459,235,18,2003,1998,2506,0.593,12.15,208.00,7.21
16.268,21460,235,18,2002,1999,2505,0.586,12.17,211.00,7.13
16.271,21461,235,18,1999,1998,2506,0.593,12.15,208.00,7.21
16.272,21462,235,18,2000,1998,2504,0.586,12.15,211.00,7.12
16.274,21463,235,18,2001,1997,2502,0.578,12.16,211.00,7.03
16.276,21464,235,18,2002,1997,2503,0.593,12.17,208.00,7.22
16.278,21465,235,18,2002,1996,2500,0.586,12.16,212.00,7.13
16.280,21466,235,18,2000,1995,2502,0.593,12.15,206.00,7.21
16.282,21467,235,18,2001,1996,2499,0.586,12.17,209.00,7.13
16.284,21468,235,18,2001,1995,2499,0.593,12.16,211.00,7.21
16.286,21469,235,18,2001,1995,2500,0.586,12.16,211.00,7.13
16.289,21470,235,18,2000,1994,2501,0.586,12.15,209.00,7.12
16.290,21471,235,18,2001,1996,2504,0.586,12.17,208.00,7.13
16.292,21472,235,18,2001,1997,2503,0.600,12.16,209.00,7.30
16.294,21473,235,18,2003,1998,2506,0.586,12.15,208.00,7.12
16.296,21474,235,18,2003,1999,2505,0.600,12.16,209.00,7.30
16.298,21475,235,18,2003,2001,2505,0.586,12.16,211.00,7.13
16.744,21476,235,18,2001,2000,2504,0.586,12.17,211.00,7.13
16.744,21477,235,18,2000,1998,2504,0.593,12.17,211.00,7.22
16.744,21478,235,18,2000,1996,2504,0.593,12.16,208.00,7.21
16.744,21479,235,18,2003,1998,2500,0.586,12.16,212.00,7.13
16.744,21480,235,18,2000,1995,2501,0.586,12.15,208.00,7.12
16.744,21481,235,18,2002,1997,2500,0.586,12.16,211.00,7.13
16.744,21482,235,18,2000,1994,2500,0.578,12.15,209.00,7.02
16.744,21483,235,18,2003,1995,2500,0.586,12.16,209.00,7.13
16.744,21484,235,17,2004,1996,2499,0.593,12.18,211.00,7.22
16.744,21485,235,17,2002,1996,2502,0.586,12.15,208.00,7.12
16.744,21486,361,17,2000,1996,2503,0.586,12.15,208.00,7.12
16.745,21487,361,17,2002,1998,2501,0.608,12.18,214.00,7.40
16.745,21488,361,17,2003,1998,2504,0.593,12.16,211.00,7.21
16.745,21489,361,17,2003,1998,2502,0.586,12.17,214.00,7.13
16.745,21490,361,17,2000,1997,2506,0.578,12.16,208.00,7.03
16.745,21491,361,17,2001,1999,2507,0.578,12.14,208.00,7.02
16.745,21492,361,17,2001,1999,2504,0.593,12.17,212.00,7.22
16.745,21493,361,17,2001,1998,2504,0.578,12.14,209.00,7.02
16.745,21494,361,17,2001,1996,2501,0.586,12.16,211.00,7.13
16.745,21495,361,17,2002,1998,2501,0.600,12.15,209.00,7.29
16.745,21496,361,17,2001,1996,2502,0.586,12.15,208.00,7.12
16.745,21497,361,17,2000,1995,2499,0.586,12.16,211.00,7.13
16.745,21498,361,17,2002,1995,2498,0.586,12.17,212.00,7.13
16.745,21499,361,17,2002,1994,2501,0.586,12.16,209.00,7.13
16.745,21500,361,17,2002,1995,2500,0.593,12.16,211.00,7.21
16.745,21501,361,17,2001,1995,2503,0.593,12.16,209.00,7.21
16.745,21502,361,17,2002,1996,2503,0.578,12.15,211.00,7.02
16.745,21503,361,17,2004,1998,2502,0.586,12.17,212.00,7.13
16.745,21504,361,17,2004,2000,2504,0.586,12.15,211.00,7.12
16.745,21505,361,17,2000,1999,2505,0.593,12.17,211.00,7.22
16.745,21506,361,17,2000,1998,2504,0.586,12.16,209.00,7.13
16.745,21507,361,17,2000,1997,2503,0.586,12.15,209.00,7.12
16.745,21508,361,17,2002,1998,2503,0.586,12.17,209.00,7.13
16.745,21509,361,17,2002,1997,2503,0.586,12.14,208.00,7.12
16.745,21510,361,17,2000,1996,2503,0.578,12.14,208.00,7.02
16.745,21511,361,17,1999,1994,2499,0.593,12.17,211.00,7.22
16.746,21512,361,17,2001,1994,2501,0.586,12.15,206.00,7.12
16.746,21513,361,17,2004,1994,2497,0.593,12.17,212.00,7.22
16.746,21514,361,17,2002,1995,2501,0.578,12.16,209.00,7.03
16.746,21515,361,17,2002,1995,2502,0.578,12.14,209.00,7.02
16.746,21516,361,17,2002,1996,2502,0.586,12.16,209.00,7.13
16.746,21517,361,17,2003,1996,2504,0.600,12.16,208.00,7.30
16.746,21518,361,17,2003,1998,2506,0.586,12.15,206.00,7.12
16.746,21519,361,17,2002,1999,2504,0.593,12.17,211.00,7.22
16.746,21520,361,17,1999,1997,2504,0.593,12.15,209.00,7.21
16.746,21521,361,17,2000,1999,2503,0.615,12.18,212.00,7.49
16.746,21522,361,17,1999,1997,2505,0.593,12.15,208.00,7.21
16.746,21523,361,17,2000,1996,2503,0.600,12.15,209.00,7.29
16.746,21524,361,17,2000,1996,2504,0.608,12.16,208.00,7.39
16.746,21525,361,17,2001,1997,2501,0.593,12.15,209.00,7.21
16.746,21526,361,17,1999,1994,2500,0.593,12.15,209.00,7.21
16.746,21527,361,17,2003,1995,2500,0.608,12.16,209.00,7.39
16.746,21528,361,17,2003,1995,2500,0.600,12.15,209.00,7.29
16.746,21529,361,17,2003,1995,2499,0.622,12.18,212.00,7.57
16.746,21530,361,17,2002,1995,2501,0.600,12.16,211.00,7.30
16.746,21531,361,17,2004,1997,2502,0.615,12.17,209.00,7.48
16.746,21532,361,17,2002,1995,2504,0.615,12.16,208.00,7.48
16.746,21533,361,17,2002,1997,2505,0.600,12.15,208.00,7.29
16.746,21534,361,17,2001,1997,2506,0.608,12.15,208.00,7.39
16.746,21535,361,17,2000,1999,2505,0.630,12.16,209.00,7.66
16.746,21536,361,17,1999,1998,2505,0.608,12.16,208.00,7.39
16.747,21537,361,17,2000,1998,2505,0.615,12.14,208.00,7.47
16.747,21538,361,17,2000,1997,2503,0.608,12.15,211.00,7.39
16.747,21539,361,17,2000,1997,2502,0.630,12.18,209.00,7.67
16.747,21540,361,17,2001,1998,2501,0.608,12.16,209.00,7.39
16.747,21541,361,17,2001,1996,2500,0.615,12.17,211.00,7.48
16.747,21542,361,17,2001,1995,2501,0.593,12.14,208.00,7.20
16.747,21543,361,17,2002,1994,2498,0.608,12.16,212.00,7.39
16.747,21544,361,16,2003,1995,2500,0.615,12.17,211.00,7.48
16.747,21545,361,16,2001,1994,2500,0.615,12.16,211.00,7.48
16.747,21546,361,16,2003,1997,2502,0.608,12.16,209.00,7.39
16.747,21547,361,16,2003,1997,2504,0.608,12.14,208.00,7.38
16.747,21548,361,16,2003,1997,2504,0.622,12.16,211.00,7.56
16.747,21549,361,16,2000,1997,2505,0.615,12.15,209.00,7.47
16.747,21550,361,16,2000,1999,2505,0.615,12.17,209.00,7.48
16.747,21551,361,16,2000,1999,2504,0.630,12.17,212.00,7.67
16.747,21552,361,16,2000,1997,2504,0.637,12.17,209.00,7.75
16.747,21553,361,16,2001,1998,2504,0.630,12.16,209.00,7.66
16.747,21554,361,16,2002,1997,2502,0.622,12.16,211.00,7.56
16.747,21555,361,16,2001,1996,2500,0.644,12.17,212.00,7.84
16.747,21556,361,16,2000,1995,2499,0.637,12.16,211.00,7.75
16.747,21557,361,16,2002,1994,2500,0.630,12.15,209.00,7.66
16.747,21558,361,16,2003,1996,2501,0.630,12.15,209.00,7.66
16.747,21559,361,16,2003,1994,2500,0.622,12.15,211.00,7.56
16.747,21560,361,16,2003,1995,2501,0.644,12.17,211.00,7.84
16.747,21561,361,16,2002,1995,2502,0.644,12.17,209.00,7.84
16.747,21562,361,16,2004,1997,2502,0.644,12.17,211.00,7.84
16.748,21563,361,16,2003,1998,2502,0.637,12.18,212.00,7.76
16.748,21564,361,16,2001,1998,2503,0.637,12.16,211.00,7.75
16.748,21565,361,16,1999,1998,2504,0.637,12.16,211.00,7.75
16.748,21566,361,16,1998,1997,2506,0.622,12.14,206.00,7.55
16.748,21567,361,16,1999,1998,2502,0.644,12.17,214.00,7.84
16.748,21568,361,16,2000,1997,2504,0.630,12.15,209.00,7.66
16.748,21569,361,16,2001,1998,2501,0.630,12.15,209.00,7.66
16.748,21570,361,16,2000,1997,2501,0.637,12.18,209.00,7.76
16.748,21571,361,16,2001,1996,2500,0.637,12.16,209.00,7.75
16.748,21572,361,16,2002,1994,2500,0.644,12.17,209.00,7.84
16.748,21573,361,16,2002,1994,2500,0.630,12.15,209.00,7.66
16.748,21574,361,16,2002,1994,2501,0.630,12.14,209.00,7.65
16.748,21575,361,16,2002,1995,2501,0.637,12.16,211.00,7.75
16.748,21576,361,16,2002,1995,2502,0.630,12.16,211.00,7.66
16.748,21577,361,16,2004,1997,2503,0.644,12.16,209.00,7.83
16.748,21578,361,16,2005,1998,2503,0.637,12.16,211.00,7.75
16.748,21579,361,16,2002,1998,2503,0.644,12.17,212.00,7.84
16.748,21580,361,16,2001,1999,2504,0.637,12.16,209.00,7.75
16.748,21581,361,16,2000,1999,2503,0.644,12.18,212.00,7.84
16.748,21582,361,16,2000,1997,2503,0.652,12.16,211.00,7.93
16.748,21583,361,16,2000,1998,2501,0.652,12.16,211.00,7.93
16.748,21584,361,16,2000,1995,2502,0.652,12.16,209.00,7.93
16.748,21585,361,16,2001,1997,2501,0.659,12.15,211.00,8.01
16.748,21586,361,16,2000,1995,2498,0.659,12.16,214.00,8.01
16.749,21587,361,16,2003,1995,2498,0.652,12.18,212.00,7.94
16.749,21588,361,16,2004,1996,2499,0.659,12.16,211.00,8.01
16.749,21589,361,16,2003,1995,2499,0.652,12.18,211.00,7.94
16.749,21590,361,16,2002,1994,2501,0.644,12.14,209.00,7.82
16.749,21591,361,16,2001,1995,2502,0.666,12.18,209.00,8.11
16.749,21592,361,16,2003,1996,2502,0.652,12.16,212.00,7.93
16.749,21593,361,16,2003,1997,2504,0.659,12.16,209.00,8.01
16.749,21594,361,16,2002,1998,2504,0.652,12.16,211.00,7.93
16.749,21595,361,16,2001,1998,2504,0.659,12.17,212.00,8.02
16.749,21596,361,16,2001,1999,2505,0.659,12.16,208.00,8.01
16.749,21597,361,16,2002,1998,2502,0.666,12.18,212.00,8.11
16.749,21598,361,16,2003,1998,2503,0.666,12.16,211.00,8.10
16.749,21599,361,16,2002,1997,2501,0.666,12.15,209.00,8.09
16.749,21600,361,16,2003,1997,2501,0.666,12.17,211.00,8.10
16.749,21601,361,16,1999,1993,2502,0.666,12.16,208.00,8.10
16.749,21602,361,16,2002,1995,2498,0.688,12.18,212.00,8.38
16.749,21603,361,16,2001,1993,2499,0.666,12.15,211.00,8.09
16.749,21604,361,15,2001,1993,2500,0.673,12.16,209.00,8.18
16.749,21605,361,15,2003,1997,2500,0.673,12.16,211.00,8.18
16.749,21606,361,15,2002,1997,2501,0.673,12.16,211.00,8.18
16.749,21607,361,15,2002,1998,2502,0.688,12.16,212.00,8.37
16.749,21608,361,15,2004,1998,2504,0.688,12.15,211.00,8.36
16.749,21609,361,15,2003,1998,2504,0.695,12.16,211.00,8.45
16.749,21610,361,15,2003,1999,2503,0.695,12.17,212.00,8.46
16.749,21611,361,15,2001,1997,2504,0.695,12.17,211.00,8.46
16.750,21612,361,15,2001,1998,2503,0.703,12.18,211.00,8.56
16.750,21613,361,15,2001,1997,2503,0.695,12.14,209.00,8.44
16.750,21614,361,15,2001,1996,2501,0.688,12.15,211.00,8.36
16.750,21615,361,15,2002,1994,2501,0.695,12.16,211.00,8.45
16.750,21616,361,15,2002,1995,2499,0.710,12.18,211.00,8.65
16.750,21617,361,15,2001,1994,2501,0.710,12.16,209.00,8.63
16.750,21618,361,15,2001,1994,2499,0.703,12.15,211.00,8.54
16.750,21619,361,15,2002,1994,2500,0.717,12.16,209.00,8.72
16.750,21620,361,15,2001,1994,2501,0.710,12.14,208.00,8.62
16.750,21621,361,15,2000,1995,2501,0.732,12.17,211.00,8.91
16.750,21622,361,15,2000,1996,2500,0.725,12.16,214.00,8.82
16.750,21623,361,15,2000,1997,2504,0.739,12.16,209.00,8.99
16.750,21624,361,15,2001,1999,2504,0.725,12.17,211.00,8.82
16.750,21625,361,15,2001,1997,2504,0.725,12.16,211.00,8.82
16.750,21626,361,15,2002,1998,2503,0.717,12.16,212.00,8.72
16.750,21627,361,15,2001,1998,2503,0.717,12.14,209.00,8.71
16.750,21628,361,15,2002,1997,2503,0.732,12.15,209.00,8.90
16.750,21629,361,15,2002,1997,2500,0.747,12.16,212.00,9.08
16.750,21630,361,15,2002,1994,2501,0.739,12.16,209.00,8.99
16.750,21631,361,15,2002,1994,2501,0.754,12.16,208.00,9.17
16.751,21632,361,15,2004,1995,2497,0.754,12.18,212.00,9.18
16.751,21633,361,15,2003,1993,2499,0.747,12.16,212.00,9.08
16.751,21634,361,15,2003,1994,2500,0.747,12.17,211.00,9.09
16.751,21635,361,15,2002,1993,2502,0.747,12.16,209.00,9.08
16.751,21636,361,15,2003,1995,2502,0.754,12.16,209.00,9.17
16.751,21637,361,15,2004,1997,2503,0.754,12.15,209.00,9.16
16.751,21638,361,15,2001,1997,2502,0.761,12.17,211.00,9.26
16.751,21639,361,15,2000,1998,2502,0.769,12.17,211.00,9.36
16.751,21640,361,15,1999,1996,2504,0.754,12.15,209.00,9.16
16.751,21641,361,15,2001,1998,2504,0.769,12.15,209.00,9.34
16.751,21642,361,15,2002,1998,2502,0.776,12.17,211.00,9.44
16.751,21643,361,15,2002,1997,2502,0.769,12.15,211.00,9.34
16.751,21644,361,15,2001,1996,2502,0.769,12.14,208.00,9.34
16.751,21645,361,15,2002,1995,2499,0.769,12.16,212.00,9.35
16.751,21646,361,15,2002,1995,2498,0.776,12.17,212.00,9.44
16.751,21647,361,15,2003,1995,2500,0.769,12.15,209.00,9.34
16.751,21648,361,15,2003,1994,2498,0.776,12.16,212.00,9.44
16.751,21649,361,15,2001,1996,2499,0.791,12.16,212.00,9.62
16.751,21650,361,15,2001,1995,2501,0.783,12.17,209.00,9.53
16.751,21651,361,15,2000,1996,2501,0.813,12.17,211.00,9.89
16.751,21652,361,15,2000,1996,2504,0.791,12.14,206.00,9.61
16.751,21653,361,15,2000,1997,2502,0.798,12.17,212.00,9.71
16.751,21654,361,15,2000,1997,2503,0.791,12.15,212.00,9.61
16.751,21655,361,15,2001,1998,2503,0.791,12.15,211.00,9.61
16.752,21656,361,15,2001,1997,2503,0.791,12.14,209.00,9.61
16.752,21657,361,15,2002,1996,2501,0.805,12.14,211.00,9.78
16.752,21658,361,15,2000,1995,2500,0.805,12.16,211.00,9.79
16.752,21659,361,15,2002,1995,2499,0.813,12.16,211.00,9.89
16.752,21660,361,15,2003,1995,2498,0.820,12.16,211.00,9.97
16.752,21661,361,15,2004,1995,2499,0.820,12.16,211.00,9.97
16.752,21662,361,15,2004,1995,2498,0.827,12.18,214.00,10.07
16.752,21663,361,15,2001,1992,2500,0.820,12.15,209.00,9.96
16.752,21664,361,14,2003,1996,2500,0.820,12.15,211.00,9.96
16.752,21665,361,14,2002,1994,2499,0.827,12.15,212.00,10.05
16.752,21666,361,14,2002,1997,2502,0.820,12.16,211.00,9.97
16.752,21667,361,14,2004,1998,2503,0.827,12.15,211.00,10.05
16.752,21668,361,14,2000,1996,2504,0.842,12.16,209.00,10.24
16.752,21669,361,14,2001,1998,2502,0.849,12.17,212.00,10.33
16.752,21670,361,14,2000,1996,2502,0.835,12.15,211.00,10.15
16.752,21671,361,14,2001,1996,2502,0.827,12.15,211.00,10.05
16.752,21672,361,14,2001,1996,2500,0.835,12.16,212.00,10.15
16.753,21673,361,14,2002,1996,2501,0.835,12.16,209.00,10.15
16.753,21674,361,14,2003,1994,2500,0.842,12.15,211.00,10.23
16.753,21675,361,14,2004,1995,2499,0.842,12.15,209.00,10.23
16.753,21676,361,14,2003,1994,2501,0.842,12.16,211.00,10.24
16.753,21677,361,14,2003,1994,2499,0.871,12.17,211.00,10.60
16.753,21678,361,14,2002,1995,2501,0.857,12.15,209.00,10.41
16.753,21679,361,14,2004,1996,2500,0.857,12.14,211.00,10.41
16.753,21700,361,14,2002,1997,2500,0.893,12.16,209.00,10.86
16.753,21701,361,14,2003,1997,2500,0.901,12.16,211.00,10.96
16.753,21702,361,14,2005,1998,2500,0.901,12.15,209.00,10.95
16.754,21703,361,14,2005,1996,2499,0.901,12.16,211.00,10.96
16.756,21704,361,14,2005,1996,2500,0.901,12.15,209.00,10.95
16.757,21705,361,14,2003,1994,2499,0.893,12.15,211.00,10.85
16.760,21706,361,14,2002,1994,2501,0.908,12.15,209.00,11.03
16.762,21707,361,14,2003,1997,2499,0.923,12.17,212.00,11.23
16.763,21708,361,14,2000,1996,2500,0.908,12.15,212.00,11.03
16.767,21709,361,14,2001,1998,2502,0.908,12.15,209.00,11.03
16.769,21710,361,14,2001,2000,2502,0.908,12.15,209.00,11.03
16.770,21711,361,14,2001,1999,2501,0.915,12.16,211.00,11.13
16.772,21712,361,14,2001,1998,2501,0.923,12.16,209.00,11.22
16.774,21713,361,14,2003,1998,2500,0.923,12.16,212.00,11.22
16.776,21714,361,14,2004,1995,2501,0.923,12.15,209.00,11.22
16.779,21715,361,14,2004,1995,2500,0.923,12.15,209.00,11.22
16.780,21716,361,14,2006,1996,2499,0.930,12.16,212.00,11.31
16.783,21717,361,14,2006,1996,2498,0.937,12.16,212.00,11.39
16.784,21718,361,14,2006,1996,2499,0.945,12.16,211.00,11.49
16.786,21719,361,14,2003,1994,2500,0.937,12.15,211.00,11.39
16.788,21720,361,14,2004,1996,2499,0.945,12.15,211.00,11.48
16.789,21721,361,14,2002,1995,2501,0.937,12.14,209.00,11.37
16.792,21722,361,14,2003,1998,2499,0.952,12.16,212.00,11.58
16.794,21723,361,14,2001,1998,2502,0.937,12.15,209.00,11.39
16.795,21724,361,13,1999,1997,2501,0.952,12.15,211.00,11.57
16.798,21725,361,13,2001,1998,2501,0.952,12.15,209.00,11.57
16.801,21726,361,13,2002,1997,2499,0.945,12.15,211.00,11.48
16.802,21727,361,13,2002,1996,2500,0.952,12.15,211.00,11.57
16.804,21728,361,13,2004,1997,2500,0.952,12.15,209.00,11.57
16.805,21729,361,13,2004,1995,2498,0.952,12.17,212.00,11.58
16.808,21730,361,13,2005,1995,2498,0.945,12.16,214.00,11.49
16.810,21731,361,13,2005,1996,2498,0.959,12.16,212.00,11.66
16.811,21732,361,13,2004,1994,2500,0.937,12.14,211.00,11.38
16.814,21733,361,13,2004,1996,2500,0.937,12.14,209.00,11.38
16.817,21734,361,13,2002,1997,2500,0.945,12.16,212.00,11.49
16.818,21735,361,13,2001,1995,2501,0.937,12.15,209.00,11.39
16.821,21736,361,13,2002,1997,2501,0.959,12.15,209.00,11.65
16.821,21737,361,13,2001,1998,2501,0.952,12.14,209.00,11.56
16.824,21738,361,13,2000,1998,2499,0.967,12.17,211.00,11.77
16.827,21739,361,13,2003,1998,2499,0.952,12.14,212.00,11.56
16.828,21740,361,13,2002,1996,2501,0.945,12.14,209.00,11.48
16.830,21741,361,13,2005,1996,2498,0.952,12.15,214.00,11.57
16.833,21742,361,13,2005,1995,2499,0.952,12.15,211.00,11.57
16.834,21743,361,13,2006,1996,2501,0.952,12.14,209.00,11.56
16.837,21744,361,13,2007,1996,2500,0.952,12.15,209.00,11.57
16.838,21745,361,13,2007,1995,2499,0.967,12.16,211.00,11.76
16.841,21746,361,13,2004,1994,2500,0.959,12.15,211.00,11.65
16.842,21747,361,13,2003,1995,2501,0.974,12.15,209.00,11.84
16.843,21748,361,13,2002,1996,2501,0.959,12.14,208.00,11.65
17.374,21749,361,13,2001,1996,2501,0.959,12.14,209.00,11.65
17.374,21750,361,13,2002,1998,2499,0.981,12.16,212.00,11.93
17.374,21751,361,13,2001,1998,2501,0.959,12.15,208.00,11.65
17.374,21752,361,13,2001,1997,2499,0.967,12.15,211.00,11.75
17.374,21753,361,13,2001,1995,2500,0.967,12.15,208.00,11.75
17.374,21754,361,13,2004,1997,2499,0.981,12.15,209.00,11.92
17.374,21755,361,13,2006,1998,2497,0.989,12.16,214.00,12.03
17.374,21756,361,13,2005,1995,2499,0.981,12.15,211.00,11.92
17.374,21757,361,13,2007,1995,2500,0.989,12.15,211.00,12.02
17.375,21758,361,13,2006,1994,2501,0.989,12.15,208.00,12.02
17.375,21759,361,13,2005,1996,2501,0.981,12.15,209.00,11.92
17.375,21760,361,13,2003,1995,2500,0.981,12.15,211.00,11.92
17.375,21761,361,13,2002,1996,2501,0.989,12.15,208.00,12.02
17.375,21762,361,13,2000,1997,2501,0.981,12.14,208.00,11.91
17.375,21763,361,13,2001,1999,2500,0.989,12.14,211.00,12.01
17.375,21764,361,13,1999,1997,2499,0.996,12.14,208.00,12.10
17.375,21765,361,13,2001,1999,2499,1.003,12.15,209.00,12.19
17.375,21766,361,13,2002,1998,2499,0.996,12.16,211.00,12.11
17.376,21767,361,13,2004,1997,2500,0.989,12.14,209.00,12.01
17.376,21768,361,13,2006,1996,2498,0.996,12.15,212.00,12.10
17.376,21769,361,13,2007,1996,2500,0.989,12.15,209.00,12.02
17.376,21770,361,13,2007,1996,2499,1.003,12.15,211.00,12.19
17.376,21771,361,13,2006,1996,2501,0.989,12.14,208.00,12.01
17.376,21772,361,13,2007,1998,2500,0.996,12.15,211.00,12.10
17.376,21773,361,13,2004,1997,2500,1.003,12.15,209.00,12.19
17.376,21774,361,13,2001,1999,2500,0.996,12.14,209.00,12.10
17.376,21775,361,13,2000,1999,2498,0.981,12.14,212.00,11.91
17.376,21776,361,13,1998,1999,2500,1.003,12.15,209.00,12.19
17.376,21777,361,13,1998,1998,2499,1.003,12.14,208.00,12.18
17.377,21778,361,13,2000,1997,2498,1.010,12.15,211.00,12.27
17.377,21779,361,13,2002,1998,2499,1.018,12.14,209.00,12.36
17.377,21780,361,13,2003,1995,2498,1.018,12.14,209.00,12.36
17.377,21781,361,13,2006,1997,2500,1.025,12.15,209.00,12.46
17.377,21782,361,13,2008,1997,2501,1.025,12.14,209.00,12.45
17.377,21783,361,13,2009,1995,2502,1.025,12.15,208.00,12.46
17.377,21784,361,12,2008,1996,2501,1.025,12.15,211.00,12.46
17.377,21785,361,12,2007,1996,2501,1.025,12.14,209.00,12.45
17.377,21786,361,12,2004,1995,2500,1.018,12.14,211.00,12.36
17.377,21787,361,12,2002,1997,2500,1.032,12.16,211.00,12.55
17.378,21788,361,12,2001,1999,2499,1.025,12.15,211.00,12.46
17.378,21789,361,12,1999,1999,2499,1.025,12.15,211.00,12.46
17.378,21790,361,12,1999,1998,2499,1.040,12.16,209.00,12.65
17.378,21791,361,12,2001,1998,2497,1.025,12.15,211.00,12.46
17.378,21792,361,12,2000,1995,2499,1.010,12.14,209.00,12.27
17.378,21793,361,12,2004,1997,2498,1.032,12.17,211.00,12.56
17.378,21794,361,12,2006,1996,2499,1.010,12.15,212.00,12.27
17.378,21795,361,12,2007,1995,2501,1.018,12.15,211.00,12.37
17.378,21796,361,12,2008,1996,2501,1.003,12.15,209.00,12.19
17.378,21797,361,12,2006,1996,2503,1.010,12.14,206.00,12.27
17.378,21798,361,12,2006,1996,2500,1.010,12.14,211.00,12.27
17.378,21799,361,12,2004,1998,2501,1.010,12.15,209.00,12.27
17.378,21800,361,12,2002,2000,2500,1.010,12.14,209.00,12.27
17.379,21801,361,12,1997,1997,2500,1.010,12.15,209.00,12.27
17.379,21802,361,12,1996,1998,2499,1.010,12.14,209.00,12.27
17.379,21803,361,12,1999,1999,2498,1.018,12.15,209.00,12.37
17.379,21804,361,12,1999,1997,2498,1.018,12.14,211.00,12.36
17.379,21805,361,12,2001,1998,2499,1.018,12.14,209.00,12.36
17.379,21806,361,12,2003,1995,2500,1.018,12.14,209.00,12.36
17.379,21807,361,12,2007,1997,2500,1.003,12.14,211.00,12.17
17.379,21808,361,12,2007,1995,2502,1.025,12.15,209.00,12.46
17.379,21809,361,12,2008,1997,2502,1.010,12.14,209.00,12.27
17.379,21810,361,12,2006,1995,2502,1.010,12.14,209.00,12.27
17.379,21811,361,12,2006,1997,2501,1.010,12.15,209.00,12.27
17.379,21812,361,12,2004,1999,2500,1.010,12.14,211.00,12.27
17.379,21813,361,12,2000,2000,2500,1.018,12.16,209.00,12.38
17.379,21814,361,12,1999,2000,2498,1.018,12.15,209.00,12.37
17.379,21815,361,12,1997,1998,2498,1.003,12.14,209.00,12.17
17.379,21816,361,12,1998,1997,2497,1.010,12.14,211.00,12.27
17.380,21817,361,12,1999,1997,2499,1.010,12.14,208.00,12.27
17.380,21818,361,12,2001,1996,2498,1.010,12.14,211.00,12.27
17.380,21819,361,12,2003,1994,2501,1.010,12.14,208.00,12.27
17.380,21820,361,12,2007,1996,2500,1.010,12.15,212.00,12.27
17.380,21821,361,12,2006,1995,2503,1.010,12.14,209.00,12.27
17.380,21822,361,12,2007,1996,2501,1.018,12.15,211.00,12.37
17.380,21823,361,12,2007,1998,2503,1.003,12.14,208.00,12.18
17.380,21824,361,12,2005,1999,2500,1.018,12.16,212.00,12.38
17.380,21825,361,12,2001,1998,2499,1.018,12.14,212.00,12.36
17.380,21826,361,12,1999,1999,2499,1.025,12.14,208.00,12.45
17.380,21827,361,12,1998,1999,2498,1.032,12.15,211.00,12.54
17.380,21828,361,12,1999,1998,2498,1.040,12.14,209.00,12.63
17.380,21829,361,12,1999,1998,2498,1.032,12.15,211.00,12.54
17.380,21830,361,12,2000,1996,2498,1.047,12.16,211.00,12.73
17.380,21831,361,12,2002,1996,2499,1.032,12.14,211.00,12.53
17.380,21832,361,12,2005,1994,2501,1.032,12.14,209.00,12.53
17.380,21833,361,12,2006,1996,2502,1.040,12.16,209.00,12.65
17.380,21834,361,12,2006,1996,2503,1.040,12.14,208.00,12.63
17.380,21835,361,12,2006,1997,2501,1.047,12.15,211.00,12.72
17.380,21836,361,12,2005,1997,2502,1.032,12.15,209.00,12.54
17.380,21837,361,12,2002,1997,2501,1.032,12.14,208.00,12.53
17.380,21838,361,12,1999,1998,2498,1.054,12.15,211.00,12.81
17.381,21839,361,12,1999,1999,2499,1.040,12.15,209.00,12.64
17.381,21840,361,12,1998,1995,2499,1.040,12.15,208.00,12.64
17.381,21841,361,12,1998,1996,2499,1.047,12.15,209.00,12.72
17.381,21842,361,12,1999,1996,2500,1.032,12.14,208.00,12.53
17.381,21843,361,12,2001,1995,2499,1.047,12.15,209.00,12.72
17.381,21844,361,11,2005,1995,2500,1.054,12.17,212.00,12.83
17.381,21845,361,11,2005,1994,2501,1.040,12.14,211.00,12.63
17.381,21846,361,11,2004,1994,2503,1.040,12.15,208.00,12.64
17.381,21847,361,11,2007,1997,2503,1.040,12.15,208.00,12.64
17.381,21848,361,11,2005,1998,2503,1.040,12.14,208.00,12.62
17.381,21849,361,11,2002,1995,2502,1.040,12.14,208.00,12.63
17.381,21850,361,11,2000,1997,2500,1.040,12.14,208.00,12.63
17.381,21851,361,11,2000,1997,2499,1.040,12.14,208.00,12.63
17.381,21852,361,11,1998,1995,2499,1.032,12.14,208.00,12.52
17.381,21853,361,11,1999,1995,2498,1.040,12.16,209.00,12.65
17.381,21854,361,11,2000,1995,2499,1.047,12.14,209.00,12.71
17.381,21855,361,11,2002,1994,2499,1.047,12.15,214.00,12.72
17.381,21856,361,11,2003,1993,2503,1.032,12.14,208.00,12.53
17.381,21857,361,11,2005,1996,2503,1.025,12.14,208.00,12.45
17.381,21858,361,11,2006,1995,2504,1.032,12.14,208.00,12.53
17.381,21859,361,11,2004,1995,2503,1.040,12.15,208.00,12.64
17.381,21860,361,11,2006,1998,2501,1.047,12.15,211.00,12.72
17.381,21861,361,11,2003,1996,2501,1.032,12.14,208.00,12.53
17.381,21862,361,11,2001,1997,2498,1.047,12.15,209.00,12.72
17.382,21863,361,11,2002,1999,2498,1.040,12.15,211.00,12.64
17.382,21864,361,11,2000,1995,2498,1.032,12.16,209.00,12.55
17.382,21865,361,11,2000,1996,2500,1.047,12.15,208.00,12.72
17.382,21866,361,11,2002,1996,2500,1.032,12.14,209.00,12.53
17.382,21867,361,11,2002,1994,2501,1.040,12.15,208.00,12.64
17.382,21868,361,11,2005,1995,2502,1.025,12.15,209.00,12.46
17.382,21869,361,11,2005,1995,2503,1.047,12.15,209.00,12.72
17.382,21870,361,11,2006,1998,2502,1.025,12.15,211.00,12.46
17.382,21871,361,11,2004,1997,2501,1.025,12.16,211.00,12.47
17.382,21872,361,11,2004,1997,2501,1.032,12.14,208.00,12.53
17.382,21873,361,11,2001,1997,2499,1.018,12.14,209.00,12.36
17.382,21874,361,11,2001,1997,2500,1.025,12.14,209.00,12.45
17.382,21875,361,11,2001,1998,2499,1.025,12.14,208.00,12.45
17.382,21876,361,11,2000,1996,2499,1.025,12.14,209.00,12.45
17.382,21877,361,11,2000,1995,2499,1.032,12.15,211.00,12.54
17.382,21878,361,11,2000,1994,2501,1.025,12.14,209.00,12.45
17.382,21879,361,11,2002,1994,2502,1.040,12.14,209.00,12.63
17.382,21880,361,11,2003,1994,2503,1.032,12.14,211.00,12.53
17.382,21881,361,11,2003,1996,2501,1.040,12.15,211.00,12.64
17.382,21882,361,11,2004,1996,2503,1.032,12.14,208.00,12.53
17.382,21883,361,11,2003,1997,2502,1.025,12.15,211.00,12.46
17.382,21884,361,11,2002,1998,2501,1.025,12.14,208.00,12.44
17.382,21885,361,11,2001,1997,2499,1.025,12.14,208.00,12.45
17.382,21886,361,11,2001,1997,2500,1.025,12.14,208.00,12.45
17.382,21887,361,11,2003,1998,2498,1.010,12.14,211.00,12.27
17.382,21888,361,11,2002,1995,2499,1.032,12.15,209.00,12.54
17.382,21889,361,11,2004,1994,2502,1.025,12.14,209.00,12.45
17.382,21890,361,11,2005,1995,2502,1.025,12.14,209.00,12.45
17.383,21891,361,11,2004,1995,2503,1.018,12.15,209.00,12.37
17.383,21892,361,11,2005,1997,2502,1.018,12.14,211.00,12.36
17.383,21893,361,11,2003,1996,2503,1.018,12.15,209.00,12.37
17.383,21894,361,11,2004,1997,2501,1.025,12.14,209.00,12.45
17.383,21895,361,11,2001,1997,2499,1.025,12.14,211.00,12.45
17.383,21896,361,11,2000,1998,2500,1.040,12.16,208.00,12.65
17.383,21897,361,11,2000,1998,2498,1.018,12.14,212.00,12.36
17.383,21898,361,11,2000,1997,2499,1.018,12.15,208.00,12.37
17.383,21899,361,11,2001,1997,2500,1.032,12.14,208.00,12.53
17.383,21900,361,11,2002,1996,2499,1.025,12.15,211.00,12.46
17.383,21901,361,11,2004,1996,2502,1.025,12.14,209.00,12.44
17.383,21902,361,11,2003,1993,2503,1.010,12.14,209.00,12.27
17.383,21903,361,11,2005,1995,2502,1.025,12.14,211.00,12.45
17.383,21904,361,10,2005,1996,2504,1.025,12.14,209.00,12.45
17.383,21905,361,10,2003,1996,2502,1.018,12.15,209.00,12.37
17.383,21906,361,10,2002,1997,2501,1.025,12.15,209.00,12.46
17.383,21907,361,10,2000,1997,2500,1.025,12.15,208.00,12.46
17.383,21908,361,10,2000,1997,2498,1.025,12.15,212.00,12.46
17.383,21909,361,10,2000,1997,2499,1.025,12.15,209.00,12.46
17.383,21910,361,10,2002,1997,2499,1.032,12.14,208.00,12.53
17.383,21911,361,10,2003,1997,2499,1.025,12.15,209.00,12.46
17.383,21912,361,10,2004,1996,2501,1.025,12.14,209.00,12.45
17.383,21913,361,10,2004,1994,2502,1.018,12.14,211.00,12.36
17.384,21914,361,10,2005,1994,2504,1.018,12.15,208.00,12.37
17.384,21915,361,10,2004,1995,2505,1.025,12.15,208.00,12.46
17.384,21916,361,10,2007,1998,2501,1.040,12.17,212.00,12.66
17.384,21917,361,10,2003,1996,2502,1.018,12.14,209.00,12.36
17.384,21918,361,10,2002,1998,2500,1.025,12.14,211.00,12.45
17.384,21919,361,10,2001,1998,2499,1.010,12.15,208.00,12.27
17.384,21920,361,10,2001,1999,2499,1.018,12.14,208.00,12.36
17.384,21921,361,10,2002,1997,2498,1.025,12.15,211.00,12.46
17.384,21922,361,10,2002,1997,2500,1.018,12.14,208.00,12.36
17.384,21923,361,10,2003,1994,2500,1.010,12.14,211.00,12.26
17.384,21924,361,10,2006,1995,2502,1.025,12.16,209.00,12.47
17.384,21925,361,10,2004,1993,2506,1.018,12.14,208.00,12.36
17.384,21926,361,10,2006,1995,2505,1.010,12.15,209.00,12.27
17.384,21927,361,10,2006,1997,2503,1.018,12.16,211.00,12.38
17.384,21928,361,10,2003,1997,2502,1.025,12.14,211.00,12.45
17.384,21929,361,10,2002,1996,2501,1.018,12.14,211.00,12.36
17.384,21930,361,10,2000,1998,2500,1.025,12.15,209.00,12.46
17.384,21931,361,10,2001,1998,2499,1.025,12.14,208.00,12.45
17.384,21932,361,10,2001,1999,2497,1.025,12.15,211.00,12.46
17.384,21933,361,10,2001,1997,2498,1.025,12.15,211.00,12.46
17.384,21934,361,10,2001,1994,2502,1.018,12.14,208.00,12.36
17.384,21935,361,10,2003,1993,2502,1.010,12.14,211.00,12.27
17.384,21936,361,10,2004,1993,2505,1.018,12.14,208.00,12.36
17.384,21937,361,10,2005,1994,2505,1.018,12.14,209.00,12.36
17.384,21938,361,10,2004,1996,2504,1.025,12.15,211.00,12.46
17.384,21939,361,10,2003,1995,2504,1.010,12.14,209.00,12.26
17.384,21940,361,10,2003,1997,2502,1.018,12.15,209.00,12.37
17.385,21941,361,10,2001,1997,2501,1.018,12.14,209.00,12.36
17.385,21942,361,10,2001,1998,2499,1.025,12.16,209.00,12.47
17.385,21943,361,10,2001,2000,2498,1.025,12.15,211.00,12.46
17.385,21944,361,10,2001,1996,2498,1.032,12.16,209.00,12.55
17.385,21945,361,10,2001,1996,2499,1.040,12.17,211.00,12.66
17.385,21946,361,10,2003,1994,2502,1.032,12.15,211.00,12.54
17.385,21947,361,10,2006,1994,2502,1.040,12.16,212.00,12.65
17.385,21948,361,10,2005,1995,2503,1.032,12.15,212.00,12.54
17.385,21949,361,10,2006,1995,2504,1.032,12.15,212.00,12.54
17.385,21950,361,10,2005,1997,2503,1.032,12.16,211.00,12.55
17.385,21951,361,10,2003,1997,2501,1.025,12.15,212.00,12.46
17.385,21952,361,10,2002,1998,2500,1.032,12.15,211.00,12.54
17.385,22015,361,9,2007,1995,2504,1.025,12.16,211.00,12.47
17.385,22016,361,9,2006,1996,2505,1.025,12.15,211.00,12.46
17.385,22017,361,9,2004,1998,2504,1.025,12.15,208.00,12.46
17.385,22018,361,9,2003,1996,2501,1.018,12.14,209.00,12.36
17.387,22019,361,9,2003,1999,2500,1.018,12.15,209.00,12.37
17.388,22020,361,9,2005,2001,2497,1.018,12.15,212.00,12.37
17.390,22021,361,9,2003,1997,2498,1.018,12.14,209.00,12.36
17.392,22022,361,9,2006,1996,2500,1.047,12.14,209.00,12.71
17.393,22023,361,9,2005,1995,2502,1.025,12.14,209.00,12.45
17.396,22024,361,8,2007,1996,2504,1.025,12.15,209.00,12.46
17.397,22025,361,8,2007,1994,2505,1.025,12.14,212.00,12.45
17.400,22026,361,8,2006,1996,2505,1.025,12.15,211.00,12.46
17.402,22027,361,8,2006,1996,2505,1.018,12.14,209.00,12.36
17.404,22028,361,8,2005,1997,2504,1.018,12.14,209.00,12.36
17.406,22029,361,8,2003,1997,2499,1.025,12.14,212.00,12.45
17.409,22030,361,8,2002,1998,2499,1.032,12.15,211.00,12.54
17.410,22031,361,8,2004,1998,2497,1.047,12.17,212.00,12.74
17.412,22032,361,8,2004,1997,2498,1.018,12.14,212.00,12.35
17.414,22033,361,8,2005,1997,2500,1.032,12.15,211.00,12.54
17.416,22034,361,8,2006,1995,2501,1.025,12.14,212.00,12.45
17.419,22035,361,8,2007,1996,2503,1.025,12.15,212.00,12.46
17.420,22036,361,8,2007,1996,2507,1.010,12.15,208.00,12.27
17.422,22037,361,8,2005,1994,2505,1.018,12.14,211.00,12.36
17.424,22038,361,8,2004,1995,2505,1.010,12.15,209.00,12.27
17.426,22039,361,8,2004,1998,2503,1.032,12.16,209.00,12.55
17.428,22040,361,8,2003,1999,2499,1.018,12.15,212.00,12.37
17.430,22041,361,8,2003,1998,2499,1.018,12.15,209.00,12.37
17.432,22042,361,8,2004,1999,2498,1.010,12.14,211.00,12.27
17.435,22043,361,8,2005,1998,2497,1.025,12.16,212.00,12.47
17.435,22044,361,8,2004,1995,2500,1.010,12.14,211.00,12.27
17.438,22045,361,8,2006,1996,2501,1.010,12.15,211.00,12.27
17.441,22046,361,8,2007,1995,2504,1.010,12.14,211.00,12.27
17.442,22047,361,8,2007,1996,2505,1.010,12.16,211.00,12.28
17.444,22048,361,8,2005,1995,2505,1.003,12.14,211.00,12.18
17.445,22049,361,8,2004,1996,2505,1.010,12.15,211.00,12.27
17.448,22050,361,8,2002,1997,2501,1.003,12.14,211.00,12.18
17.450,22051,361,8,2002,1998,2500,1.010,12.15,211.00,12.27
17.451,22052,361,8,2003,1999,2499,1.010,12.14,209.00,12.27
17.454,22053,361,8,2002,1997,2496,1.003,12.14,212.00,12.18
17.457,22054,361,8,2003,1997,2496,1.010,12.15,212.00,12.27
17.458,22055,361,8,2004,1995,2501,1.010,12.15,209.00,12.27
17.460,22056,361,8,2006,1994,2502,1.018,12.16,211.00,12.38
17.462,22057,361,8,2008,1996,2505,1.003,12.15,211.00,12.19
17.464,22058,361,8,2006,1994,2506,1.003,12.14,211.00,12.18
17.466,22059,361,8,2006,1996,2505,1.018,12.16,211.00,12.38
17.468,22060,361,8,2004,1998,2503,1.025,12.16,212.00,12.47
17.471,22061,361,8,2004,1997,2502,1.010,12.15,211.00,12.27
17.472,22062,361,8,2003,1999,2499,1.010,12.15,211.00,12.27
18.059,22063,361,8,2003,2000,2498,1.003,12.14,209.00,12.18
18.059,22064,361,8,2003,1998,2497,1.003,12.15,211.00,12.19
18.059,22065,361,8,2007,1998,2498,1.003,12.14,211.00,12.18
18.059,22066,361,8,2007,1997,2501,1.010,12.15,211.00,12.27
18.059,22067,361,8,2007,1996,2503,1.010,12.14,209.00,12.27
18.060,22068,361,8,2006,1994,2506,1.010,12.15,209.00,12.27
18.060,22069,361,8,2007,1996,2504,1.025,12.16,212.00,12.47
18.060,22070,361,8,2005,1994,2505,1.003,12.14,211.00,12.18
18.060,22071,361,8,2005,1997,2505,1.025,12.15,209.00,12.46
18.060,22072,361,8,2003,1997,2501,1.010,12.14,211.00,12.27
18.060,22073,361,8,2004,2000,2499,1.018,12.15,209.00,12.37
18.060,22074,361,8,2003,1998,2498,1.018,12.15,211.00,12.37
18.060,22075,361,8,2005,1999,2498,1.018,12.14,209.00,12.36
18.060,22076,361,8,2005,1995,2499,1.003,12.14,211.00,12.18
18.060,22077,361,8,2005,1996,2502,1.010,12.15,209.00,12.27
18.060,22078,361,8,2006,1994,2504,1.018,12.15,209.00,12.37
18.060,22079,361,8,2008,1996,2506,1.010,12.15,209.00,12.27
18.060,22080,361,8,2006,1995,2505,1.003,12.15,211.00,12.19
18.060,22081,361,8,2007,1999,2504,1.025,12.16,211.00,12.47
18.060,22082,361,8,2004,1998,2503,1.003,12.14,211.00,12.18
18.060,22083,361,8,2003,1999,2501,1.003,12.15,209.00,12.19
18.061,22084,361,7,2003,1999,2500,1.003,12.14,209.00,12.18
18.061,22085,361,7,2003,1999,2498,1.003,12.15,211.00,12.19
18.061,22086,361,7,2004,1999,2497,1.010,12.14,212.00,12.27
18.061,22087,361,7,2005,1998,2499,1.025,12.17,212.00,12.47
18.061,22088,361,7,2007,1997,2501,1.018,12.17,212.00,12.39
18.061,22089,361,7,2005,1995,2505,1.010,12.15,209.00,12.27
18.061,22090,361,7,2006,1995,2504,1.010,12.15,212.00,12.27
18.061,22091,361,7,2005,1997,2505,1.010,12.15,211.00,12.27
18.061,22092,361,7,2004,1998,2505,1.003,12.14,209.00,12.18
18.061,22093,361,7,2004,1997,2502,1.025,12.17,211.00,12.47
18.061,22094,361,7,2002,1996,2502,1.010,12.14,209.00,12.27
18.061,22095,361,7,2003,1999,2499,1.025,12.15,209.00,12.46
18.061,22096,361,7,2004,1999,2498,1.010,12.15,209.00,12.27
18.061,22097,361,7,2005,1998,2499,1.018,12.15,211.00,12.37
18.061,22098,361,7,2006,1995,2501,1.025,12.16,211.00,12.47
18.061,22099,361,7,2010,1998,2502,1.025,12.16,212.00,12.47
18.061,22100,361,7,2005,1994,2506,1.018,12.14,209.00,12.36
18.062,22101,361,7,2007,1996,2506,1.018,12.15,211.00,12.37
18.062,22102,361,7,2006,1996,2505,1.018,12.14,211.00,12.36
18.062,22103,361,7,2004,1997,2505,1.010,12.14,209.00,12.26
18.062,22104,361,7,2003,1997,2501,1.010,12.14,212.00,12.27
18.062,22105,361,7,2003,1999,2499,1.010,12.14,211.00,12.27
18.062,22106,361,7,2005,1999,2498,1.018,12.14,211.00,12.36
18.062,22107,361,7,2005,1999,2497,1.025,12.15,212.00,12.46
18.062,22108,361,7,2007,1998,2499,1.025,12.16,209.00,12.47
18.062,22109,361,7,2007,1997,2501,1.018,12.16,211.00,12.38
18.062,22110,361,7,2007,1995,2502,1.010,12.15,212.00,12.27
18.062,22111,361,7,2006,1994,2505,1.003,12.14,211.00,12.18
18.062,22112,361,7,2005,1994,2504,1.003,12.14,212.00,12.18
18.062,22113,361,7,2005,1998,2505,1.010,12.14,211.00,12.27
18.062,22114,361,7,2004,1997,2502,1.025,12.16,211.00,12.47
18.062,22115,361,7,2002,1998,2501,1.018,12.14,209.00,12.36
18.062,22116,361,7,2004,1999,2500,1.010,12.14,209.00,12.27
18.062,22117,361,7,2003,1997,2499,1.018,12.15,211.00,12.37
18.062,22118,361,7,2004,1997,2498,1.025,12.15,211.00,12.46
18.062,22119,361,7,2005,1996,2502,1.032,12.16,209.00,12.55
18.062,22120,361,7,2006,1996,2501,1.025,12.16,212.00,12.47
18.062,22121,361,7,2004,1993,2504,1.010,12.14,214.00,12.27
18.062,22122,361,7,2005,1994,2507,1.018,12.15,209.00,12.37
18.062,22123,361,7,2005,1996,2506,1.018,12.14,209.00,12.36
18.062,22124,361,7,2006,1997,2505,1.025,12.15,209.00,12.46
18.063,22125,361,7,2003,1997,2502,1.018,12.14,211.00,12.36
18.063,22126,361,7,2003,1997,2500,1.025,12.15,211.00,12.46
18.063,22127,361,7,2002,1997,2498,1.018,12.14,212.00,12.36
18.063,22128,361,7,2003,1998,2498,1.018,12.15,211.00,12.37
18.063,22129,361,7,2005,1997,2500,1.003,12.14,211.00,12.18
18.063,22130,361,7,2006,1996,2499,1.047,12.15,212.00,12.72
18.063,22131,361,7,2005,1995,2502,1.025,12.14,212.00,12.45
18.063,22132,361,7,2006,1994,2505,1.025,12.14,209.00,12.45
18.063,22133,361,7,2006,1995,2506,1.018,12.14,211.00,12.36
18.063,22134,361,7,2006,1997,2506,1.025,12.15,211.00,12.46
18.063,22135,361,7,2004,1997,2503,1.018,12.14,212.00,12.36
18.063,22136,361,7,2004,1999,2502,1.018,12.14,209.00,12.36
18.063,22137,361,7,2000,1995,2502,1.018,12.14,208.00,12.36
18.063,22138,361,7,2003,1998,2499,1.025,12.15,211.00,12.46
18.063,22139,361,7,2004,1998,2498,1.032,12.14,211.00,12.53
18.063,22140,361,7,2005,1997,2498,1.025,12.15,212.00,12.46
18.063,22141,361,7,2006,1996,2501,1.040,12.15,212.00,12.64
18.064,22142,361,7,2007,1996,2506,1.018,12.15,211.00,12.37
18.064,22143,361,7,2006,1995,2505,1.018,12.15,211.00,12.37
18.064,22144,361,6,2005,1996,2504,1.025,12.15,212.00,12.46
18.064,22145,361,6,2002,1995,2504,1.010,12.15,211.00,12.27
18.064,22146,361,6,2002,1997,2503,1.003,12.14,212.00,12.18
18.064,22147,361,6,2001,1997,2500,1.010,12.16,211.00,12.28
18.064,22148,361,6,2002,1998,2500,1.003,12.15,211.00,12.19
18.064,22149,361,6,2001,1997,2499,1.003,12.14,211.00,12.18
18.064,22150,361,6,2003,1997,2499,1.003,12.15,212.00,12.19
18.064,22151,361,6,2004,1995,2502,1.010,12.16,209.00,12.28
18.064,22152,361,6,2005,1996,2503,1.010,12.15,209.00,12.27
18.064,22153,361,6,2005,1995,2504,1.018,12.16,211.00,12.38
18.064,22154,361,6,2005,1994,2506,1.010,12.14,211.00,12.27
18.064,22155,361,6,2004,1995,2505,1.018,12.14,211.00,12.36
18.064,22156,361,6,2003,1995,2506,1.018,12.15,208.00,12.37
18.064,22157,361,6,2002,1997,2502,1.010,12.15,211.00,12.27
18.064,22158,361,6,2002,1998,2502,1.018,12.14,209.00,12.36
18.064,22159,361,6,2002,1997,2500,1.018,12.16,211.00,12.38
18.064,22160,361,6,2003,1997,2500,1.010,12.15,209.00,12.27
18.065,22161,361,6,2003,1995,2498,1.018,12.16,214.00,12.38
18.065,22162,361,6,2002,1996,2502,1.025,12.16,211.00,12.47
18.065,22163,361,6,2004,1996,2503,1.025,12.16,212.00,12.47
18.065,22164,361,6,2004,1995,2505,1.003,12.14,211.00,12.18
18.065,22165,361,6,2003,1994,2506,1.010,12.15,209.00,12.27
18.065,22166,361,6,2001,1997,2506,1.003,12.15,209.00,12.19
18.065,22167,361,6,2000,1997,2504,1.003,12.15,209.00,12.19
18.065,22168,361,6,1999,1997,2501,0.996,12.15,212.00,12.10
18.065,22169,361,6,1999,1997,2501,0.996,12.15,209.00,12.10
18.065,22170,361,6,2000,1997,2498,0.996,12.14,212.00,12.10
18.065,22171,361,6,2001,1997,2500,1.003,12.15,209.00,12.19
18.065,22172,361,6,2002,1996,2502,1.003,12.14,209.00,12.18
18.065,22173,361,6,2003,1995,2502,1.010,12.16,212.00,12.28
18.065,22174,361,6,2004,1994,2505,1.003,12.15,212.00,12.19
18.065,22175,361,6,2004,1995,2506,1.010,12.15,209.00,12.27
18.065,22176,361,6,2004,1997,2505,1.010,12.15,211.00,12.27
18.065,22177,361,6,2002,1996,2504,1.018,12.16,211.00,12.38
18.065,22178,361,6,2000,1997,2503,1.010,12.15,209.00,12.27
18.065,22179,361,6,2000,1998,2500,1.010,12.15,211.00,12.27
18.065,22180,361,6,2001,1996,2499,1.018,12.16,209.00,12.38
18.065,22181,361,6,2001,1997,2497,1.018,12.16,214.00,12.38
18.065,22182,361,6,2003,1995,2500,1.003,12.15,209.00,12.19
18.065,22183,361,6,2003,1995,2502,1.010,12.15,208.00,12.27
18.065,22184,361,6,2005,1996,2504,1.003,12.15,209.00,12.19
18.066,22185,361,6,2004,1994,2504,1.010,12.16,212.00,12.28
18.066,22186,361,6,2004,1995,2506,1.003,12.15,211.00,12.19
18.066,22187,361,6,2001,1994,2505,1.003,12.15,211.00,12.19
18.066,22188,361,6,1999,1995,2504,1.003,12.15,209.00,12.19
18.066,22189,361,6,2000,1996,2502,0.996,12.15,209.00,12.10
18.066,22190,361,6,1999,1995,2501,1.003,12.15,208.00,12.19
18.066,22191,361,6,2000,1997,2498,0.996,12.15,212.00,12.10
18.066,22192,361,6,2000,1996,2499,0.996,12.15,211.00,12.10
18.066,22193,361,6,2001,1995,2502,1.003,12.15,209.00,12.19
18.066,22194,361,6,2003,1994,2503,0.996,12.15,211.00,12.10
18.066,22195,361,6,2002,1993,2504,0.996,12.15,212.00,12.10
18.066,22196,361,6,2001,1992,2506,0.996,12.14,212.00,12.10
18.066,22197,361,6,2002,1996,2505,1.003,12.15,211.00,12.19
18.066,22198,361,6,2000,1994,2504,1.003,12.15,212.00,12.19
18.066,22199,361,6,2000,1996,2504,1.003,12.15,209.00,12.19
18.066,22200,361,6,1998,1995,2502,1.010,12.15,209.00,12.27
18.066,22201,361,6,1999,1996,2499,1.032,12.15,211.00,12.54
18.066,22202,361,6,2001,1997,2498,1.010,12.15,212.00,12.27
18.066,22203,361,6,2001,1995,2500,1.010,12.14,212.00,12.27
18.066,22204,361,5,2002,1995,2503,1.010,12.14,211.00,12.27
18.066,22205,361,5,2002,1994,2504,1.018,12.14,211.00,12.36
18.066,22206,361,5,2002,1993,2505,1.018,12.15,214.00,12.37
18.066,22207,361,5,2001,1993,2506,1.018,12.15,212.00,12.37
18.066,22208,361,5,2000,1993,2505,1.010,12.15,212.00,12.27
18.066,22209,361,5,1998,1994,2504,1.010,12.15,211.00,12.27
18.067,22210,361,5,1999,1996,2502,1.025,12.15,211.00,12.46
18.067,22211,361,5,1999,1994,2500,1.018,12.15,212.00,12.37
18.067,22212,361,5,1998,1995,2499,1.018,12.15,211.00,12.37
18.067,22213,361,5,2000,1997,2500,1.018,12.14,209.00,12.36
18.067,22214,361,5,2001,1994,2501,1.018,12.15,209.00,12.37
18.067,22215,361,5,1999,1991,2505,1.003,12.14,206.00,12.17
18.067,22216,361,5,2001,1993,2506,1.010,12.14,208.00,12.26
18.067,22217,361,5,2000,1991,2507,1.003,12.14,211.00,12.18
18.067,22218,361,5,1999,1992,2507,1.010,12.15,209.00,12.27
18.067,22219,361,5,1999,1994,2506,1.018,12.15,209.00,12.37
18.067,22220,361,5,1998,1993,2503,1.010,12.15,211.00,12.27
18.067,22221,361,5,1998,1994,2502,1.025,12.15,211.00,12.46
18.067,22222,361,5,1997,1995,2502,1.025,12.14,208.00,12.45
18.067,22223,361,5,1998,1994,2499,1.018,12.14,211.00,12.36
18.067,22224,361,5,1999,1993,2501,1.010,12.15,211.00,12.27
18.067,22225,361,5,2002,1993,2502,1.010,12.14,211.00,12.27
18.067,22226,361,5,2002,1993,2504,1.018,12.16,211.00,12.38
18.067,22227,361,5,2002,1991,2507,1.010,12.15,209.00,12.27
18.067,22228,361,5,2000,1990,2506,1.003,12.14,211.00,12.18
18.067,22229,361,5,2000,1992,2506,1.018,12.16,211.00,12.38
18.067,22230,361,5,1999,1992,2505,1.010,12.15,209.00,12.27
18.067,22231,361,5,1998,1994,2503,1.003,12.14,209.00,12.18
18.067,22232,361,5,1999,1993,2500,1.025,12.16,212.00,12.47
18.067,22233,361,5,2000,1994,2499,1.025,12.16,214.00,12.47
18.068,22234,361,5,2000,1994,2500,1.018,12.14,211.00,12.36
18.068,22235,361,5,2001,1993,2503,1.018,12.14,209.00,12.36
18.068,22236,361,5,2002,1992,2503,1.025,12.15,212.00,12.46
18.068,22237,361,5,2002,1992,2506,1.018,12.14,208.00,12.36
18.068,22238,361,5,2000,1990,2508,1.018,12.15,209.00,12.37
18.068,22239,361,5,2000,1991,2506,1.025,12.14,209.00,12.45
18.068,22240,361,5,2000,1992,2505,1.010,12.15,211.00,12.27
18.068,22241,361,5,1998,1992,2506,1.010,12.14,208.00,12.27
18.068,22242,361,5,1999,1993,2502,1.025,12.17,211.00,12.47
18.068,22243,361,5,1999,1993,2500,1.010,12.15,211.00,12.27
18.068,22244,361,5,2000,1994,2499,1.010,12.15,211.00,12.27
18.068,22245,361,5,2000,1993,2502,1.010,12.15,209.00,12.27
18.068,22246,361,5,2001,1992,2503,1.025,12.15,209.00,12.46
18.068,22247,361,5,2003,1992,2505,1.003,12.14,209.00,12.18
18.068,22248,361,5,2002,1991,2506,1.010,12.15,209.00,12.27
18.068,22249,361,5,2001,1991,2506,1.025,12.17,211.00,12.47
18.068,22250,361,5,2000,1991,2506,1.010,12.15,211.00,12.27
18.068,22251,361,5,2000,1992,2505,1.010,12.15,209.00,12.27
18.068,22252,361,5,1998,1993,2503,1.010,12.15,211.00,12.27
18.068,22253,361,5,1998,1993,2502,1.010,12.15,208.00,12.27
18.068,22254,361,5,1999,1992,2499,1.003,12.15,211.00,12.19
18.069,22255,361,5,1998,1991,2501,0.996,12.14,208.00,12.10
18.069,22256,361,5,2001,1992,2503,1.010,12.14,208.00,12.27
18.069,22257,361,5,2002,1992,2503,1.010,12.15,212.00,12.27
18.069,22258,361,5,2002,1990,2506,1.003,12.14,211.00,12.18
18.069,22259,361,5,2001,1990,2506,1.018,12.16,211.00,12.38
18.069,22260,361,5,2000,1991,2507,1.003,12.15,209.00,12.19
18.069,22261,361,5,2000,1991,2504,1.010,12.15,212.00,12.27
18.069,22262,361,5,1998,1990,2503,1.010,12.15,211.00,12.27
18.069,22263,361,5,1998,1993,2503,1.010,12.15,209.00,12.27
18.069,22264,361,4,1998,1992,2499,1.018,12.15,212.00,12.37
18.069,22265,361,4,2001,1994,2500,1.018,12.14,209.00,12.35
18.069,22266,361,4,2002,1992,2501,1.018,12.14,212.00,12.36
18.069,22357,361,3,2002,1998,2500,1.010,12.14,212.00,12.27
18.069,22358,361,3,2000,1995,2501,1.010,12.14,211.00,12.27
18.069,22359,361,3,2001,1995,2501,1.010,12.14,209.00,12.27
18.069,22360,361,3,2001,1992,2500,1.003,12.14,211.00,12.18
18.069,22361,361,3,2004,1994,2502,1.010,12.14,211.00,12.27
18.072,22362,361,3,2002,1991,2506,1.010,12.14,208.00,12.27
18.074,22363,361,3,2003,1992,2507,1.010,12.14,209.00,12.27
18.076,22364,361,3,2004,1992,2505,1.018,12.15,212.00,12.37
18.078,22365,361,3,2003,1994,2505,1.010,12.14,211.00,12.27
18.080,22366,361,3,2002,1995,2504,1.003,12.14,211.00,12.18
18.082,22367,361,3,2001,1997,2502,1.018,12.15,211.00,12.37
18.084,22368,361,3,2001,1996,2502,1.003,12.14,209.00,12.18
18.086,22369,361,3,2000,1994,2500,1.010,12.14,211.00,12.26
18.088,22370,361,3,2002,1996,2500,0.996,12.14,209.00,12.09
18.091,22371,361,3,2001,1993,2502,1.003,12.15,209.00,12.19
18.092,22372,361,3,2002,1992,2503,0.996,12.14,211.00,12.10
18.094,22373,361,3,2003,1993,2505,1.010,12.16,212.00,12.28
18.096,22374,361,3,2004,1993,2505,1.010,12.15,214.00,12.27
18.097,22375,361,3,2002,1994,2506,1.025,12.15,209.00,12.46
18.100,22376,361,3,2002,1994,2506,1.010,12.14,209.00,12.27
18.101,22377,361,3,2000,1994,2505,1.010,12.15,208.00,12.27
18.104,22378,361,3,2001,1997,2501,0.996,12.14,211.00,12.09
18.106,22379,361,3,2000,1995,2500,1.010,12.14,211.00,12.27
18.108,22380,361,3,2003,1997,2499,1.010,12.15,211.00,12.27
18.110,22381,361,3,2002,1993,2501,1.010,12.15,209.00,12.27
18.113,22382,361,3,2003,1992,2503,1.003,12.14,209.00,12.18
18.114,22383,361,3,2004,1995,2503,1.010,12.16,212.00,12.28
18.116,22384,361,2,2003,1991,2506,1.003,12.14,211.00,12.18
18.118,22385,361,2,2003,1992,2508,1.010,12.14,208.00,12.27
18.120,22386,361,2,2002,1995,2506,1.003,12.14,209.00,12.18
18.123,22387,361,2,2001,1995,2505,1.003,12.14,208.00,12.18
18.124,22388,361,2,2000,1995,2502,1.010,12.15,211.00,12.27
18.127,22389,361,2,2001,1995,2501,1.003,12.14,209.00,12.17
18.128,22390,361,2,2001,1996,2499,1.003,12.16,211.00,12.20
18.129,22391,361,2,2002,1996,2500,1.010,12.16,211.00,12.28
18.132,22392,361,2,2003,1995,2503,1.003,12.14,209.00,12.18
18.133,22393,361,2,2002,1992,2504,1.003,12.14,209.00,12.18
18.136,22394,361,2,2003,1993,2507,1.003,12.14,208.00,12.18
18.139,22395,361,2,2003,1992,2506,0.996,12.14,209.00,12.10
18.140,22396,361,2,2002,1993,2505,1.003,12.15,211.00,12.19
18.142,22397,361,2,2002,1994,2505,0.996,12.14,211.00,12.10
18.145,22398,361,2,2000,1995,2502,1.010,12.16,211.00,12.28
18.146,22399,361,2,1999,1995,2502,1.003,12.14,209.00,12.18
18.148,22400,361,2,2000,1996,2501,1.003,12.14,209.00,12.18
18.150,22401,361,2,2001,1995,2499,1.003,12.14,211.00,12.18
18.152,22402,361,2,2003,1994,2500,1.010,12.14,212.00,12.27
18.155,22403,361,2,2003,1993,2502,1.010,12.15,209.00,12.27
18.156,22404,361,2,2005,1993,2505,0.996,12.14,208.00,12.10
18.158,22405,361,2,2004,1993,2507,1.003,12.15,209.00,12.19
18.697,22406,361,2,2005,1995,2506,1.018,12.15,212.00,12.37
18.697,22407,361,2,2003,1994,2505,1.010,12.15,212.00,12.27
18.697,22408,361,2,2000,1994,2504,1.010,12.14,211.00,12.27
18.697,22409,361,2,2000,1995,2501,1.010,12.15,212.00,12.27
18.697,22410,361,2,1999,1994,2501,1.010,12.14,209.00,12.27
18.697,22411,361,2,2000,1995,2498,1.018,12.16,212.00,12.38
18.697,22412,361,2,2001,1994,2499,1.003,12.14,211.00,12.18
18.697,22413,361,2,2002,1992,2501,0.996,12.15,211.00,12.10
18.697,22414,361,2,2004,1995,2502,1.010,12.15,211.00,12.27
18.697,22415,361,2,2004,1994,2504,1.010,12.15,212.00,12.27
18.697,22416,361,2,2002,1992,2506,1.003,12.14,211.00,12.18
18.697,22417,361,2,2002,1992,2506,0.996,12.14,211.00,12.10
18.697,22418,361,2,2001,1993,2505,1.003,12.14,211.00,12.18
18.697,22419,361,2,2000,1995,2502,1.018,12.15,211.00,12.37
18.697,22420,361,2,1999,1994,2501,1.003,12.14,209.00,12.18
18.697,22421,361,2,2001,1995,2500,1.010,12.14,209.00,12.27
18.697,22422,361,2,2001,1996,2500,1.003,12.14,208.00,12.18
18.698,22423,361,2,2004,1996,2500,1.010,12.15,212.00,12.27
18.698,22424,361,2,2005,1995,2503,1.003,12.14,209.00,12.17
18.698,22425,361,2,2004,1992,2504,0.996,12.14,212.00,12.10
18.698,22426,361,2,2003,1992,2506,1.003,12.14,209.00,12.18
18.698,22427,361,2,2002,1992,2505,0.996,12.14,211.00,12.10
18.698,22428,361,2,2001,1993,2505,0.996,12.14,211.00,12.10
18.698,22429,361,2,2001,1995,2504,1.003,12.14,211.00,12.18
18.698,22430,361,2,2000,1994,2501,1.010,12.15,211.00,12.27
18.698,22431,361,2,1999,1995,2500,1.018,12.14,211.00,12.36
18.698,22432,361,2,2001,1995,2499,1.010,12.15,209.00,12.27
18.698,22433,361,2,2002,1996,2499,1.018,12.15,214.00,12.37
18.698,22434,361,2,2003,1994,2501,1.018,12.15,211.00,12.37
18.698,22435,361,2,2003,1992,2503,1.018,12.14,211.00,12.36
18.698,22436,361,2,2003,1992,2506,1.010,12.14,211.00,12.27
18.698,22437,361,2,2004,1993,2506,1.018,12.14,209.00,12.36
18.698,22438,361,2,2003,1994,2505,1.018,12.14,211.00,12.36
18.699,22439,361,2,2002,1996,2503,1.032,12.16,211.00,12.55
18.699,22440,361,2,1999,1994,2503,1.010,12.14,209.00,12.27
18.699,22441,361,2,2000,1995,2501,1.003,12.14,209.00,12.18
18.699,22442,361,2,2000,1996,2500,1.010,12.14,209.00,12.27
18.699,22443,361,2,2001,1995,2499,1.003,12.14,211.00,12.18
18.699,22444,361,1,2003,1995,2500,1.018,12.16,212.00,12.38
18.699,22445,361,1,2003,1992,2503,1.010,12.14,209.00,12.27
18.699,22446,361,1,2003,1993,2505,1.003,12.14,209.00,12.18
18.699,22447,361,1,2003,1993,2505,1.010,12.14,211.00,12.27
18.699,22448,361,1,2003,1994,2505,1.003,12.14,211.00,12.18
18.699,22449,361,1,2001,1994,2503,1.018,12.17,214.00,12.39
18.699,22450,361,1,2001,1994,2503,1.010,12.14,211.00,12.27
18.699,22451,361,1,1999,1995,2502,1.003,12.14,208.00,12.18
18.699,22452,361,1,2001,1997,2498,1.025,12.16,212.00,12.47
18.699,22453,361,1,2000,1994,2499,1.003,12.14,211.00,12.18
18.700,22454,361,1,2002,1994,2500,1.010,12.15,209.00,12.27
18.700,22455,361,1,2004,1994,2502,1.010,12.15,209.00,12.27
18.700,22456,361,1,2004,1994,2504,1.003,12.14,209.00,12.18
18.700,22457,361,1,2005,1994,2505,1.010,12.15,211.00,12.27
18.700,22458,361,1,2003,1991,2507,1.010,12.14,209.00,12.27
18.700,22459,361,1,2002,1993,2505,1.010,12.14,209.00,12.27
18.700,22460,361,1,2001,1995,2503,1.010,12.14,212.00,12.27
18.700,22461,361,1,2000,1996,2501,1.003,12.14,211.00,12.18
18.700,22462,361,1,2000,1996,2501,1.010,12.15,209.00,12.27
18.700,22463,361,1,2000,1995,2500,1.010,12.15,208.00,12.27
18.700,22464,361,1,2002,1995,2500,1.010,12.15,211.00,12.27
18.700,22465,361,1,2004,1995,2500,1.003,12.15,212.00,12.19
18.700,22466,361,1,2004,1993,2504,1.003,12.14,208.00,12.18
18.700,22467,361,1,2004,1993,2504,1.018,12.14,212.00,12.36
18.700,22468,361,1,2004,1993,2504,1.003,12.15,212.00,12.19
18.700,22469,361,1,2004,1994,2506,1.003,12.14,209.00,12.18
18.701,22470,361,1,2002,1994,2506,0.996,12.14,209.00,12.09
18.701,22471,361,1,2001,1995,2501,1.003,12.15,212.00,12.19
18.701,22472,361,1,2000,1996,2501,1.003,12.14,211.00,12.18
18.701,22473,361,1,2002,1997,2500,1.010,12.15,209.00,12.27
18.701,22474,361,1,2002,1996,2499,1.010,12.15,211.00,12.27
18.701,22475,361,1,2004,1996,2501,0.996,12.14,211.00,12.10
18.701,22476,361,1,2004,1995,2501,1.003,12.15,212.00,12.19
18.701,22477,361,1,2006,1995,2503,1.018,12.16,212.00,12.38
18.701,22478,361,1,2003,1993,2504,1.010,12.14,212.00,12.27
18.701,22479,361,1,2004,1995,2505,1.003,12.15,209.00,12.19
18.701,22480,361,1,2003,1996,2505,1.003,12.14,209.00,12.18
18.701,22481,361,1,2001,1995,2504,0.996,12.14,208.00,12.10
18.701,22482,361,1,2000,1996,2502,1.003,12.14,209.00,12.18
18.701,22483,361,1,2000,1996,2500,0.996,12.14,212.00,12.10
18.701,22484,361,1,2002,1997,2499,1.010,12.16,211.00,12.28
18.701,22485,361,1,2003,1997,2501,0.996,12.14,209.00,12.10
18.701,22486,361,1,2003,1994,2501,1.010,12.15,212.00,12.27
18.702,22487,361,1,2004,1993,2502,1.018,12.15,212.00,12.37
18.702,22488,361,1,2004,1994,2504,1.010,12.15,211.00,12.27
18.702,22489,361,1,2004,1995,2507,1.003,12.14,209.00,12.18
18.702,22490,361,1,2003,1994,2505,1.003,12.14,211.00,12.18
18.702,22491,361,1,2001,1995,2503,1.010,12.15,211.00,12.27
18.702,22492,361,1,2002,1998,2502,1.010,12.15,211.00,12.27
18.702,22493,361,1,2001,1996,2500,1.010,12.15,211.00,12.27
18.702,22494,361,1,2002,1997,2499,1.003,12.14,211.00,12.18
18.702,22495,361,1,2002,1995,2500,1.010,12.14,209.00,12.27
18.702,22496,361,1,2001,1994,2501,1.003,12.15,209.00,12.19
18.702,22497,361,1,2004,1994,2502,1.003,12.14,211.00,12.18
18.702,22498,361,1,2004,1993,2506,0.996,12.14,209.00,12.10
18.702,22499,361,1,2003,1992,2506,0.996,12.14,211.00,12.10
18.702,22500,361,1,2004,1995,2504,1.018,12.15,212.00,12.37
18.702,22501,361,1,2003,1995,2505,1.003,12.14,211.00,12.18
18.702,22502,361,1,2000,1994,2504,1.003,12.14,211.00,12.18
18.702,22503,361,1,2001,1998,2502,1.003,12.15,208.00,12.19
