Time(s),Index,RPM,Throttle(%),AccelX,AccelY,AccelZ,Current(A),Voltage(V),Thrust(N),Power(W)
0.000,1,0,0,515,512,382,0.117,11.27,214.00,1.32
0.002,2,0,0,513,510,384,0.124,11.27,211.00,1.40
0.004,3,0,0,515,513,382,0.102,11.26,212.00,1.15
0.006,4,0,0,510,508,384,0.109,11.26,212.00,1.23
0.008,5,0,0,511,508,384,0.102,11.26,209.00,1.15
0.010,6,0,0,515,512,384,0.131,11.27,212.00,1.48
0.012,7,0,0,513,510,382,0.131,11.27,212.00,1.48
0.014,8,0,0,513,511,384,0.124,11.27,211.00,1.40
0.016,9,0,0,514,511,382,0.117,11.26,212.00,1.32
0.018,10,0,0,513,512,382,0.124,11.26,212.00,1.40
0.020,11,0,0,514,513,382,0.124,11.28,212.00,1.40
0.022,12,0,0,513,510,383,0.124,11.26,211.00,1.40
0.024,13,0,0,512,509,382,0.124,11.27,212.00,1.40
0.026,14,0,0,511,510,384,0.117,11.27,209.00,1.32
0.028,15,0,0,513,510,383,0.124,11.27,211.00,1.40
0.030,16,0,0,514,511,383,0.131,11.26,212.00,1.48
0.032,17,0,0,512,510,383,0.124,11.27,212.00,1.40
0.034,18,0,0,513,511,383,0.117,11.27,212.00,1.32
0.036,19,0,0,513,511,384,0.124,11.28,212.00,1.40
0.038,20,0,0,513,510,385,0.109,11.26,209.00,1.23
0.040,21,0,0,514,510,384,0.124,11.26,211.00,1.40
0.042,22,0,0,514,511,382,0.124,11.26,214.00,1.40
0.044,23,0,0,512,511,383,0.131,11.28,214.00,1.48
0.046,24,0,0,513,511,383,0.124,11.28,209.00,1.40
0.048,25,0,0,512,510,384,0.117,11.26,211.00,1.32
0.050,26,0,0,512,510,384,0.124,11.26,212.00,1.40
0.052,27,0,0,512,511,382,0.124,11.28,212.00,1.40
0.054,28,0,0,512,511,383,0.117,11.28,212.00,1.32
0.056,29,0,0,514,513,383,0.109,11.26,214.00,1.23
0.058,30,0,0,515,511,384,0.117,11.26,212.00,1.32
0.060,31,0,0,513,510,383,0.139,11.27,211.00,1.57
0.062,32,0,0,511,509,385,0.124,11.27,211.00,1.40
0.064,33,0,0,513,510,384,0.131,11.27,212.00,1.48
0.066,34,0,0,513,510,385,0.117,11.27,211.00,1.32
0.068,35,0,0,513,511,383,0.124,11.26,212.00,1.40
0.070,36,0,0,512,511,383,0.124,11.27,211.00,1.40
0.072,37,0,0,514,513,383,0.124,11.27,214.00,1.40
0.074,38,0,0,513,511,383,0.117,11.28,211.00,1.32
0.076,39,0,0,513,511,383,0.117,11.28,212.00,1.32
0.078,40,0,0,511,509,384,0.117,11.28,211.00,1.32
0.080,41,0,0,515,511,385,0.117,11.26,212.00,1.32
0.082,42,0,0,513,511,384,0.124,11.28,212.00,1.40
0.084,43,0,0,514,511,384,0.117,11.27,212.00,1.32
0.086,44,0,0,514,511,385,0.117,11.26,212.00,1.32
0.088,45,0,0,513,511,384,0.131,11.27,212.00,1.48
0.090,46,0,0,513,510,383,0.131,11.27,211.00,1.48
0.092,47,0,0,513,512,383,0.124,11.27,212.00,1.40
0.094,48,0,0,513,511,384,0.117,11.26,211.00,1.32
0.096,49,0,0,514,512,384,0.124,11.27,212.00,1.40
0.098,50,0,0,512,509,384,0.124,11.28,209.00,1.40
0.100,51,0,0,514,510,384,0.117,11.26,211.00,1.32
0.102,52,0,0,513,511,383,0.124,11.28,212.00,1.40
0.104,53,0,0,515,511,385,0.131,11.27,211.00,1.48
0.106,54,0,0,514,512,383,0.117,11.26,212.00,1.32
0.108,55,0,0,512,512,383,0.124,11.28,212.00,1.40
0.110,56,0,0,513,510,385,0.109,11.26,211.00,1.23
0.112,57,0,0,513,513,382,0.124,11.26,214.00,1.40
0.114,58,0,0,514,513,384,0.117,11.27,212.00,1.32
0.116,59,0,0,514,511,383,0.124,11.27,214.00,1.40
0.118,60,0,0,513,512,383,0.124,11.28,212.00,1.40
0.120,61,0,0,515,512,383,0.124,11.28,212.00,1.40
0.122,62,0,0,511,509,385,0.117,11.27,208.00,1.32
0.124,63,0,0,515,512,383,0.117,11.26,212.00,1.32
0.126,64,0,0,513,512,384,0.109,11.27,212.00,1.23
0.128,65,0,0,514,511,385,0.124,11.26,211.00,1.40
0.130,66,0,0,514,512,383,0.124,11.26,211.00,1.40
0.132,67,0,0,514,511,384,0.124,11.26,212.00,1.40
0.134,68,0,0,512,510,384,0.117,11.26,211.00,1.32
0.136,69,0,0,514,511,384,0.117,11.26,211.00,1.32
0.138,70,0,0,512,511,382,0.131,11.28,211.00,1.48
0.140,71,0,0,513,511,383,0.117,11.28,209.00,1.32
0.142,72,0,0,512,510,384,0.117,11.26,214.00,1.32
0.144,73,0,0,513,512,384,0.124,11.27,214.00,1.40
0.146,74,0,0,513,510,384,0.117,11.27,211.00,1.32
0.148,75,0,0,512,511,381,0.124,11.27,211.00,1.40
0.150,76,0,0,514,512,382,0.124,11.27,212.00,1.40
0.152,77,0,0,515,515,383,0.117,11.26,212.00,1.32
0.154,78,0,0,512,511,382,0.124,11.27,214.00,1.40
0.156,79,0,0,513,511,384,0.124,11.27,211.00,1.40
0.158,80,0,0,513,512,383,0.117,11.28,212.00,1.32
0.160,81,0,0,513,511,382,0.124,11.27,212.00,1.40
0.162,82,0,0,513,511,383,0.109,11.26,212.00,1.23
0.164,83,0,0,514,512,383,0.117,11.29,212.00,1.32
0.166,84,0,0,513,511,382,0.124,11.26,214.00,1.40
0.168,85,0,0,514,512,383,0.124,11.26,211.00,1.40
0.170,86,0,0,513,512,383,0.117,11.28,212.00,1.32
0.172,87,0,0,514,511,383,0.131,11.27,211.00,1.48
0.174,88,0,0,513,510,384,0.117,11.27,212.00,1.32
0.176,89,0,0,512,511,383,0.117,11.27,212.00,1.32
0.178,90,0,0,513,509,383,0.117,11.26,212.00,1.32
0.180,91,0,0,513,510,384,0.124,11.28,211.00,1.40
0.182,92,0,0,513,511,382,0.124,11.26,212.00,1.40
0.184,93,0,0,513,511,383,0.124,11.27,214.00,1.40
0.186,94,0,0,513,511,383,0.117,11.26,214.00,1.32
0.188,95,0,0,513,511,383,0.117,11.28,212.00,1.32
0.190,96,0,0,513,510,383,0.124,11.26,211.00,1.40
0.192,97,0,0,513,509,384,0.117,11.27,211.00,1.32
0.194,98,0,0,513,512,384,0.117,11.26,211.00,1.32
0.196,99,0,0,512,511,382,0.139,11.27,211.00,1.57
0.198,100,0,0,512,510,384,0.131,11.27,211.00,1.48
0.200,101,0,0,514,510,383,0.131,11.28,209.00,1.48
0.202,102,0,0,512,511,384,0.124,11.27,212.00,1.40
0.204,103,0,0,513,511,385,0.109,11.26,209.00,1.23
0.206,104,0,0,514,511,383,0.124,11.28,214.00,1.40
0.208,105,0,0,514,512,383,0.124,11.26,214.00,1.40
0.210,106,0,0,514,512,383,0.124,11.26,211.00,1.40
0.212,107,0,0,513,511,383,0.117,11.27,211.00,1.32
0.214,108,0,0,512,511,383,0.124,11.27,211.00,1.40
0.216,109,0,0,513,510,383,0.117,11.27,212.00,1.32
0.218,110,0,0,513,510,384,0.117,11.26,212.00,1.32
0.220,111,0,0,513,511,382,0.131,11.26,212.00,1.48
0.222,112,0,0,513,511,383,0.124,11.28,214.00,1.40
0.224,113,0,0,512,510,383,0.117,11.28,211.00,1.32
0.226,114,0,0,513,511,382,0.117,11.28,214.00,1.32
0.228,115,0,0,512,510,384,0.124,11.27,212.00,1.40
0.230,116,0,0,511,511,385,0.124,11.27,209.00,1.40
0.232,117,0,0,512,510,383,0.124,11.27,212.00,1.40
0.234,118,0,0,512,510,383,0.131,11.27,211.00,1.48
0.236,119,0,0,513,510,383,0.131,11.28,211.00,1.48
0.238,120,0,0,514,511,383,0.124,11.28,214.00,1.40
0.240,121,0,0,514,512,382,0.131,11.26,214.00,1.48
0.242,122,0,0,513,511,383,0.117,11.26,212.00,1.32
0.244,123,0,0,513,511,382,0.117,11.27,211.00,1.32
0.246,124,0,0,513,512,382,0.124,11.27,214.00,1.40
0.248,125,0,0,513,511,384,0.124,11.27,211.00,1.40
0.250,126,0,0,513,509,384,0.124,11.26,209.00,1.40
0.252,127,0,0,513,511,382,0.117,11.26,211.00,1.32
0.254,128,0,0,513,510,384,0.131,11.27,211.00,1.48
0.256,129,0,0,513,510,385,0.117,11.26,211.00,1.32
0.258,130,0,0,513,511,384,0.131,11.27,211.00,1.48
0.260,131,0,0,512,511,383,0.124,11.29,214.00,1.40
0.262,132,0,0,513,511,383,0.131,11.27,209.00,1.48
0.264,133,0,0,514,512,383,0.117,11.27,212.00,1.32
0.266,134,0,0,513,509,384,0.117,11.27,209.00,1.32
0.268,135,0,0,513,511,381,0.131,11.27,214.00,1.48
0.270,136,0,0,515,511,382,0.117,11.27,215.00,1.32
0.272,137,0,0,512,511,383,0.117,11.26,212.00,1.32
0.274,138,0,0,512,510,383,0.117,11.27,211.00,1.32
0.276,139,0,0,513,509,385,0.109,11.26,209.00,1.23
0.278,140,0,0,513,511,384,0.124,11.26,211.00,1.40
0.280,141,0,0,513,511,382,0.131,11.28,214.00,1.48
0.282,142,0,0,513,510,384,0.124,11.26,209.00,1.40
0.284,143,0,0,513,512,383,0.109,11.26,211.00,1.23
0.286,144,0,0,515,513,381,0.117,11.27,215.00,1.32
0.288,145,0,0,514,510,383,0.117,11.27,211.00,1.32
0.290,146,0,0,513,512,383,0.109,11.26,212.00,1.23
0.292,147,0,0,512,510,382,0.124,11.27,211.00,1.40
0.294,148,0,0,512,510,383,0.117,11.26,212.00,1.32
0.296,149,0,0,514,510,385,0.117,11.26,212.00,1.32
0.298,150,0,0,512,511,382,0.124,11.28,212.00,1.40
0.300,151,0,0,514,510,384,0.117,11.27,212.00,1.32
0.302,152,0,0,513,511,381,0.117,11.27,214.00,1.32
0.304,153,0,0,514,511,382,0.109,11.26,214.00,1.23
0.306,154,0,0,513,512,382,0.117,11.27,214.00,1.32
0.308,155,0,0,513,511,382,0.124,11.28,214.00,1.40
0.310,156,0,0,512,511,383,0.117,11.27,212.00,1.32
0.312,157,0,0,513,510,384,0.109,11.27,211.00,1.23
0.314,158,0,0,513,512,383,0.117,11.26,211.00,1.32
0.316,159,0,0,512,511,383,0.124,11.26,212.00,1.40
0.318,160,0,0,513,510,383,0.117,11.26,211.00,1.32
0.320,161,0,0,513,510,382,0.124,11.26,212.00,1.40
0.322,162,0,0,513,511,384,0.124,11.27,212.00,1.40
0.324,163,0,0,512,511,383,0.109,11.26,211.00,1.23
0.326,164,0,0,513,512,384,0.117,11.26,211.00,1.32
0.328,165,0,0,513,510,383,0.117,11.27,211.00,1.32
0.330,166,0,0,513,511,384,0.117,11.27,212.00,1.32
0.332,167,0,0,514,512,383,0.109,11.26,212.00,1.23
0.334,168,0,0,512,511,384,0.124,11.27,211.00,1.40
0.336,169,0,0,513,510,384,0.124,11.26,211.00,1.40
0.338,170,0,0,512,510,384,0.124,11.28,212.00,1.40
0.340,171,0,0,512,510,382,0.124,11.27,212.00,1.40
0.342,172,0,0,513,510,383,0.124,11.26,212.00,1.40
0.344,173,0,0,514,511,381,0.124,11.28,211.00,1.40
0.346,174,0,0,512,510,384,0.124,11.26,211.00,1.40
0.348,175,0,0,514,512,383,0.117,11.27,212.00,1.32
0.350,176,0,0,512,510,386,0.109,11.26,209.00,1.23
0.352,177,0,0,512,511,384,0.109,11.26,209.00,1.23
0.354,178,0,0,512,510,382,0.124,11.28,212.00,1.40
0.356,179,0,0,513,509,384,0.117,11.27,209.00,1.32
0.358,180,0,0,513,512,383,0.117,11.28,214.00,1.32
0.360,181,0,0,513,511,383,0.117,11.27,211.00,1.32
0.362,182,0,0,513,511,384,0.124,11.28,211.00,1.40
0.364,183,0,0,513,511,383,0.124,11.27,212.00,1.40
0.366,184,0,0,512,511,385,0.117,11.27,212.00,1.32
0.368,185,0,0,514,510,383,0.139,11.26,211.00,1.57
0.370,186,0,0,513,511,383,0.124,11.27,211.00,1.40
0.372,187,0,0,513,511,383,0.109,11.27,211.00,1.23
0.374,188,0,0,512,511,384,0.124,11.29,212.00,1.40
0.376,189,0,0,515,510,384,0.117,11.27,212.00,1.32
0.378,190,0,0,515,511,384,0.117,11.26,212.00,1.32
0.380,191,0,0,513,512,384,0.117,11.27,214.00,1.32
0.382,192,0,0,514,511,384,0.131,11.28,211.00,1.48
0.384,193,0,0,512,509,385,0.117,11.27,209.00,1.32
0.386,194,0,0,514,511,383,0.124,11.26,209.00,1.40
0.388,195,0,0,512,510,384,0.124,11.27,211.00,1.40
0.390,196,0,0,512,510,386,0.102,11.26,211.00,1.15
0.392,197,0,0,513,511,382,0.117,11.27,211.00,1.32
0.394,198,0,0,512,511,383,0.117,11.27,212.00,1.32
0.396,199,0,0,511,510,383,0.124,11.27,211.00,1.40
0.398,200,0,0,513,511,383,0.131,11.28,211.00,1.48
0.400,201,0,0,514,512,383,0.117,11.26,212.00,1.32
0.402,202,0,0,513,508,383,0.124,11.26,211.00,1.40
0.404,203,0,0,513,511,384,0.117,11.26,209.00,1.32
0.406,204,0,0,512,510,383,0.109,11.27,212.00,1.23
0.408,205,0,0,511,508,384,0.117,11.26,211.00,1.32
0.410,206,0,0,513,511,383,0.124,11.26,209.00,1.40
0.412,207,0,0,513,511,383,0.117,11.26,209.00,1.32
0.414,208,0,0,513,510,384,0.124,11.27,211.00,1.40
0.416,209,0,0,512,510,382,0.124,11.27,212.00,1.40
0.418,210,0,0,513,511,383,0.124,11.26,212.00,1.40
0.420,211,0,0,513,510,385,0.124,11.26,211.00,1.40
0.422,212,0,0,513,510,384,0.131,11.27,208.00,1.48
0.424,213,0,0,513,510,384,0.117,11.27,209.00,1.32
0.426,214,0,0,512,510,383,0.131,11.26,209.00,1.48
0.428,215,0,0,514,511,383,0.117,11.26,212.00,1.32
0.430,216,0,0,514,511,384,0.117,11.26,212.00,1.32
0.432,217,0,0,513,510,382,0.139,11.28,211.00,1.57
0.434,218,0,0,515,511,382,0.117,11.26,212.00,1.32
0.436,219,0,0,512,509,384,0.124,11.26,208.00,1.40
0.438,220,0,0,512,511,382,0.117,11.26,212.00,1.32
0.440,221,0,0,513,511,384,0.117,11.26,209.00,1.32
0.442,222,0,0,512,510,383,0.117,11.26,211.00,1.32
0.444,223,0,0,512,510,382,0.131,11.27,211.00,1.48
0.446,224,0,0,512,511,382,0.131,11.28,211.00,1.48
0.448,225,0,0,513,511,383,0.117,11.26,211.00,1.32
0.450,226,0,0,513,509,384,0.117,11.26,211.00,1.32
0.452,227,0,0,513,510,384,0.117,11.26,209.00,1.32
0.454,228,0,0,512,510,382,0.124,11.27,211.00,1.40
0.456,229,0,0,513,511,383,0.117,11.26,211.00,1.32
0.458,230,0,0,514,510,383,0.117,11.26,209.00,1.32
0.460,231,0,0,514,510,384,0.117,11.27,212.00,1.32
0.462,232,0,0,513,510,382,0.146,11.29,211.00,1.65
0.464,233,0,0,512,510,384,0.117,11.26,211.00,1.32
0.466,234,0,0,514,512,385,0.117,11.26,211.00,1.32
0.468,235,0,0,513,511,384,0.109,11.26,211.00,1.23
0.470,236,0,0,512,510,384,0.117,11.27,212.00,1.32
0.472,237,0,0,512,511,382,0.117,11.28,212.00,1.32
0.474,238,0,0,512,510,384,0.131,11.27,209.00,1.48
0.476,239,0,0,513,510,383,0.117,11.27,211.00,1.32
0.478,240,0,0,511,510,384,0.117,11.27,211.00,1.32
0.480,241,0,0,513,511,384,0.109,11.26,212.00,1.23
0.482,242,0,0,512,511,383,0.117,11.28,212.00,1.32
0.484,243,0,0,511,510,384,0.124,11.26,209.00,1.40
0.486,244,0,0,513,512,385,0.117,11.26,211.00,1.32
0.488,245,0,0,511,510,382,0.131,11.28,211.00,1.48
0.490,246,0,0,514,512,384,0.117,11.27,211.00,1.32
0.492,247,0,0,512,510,384,0.117,11.27,211.00,1.32
0.494,248,0,0,513,511,383,0.131,11.28,211.00,1.48
0.496,249,0,0,511,509,384,0.131,11.26,209.00,1.47
0.498,250,0,0,513,512,383,0.124,11.26,212.00,1.40
0.500,251,0,0,513,511,384,0.124,11.28,212.00,1.40
0.502,252,0,0,514,510,383,0.131,11.27,211.00,1.48
0.504,253,0,0,515,512,382,0.117,11.26,214.00,1.32
0.506,254,0,0,512,510,383,0.124,11.27,211.00,1.40
0.508,255,0,0,513,508,384,0.124,11.26,209.00,1.40
0.510,256,0,0,512,511,383,0.124,11.27,211.00,1.40
0.512,257,0,0,513,511,384,0.117,11.26,209.00,1.32
0.514,258,0,0,513,510,383,0.117,11.27,212.00,1.32
0.516,259,0,0,513,510,384,0.124,11.26,211.00,1.40
0.518,260,0,0,513,512,383,0.124,11.28,212.00,1.40
0.520,261,0,0,512,510,385,0.117,11.26,209.00,1.32
0.522,262,0,0,513,511,382,0.117,11.26,209.00,1.32
0.524,263,0,0,513,511,383,0.109,11.26,212.00,1.23
0.526,264,0,0,512,510,383,0.139,11.29,211.00,1.57
0.528,265,0,0,516,511,383,0.124,11.27,212.00,1.40
0.530,266,0,0,512,510,382,0.109,11.28,212.00,1.23
0.532,267,0,0,513,512,382,0.117,11.27,212.00,1.32
0.534,268,0,0,513,510,383,0.117,11.26,211.00,1.32
0.536,269,0,0,512,509,383,0.124,11.28,212.00,1.40
0.538,270,0,0,513,511,384,0.117,11.26,209.00,1.32
0.540,271,0,0,511,509,384,0.109,11.26,211.00,1.23
0.542,272,0,0,513,510,385,0.124,11.26,209.00,1.40
0.544,273,0,0,513,511,383,0.117,11.27,209.00,1.32
0.546,274,0,0,513,512,383,0.117,11.27,212.00,1.32
0.548,275,0,0,514,512,383,0.124,11.27,212.00,1.40
0.550,276,0,0,514,511,381,0.117,11.27,214.00,1.32
0.552,277,0,0,511,510,384,0.117,11.26,209.00,1.32
0.554,278,0,0,512,510,382,0.117,11.27,212.00,1.32
0.556,279,0,0,512,510,382,0.139,11.27,211.00,1.57
0.558,280,0,0,515,510,383,0.117,11.27,211.00,1.32
0.560,281,0,0,513,511,383,0.117,11.26,212.00,1.32
0.562,282,0,0,512,510,382,0.124,11.26,212.00,1.40
0.564,283,0,0,512,510,383,0.124,11.26,209.00,1.40
0.566,284,0,0,512,510,383,0.117,11.27,209.00,1.32
0.568,285,0,0,513,510,385,0.109,11.26,211.00,1.23
0.570,286,0,0,513,510,381,0.124,11.27,212.00,1.40
0.572,287,0,0,512,510,384,0.117,11.26,209.00,1.32
0.574,288,0,0,513,509,384,0.117,11.26,209.00,1.32
0.576,289,0,0,512,510,382,0.131,11.28,211.00,1.48
0.578,290,0,0,513,510,384,0.131,11.26,208.00,1.48
0.580,291,0,0,514,509,383,0.117,11.26,211.00,1.32
0.582,292,0,0,513,512,382,0.124,11.27,212.00,1.40
0.584,293,0,0,512,510,384,0.109,11.27,212.00,1.23
0.586,294,0,0,512,510,383,0.117,11.27,212.00,1.32
0.588,295,0,0,512,510,383,0.124,11.26,211.00,1.40
0.590,296,0,0,513,510,383,0.124,11.27,212.00,1.40
0.592,297,0,0,513,511,383,0.124,11.27,211.00,1.40
0.594,298,0,0,513,512,383,0.117,11.26,211.00,1.32
0.596,299,0,0,512,510,384,0.124,11.26,211.00,1.40
0.598,300,0,0,512,510,383,0.117,11.27,211.00,1.32
0.600,301,0,0,512,510,384,0.124,11.28,211.00,1.40
0.602,302,0,0,512,510,385,0.117,11.26,209.00,1.32
0.604,303,0,0,512,509,383,0.124,11.27,211.00,1.40
0.606,304,0,0,513,512,384,0.109,11.28,214.00,1.23
0.608,305,0,0,512,511,383,0.131,11.26,212.00,1.48
0.610,306,0,0,513,510,383,0.117,11.27,211.00,1.32
0.612,307,0,0,513,510,384,0.131,11.26,209.00,1.47
0.614,308,0,0,512,509,383,0.131,11.27,211.00,1.48
0.616,309,0,0,510,508,384,0.124,11.27,211.00,1.40
0.618,310,0,0,511,509,384,0.109,11.26,209.00,1.23
0.620,311,0,0,513,512,384,0.109,11.26,211.00,1.23
0.622,312,0,0,512,511,383,0.139,11.28,211.00,1.57
0.624,313,0,0,514,510,383,0.124,11.26,211.00,1.40
0.626,314,0,0,511,509,383,0.124,11.26,209.00,1.40
0.628,315,0,0,511,510,383,0.124,11.27,211.00,1.40
0.630,316,0,0,512,510,384,0.117,11.26,211.00,1.32
0.632,317,0,0,512,510,385,0.117,11.27,211.00,1.32
0.634,318,0,0,512,510,386,0.117,11.26,211.00,1.32
0.636,319,0,0,513,511,384,0.117,11.26,211.00,1.32
0.638,320,0,0,511,509,383,0.139,11.27,211.00,1.57
0.640,321,0,0,513,510,383,0.124,11.26,211.00,1.40
0.642,322,0,0,512,509,385,0.117,11.26,208.00,1.32
0.644,323,0,0,513,510,383,0.117,11.26,212.00,1.32
0.646,324,0,0,514,512,383,0.124,11.27,212.00,1.40
0.648,325,0,0,514,510,383,0.117,11.27,211.00,1.32
0.650,326,0,0,511,509,385,0.117,11.27,211.00,1.32
0.652,327,0,0,511,510,384,0.109,11.26,209.00,1.23
0.654,328,0,0,511,510,385,0.124,11.26,209.00,1.40
0.656,329,0,0,512,510,383,0.117,11.26,209.00,1.32
0.658,330,0,0,513,511,383,0.117,11.26,211.00,1.32
0.660,331,0,0,512,511,384,0.117,11.28,211.00,1.32
0.662,332,0,0,512,511,383,0.117,11.28,212.00,1.32
0.664,333,0,0,511,510,383,0.124,11.26,211.00,1.40
0.666,334,0,0,513,509,385,0.124,11.26,211.00,1.40
0.668,335,0,0,513,509,385,0.124,11.26,209.00,1.40
0.670,336,0,0,513,510,383,0.109,11.26,212.00,1.23
0.672,337,0,0,511,509,383,0.109,11.27,211.00,1.23
0.674,338,0,0,512,510,384,0.117,11.27,211.00,1.32
0.676,339,0,0,512,509,384,0.117,11.26,209.00,1.32
0.678,340,0,0,512,510,383,0.124,11.26,212.00,1.40
0.680,341,0,0,511,510,383,0.124,11.27,211.00,1.40
0.682,342,0,0,512,509,386,0.102,11.25,209.00,1.15
0.684,343,0,0,512,511,382,0.117,11.27,211.00,1.32
0.686,344,0,0,512,510,384,0.139,11.26,211.00,1.56
0.688,345,0,0,511,510,383,0.109,11.26,212.00,1.23
0.690,346,0,0,513,511,384,0.124,11.27,209.00,1.40
0.692,347,0,0,512,511,383,0.117,11.26,214.00,1.32
0.694,348,0,0,513,509,384,0.124,11.27,211.00,1.40
0.696,349,0,0,513,512,383,0.102,11.26,211.00,1.15
0.698,350,0,0,512,510,385,0.109,11.26,211.00,1.23
0.700,351,0,0,511,510,385,0.109,11.26,212.00,1.23
0.702,352,0,0,512,510,383,0.109,11.26,212.00,1.23
0.704,353,0,0,512,510,383,0.109,11.26,212.00,1.23
0.706,354,0,0,513,511,383,0.117,11.26,212.00,1.32
0.708,355,0,0,510,509,384,0.124,11.26,211.00,1.40
0.710,356,0,0,514,512,384,0.117,11.26,211.00,1.32
0.712,357,0,0,512,508,384,0.117,11.26,209.00,1.32
0.714,358,0,0,513,510,384,0.117,11.26,211.00,1.32
0.716,359,0,0,512,510,383,0.124,11.27,211.00,1.40
0.718,360,0,0,513,511,383,0.117,11.26,212.00,1.32
0.720,361,0,0,512,510,384,0.117,11.26,209.00,1.32
0.722,362,0,0,510,509,384,0.117,11.27,209.00,1.32
0.724,363,0,0,513,509,385,0.109,11.26,209.00,1.23
0.726,364,0,0,513,512,384,0.117,11.26,209.00,1.32
0.728,365,0,0,514,513,384,0.102,11.26,212.00,1.15
0.730,366,0,0,510,510,385,0.117,11.26,211.00,1.32
0.732,367,0,0,512,509,384,0.102,11.26,212.00,1.15
0.734,368,0,0,513,511,382,0.124,11.28,215.00,1.40
0.736,369,0,0,511,510,386,0.124,11.26,209.00,1.40
0.738,370,0,0,513,511,383,0.117,11.27,215.00,1.32
0.740,371,0,0,511,511,384,0.109,11.26,211.00,1.23
0.742,372,0,0,513,511,383,0.117,11.28,212.00,1.32
0.744,373,0,0,512,510,383,0.124,11.27,212.00,1.40
0.746,374,0,0,511,509,384,0.117,11.26,212.00,1.32
0.748,375,0,0,512,510,383,0.117,11.26,211.00,1.32
0.750,376,0,0,513,511,384,0.124,11.27,212.00,1.40
0.752,377,0,0,513,510,385,0.117,11.26,209.00,1.32
0.754,378,0,0,512,510,383,0.124,11.28,212.00,1.40
0.756,379,0,0,512,508,386,0.109,11.26,211.00,1.23
0.758,380,0,0,512,510,383,0.117,11.26,212.00,1.32
0.760,381,0,0,513,513,384,0.139,11.28,211.00,1.57
0.762,382,0,0,513,509,387,0.109,11.26,209.00,1.23
0.764,383,0,0,512,512,384,0.117,11.26,209.00,1.32
0.766,384,0,0,513,512,382,0.124,11.29,212.00,1.40
0.768,385,0,0,511,509,385,0.117,11.27,209.00,1.32
0.770,386,0,0,513,511,384,0.139,11.26,211.00,1.57
0.772,387,0,0,512,511,382,0.124,11.27,214.00,1.40
0.774,388,0,0,512,509,383,0.139,11.27,209.00,1.57
0.776,389,0,0,513,511,383,0.124,11.26,211.00,1.40
0.778,390,0,0,512,511,383,0.117,11.27,212.00,1.32
0.780,391,0,0,513,511,383,0.117,11.26,212.00,1.32
0.782,392,0,0,512,510,385,0.131,11.26,209.00,1.48
0.784,393,0,0,512,509,384,0.117,11.27,211.00,1.32
0.786,394,0,0,511,510,385,0.131,11.27,212.00,1.48
0.788,395,0,0,515,511,383,0.124,11.28,211.00,1.40
0.790,396,0,0,512,509,383,0.124,11.27,212.00,1.40
0.792,397,0,0,512,511,384,0.124,11.28,209.00,1.40
0.794,398,0,0,512,509,384,0.117,11.27,211.00,1.32
0.796,399,0,0,512,508,384,0.117,11.26,211.00,1.32
0.798,400,0,0,513,511,384,0.117,11.27,211.00,1.32
0.800,401,0,0,511,510,384,0.124,11.26,211.00,1.40
0.802,402,0,0,512,509,385,0.117,11.27,211.00,1.32
0.804,403,0,0,509,508,386,0.124,11.26,208.00,1.40
0.806,404,0,0,513,510,384,0.117,11.26,212.00,1.32
0.808,405,0,0,513,510,386,0.131,11.27,211.00,1.48
0.810,406,0,0,513,510,383,0.124,11.27,212.00,1.40
0.812,407,0,0,512,510,383,0.117,11.28,212.00,1.32
0.814,408,0,0,513,512,381,0.131,11.29,212.00,1.48
0.816,409,0,0,513,511,384,0.117,11.27,212.00,1.32
0.818,410,0,0,512,510,385,0.124,11.27,211.00,1.40
0.820,411,0,0,512,509,383,0.102,11.26,211.00,1.15
0.822,412,0,0,514,512,382,0.124,11.27,212.00,1.40
0.824,413,0,0,513,512,384,0.124,11.27,212.00,1.40
0.826,414,0,0,511,510,385,0.117,11.27,212.00,1.32
0.828,415,0,0,512,510,385,0.117,11.26,212.00,1.32
0.830,416,0,0,512,510,384,0.124,11.26,211.00,1.40
0.832,417,0,0,513,511,383,0.124,11.27,212.00,1.40
0.834,418,0,0,513,510,384,0.117,11.28,212.00,1.32
0.836,419,0,0,512,511,383,0.117,11.28,212.00,1.32
0.838,420,0,0,511,508,384,0.117,11.26,208.00,1.32
0.840,421,0,0,512,509,385,0.109,11.26,211.00,1.23
0.842,422,0,0,511,510,384,0.117,11.27,212.00,1.32
0.844,423,0,0,511,509,384,0.131,11.26,212.00,1.48
0.846,424,0,0,512,509,384,0.109,11.26,211.00,1.23
0.848,425,0,0,512,510,384,0.109,11.25,211.00,1.23
0.850,426,0,0,512,511,383,0.117,11.28,214.00,1.32
0.852,427,0,0,512,511,383,0.117,11.28,214.00,1.32
0.854,428,0,0,511,510,381,0.124,11.27,212.00,1.40
0.856,429,0,0,513,510,383,0.117,11.26,212.00,1.32
0.858,430,0,0,511,508,385,0.102,11.26,209.00,1.15
0.860,431,0,0,513,510,384,0.124,11.26,211.00,1.40
0.862,432,0,0,512,510,384,0.124,11.26,212.00,1.40
0.864,433,0,0,512,510,383,0.131,11.27,211.00,1.48
0.866,434,0,0,510,509,385,0.109,11.25,209.00,1.23
0.868,435,0,0,512,511,384,0.109,11.26,209.00,1.23
0.870,436,0,0,512,509,384,0.117,11.27,211.00,1.32
0.872,437,0,0,513,512,384,0.124,11.26,211.00,1.40
0.874,438,0,0,512,509,384,0.124,11.26,214.00,1.40
0.876,439,0,0,513,511,382,0.117,11.27,212.00,1.32
0.878,440,0,0,511,509,384,0.109,11.27,211.00,1.23
0.880,441,0,0,512,511,383,0.124,11.26,212.00,1.40
0.882,442,0,0,512,509,384,0.109,11.27,212.00,1.23
0.884,443,0,0,512,510,385,0.117,11.27,212.00,1.32
0.886,444,0,0,513,511,383,0.117,11.27,212.00,1.32
0.888,445,0,0,513,513,384,0.131,11.26,212.00,1.48
0.890,446,0,0,511,510,384,0.109,11.27,211.00,1.23
0.892,447,0,0,512,510,383,0.109,11.27,212.00,1.23
0.894,448,0,0,512,511,384,0.109,11.26,212.00,1.23
0.896,449,0,0,512,510,385,0.109,11.26,211.00,1.23
0.898,450,0,0,513,510,383,0.109,11.26,212.00,1.23
0.900,451,0,0,512,511,383,0.117,11.28,214.00,1.32
0.902,452,0,0,514,512,383,0.131,11.28,215.00,1.48
0.904,453,0,0,514,511,384,0.117,11.26,212.00,1.32
0.906,454,0,0,512,511,383,0.117,11.28,214.00,1.32
0.908,455,0,0,511,508,386,0.117,11.26,208.00,1.32
0.910,456,0,0,512,511,384,0.117,11.26,212.00,1.32
0.912,457,0,0,512,512,384,0.124,11.28,212.00,1.40
0.914,458,0,0,512,510,386,0.109,11.26,211.00,1.23
0.916,459,0,0,512,510,384,0.109,11.26,211.00,1.23
0.918,460,0,0,511,510,383,0.131,11.27,211.00,1.48
0.920,461,0,0,511,510,384,0.124,11.28,209.00,1.40
0.922,462,0,0,513,511,384,0.117,11.26,212.00,1.32
0.924,463,0,0,512,511,382,0.124,11.27,214.00,1.40
0.926,464,0,0,513,510,384,0.124,11.26,211.00,1.40
0.928,465,0,0,513,510,383,0.124,11.28,212.00,1.40
0.930,466,0,0,512,511,384,0.117,11.27,212.00,1.32
0.932,467,0,0,513,511,383,0.117,11.27,212.00,1.32
0.934,468,0,0,514,512,383,0.117,11.27,214.00,1.32
0.936,469,0,0,514,512,383,0.124,11.28,214.00,1.40
0.938,470,0,0,513,511,383,0.109,11.28,214.00,1.23
0.940,471,0,0,512,510,384,0.131,11.28,211.00,1.48
0.942,472,0,0,513,511,384,0.124,11.27,211.00,1.40
0.944,473,0,0,512,510,382,0.117,11.29,215.00,1.32
0.946,474,0,0,511,509,384,0.117,11.26,212.00,1.32
0.948,475,0,0,512,511,385,0.117,11.26,211.00,1.32
0.950,476,0,0,514,513,381,0.131,11.28,215.00,1.48
0.952,477,0,0,513,509,383,0.117,11.26,211.00,1.32
0.954,478,0,0,512,509,384,0.124,11.26,211.00,1.40
0.956,479,0,0,512,512,383,0.117,11.27,214.00,1.32
0.958,480,0,0,512,510,384,0.124,11.28,212.00,1.40
0.960,481,0,0,513,510,383,0.117,11.26,212.00,1.32
0.962,482,0,0,512,510,384,0.124,11.26,212.00,1.40
0.964,483,0,0,510,509,383,0.117,11.27,209.00,1.32
0.966,484,0,0,512,511,383,0.124,11.27,212.00,1.40
0.968,485,0,0,515,512,383,0.117,11.26,212.00,1.32
0.970,486,0,0,513,511,382,0.117,11.27,214.00,1.32
0.972,487,0,0,512,510,382,0.109,11.26,214.00,1.23
0.974,488,0,0,512,510,383,0.124,11.28,214.00,1.40
0.976,489,0,0,513,511,384,0.117,11.27,212.00,1.32
0.978,490,0,0,513,511,383,0.117,11.26,214.00,1.32
0.980,491,0,0,513,510,382,0.131,11.27,212.00,1.48
0.982,492,0,0,512,512,382,0.124,11.28,214.00,1.40
0.984,493,0,0,514,511,386,0.117,11.26,211.00,1.32
0.986,494,0,0,513,512,380,0.131,11.27,215.00,1.48
0.988,495,0,0,513,511,382,0.124,11.27,214.00,1.40
0.990,496,0,0,513,510,382,0.117,11.28,214.00,1.32
0.992,497,0,0,513,510,384,0.117,11.27,211.00,1.32
0.994,498,0,0,512,509,384,0.117,11.28,211.00,1.32
0.996,499,0,0,514,510,385,0.131,11.28,212.00,1.48
0.998,500,0,0,512,510,384,0.117,11.26,209.00,1.32
1.000,501,0,0,514,510,382,0.117,11.26,212.00,1.32
1.002,502,0,0,513,511,382,0.131,11.29,214.00,1.48
1.004,503,0,0,512,510,383,0.117,11.27,214.00,1.32
1.006,504,0,0,511,510,384,0.124,11.29,212.00,1.40
1.008,505,0,0,513,512,382,0.117,11.27,214.00,1.32
1.010,506,0,0,513,510,383,0.131,11.28,212.00,1.48
1.012,507,0,0,515,511,383,0.124,11.27,214.00,1.40
1.014,508,0,0,513,512,382,0.117,11.29,214.00,1.32
1.016,509,0,0,513,511,383,0.117,11.26,212.00,1.32
1.018,510,0,0,513,510,385,0.117,11.26,212.00,1.32
1.020,511,0,0,514,511,383,0.131,11.27,214.00,1.48
1.022,512,0,0,513,510,384,0.124,11.26,212.00,1.40
1.024,513,0,0,514,511,384,0.124,11.27,214.00,1.40
1.026,514,0,0,512,511,383,0.124,11.28,212.00,1.40
1.028,515,0,0,513,511,383,0.117,11.28,212.00,1.32
1.030,516,0,0,511,510,384,0.139,11.27,211.00,1.57
1.032,517,0,0,512,508,384,0.139,11.27,208.00,1.57
1.034,518,0,0,512,510,384,0.124,11.28,211.00,1.40
1.036,519,0,0,513,510,386,0.117,11.26,212.00,1.32
1.038,520,0,0,514,510,384,0.124,11.27,212.00,1.40
1.040,521,0,0,512,511,382,0.124,11.28,214.00,1.40
1.042,522,0,0,511,510,384,0.124,11.27,212.00,1.40
1.044,523,0,0,514,509,382,0.131,11.28,214.00,1.48
1.046,524,0,0,514,512,382,0.124,11.28,212.00,1.40
1.048,525,0,0,514,511,384,0.124,11.28,209.00,1.40
1.050,526,0,0,512,510,384,0.124,11.27,214.00,1.40
1.052,527,0,0,511,510,385,0.124,11.27,211.00,1.40
1.054,528,0,0,512,510,384,0.131,11.28,212.00,1.48
1.056,529,0,0,514,510,384,0.131,11.28,211.00,1.48
1.058,530,0,0,514,511,385,0.117,11.26,211.00,1.32
1.060,531,0,0,513,510,384,0.124,11.27,211.00,1.40
1.062,532,0,0,513,511,382,0.124,11.27,211.00,1.40
1.064,533,0,0,515,513,383,0.117,11.26,211.00,1.32
1.066,534,0,0,513,510,384,0.124,11.28,212.00,1.40
1.068,535,0,0,512,509,384,0.131,11.28,211.00,1.48
1.070,536,0,0,513,512,384,0.124,11.28,214.00,1.40
1.072,537,0,0,512,510,383,0.117,11.27,211.00,1.32
1.074,538,0,0,513,511,384,0.117,11.26,211.00,1.32
1.076,539,0,0,514,511,384,0.124,11.26,212.00,1.40
1.078,540,0,0,512,510,384,0.124,11.27,211.00,1.40
1.080,541,0,0,516,511,382,0.124,11.26,212.00,1.40
1.082,542,0,0,512,511,383,0.124,11.27,211.00,1.40
1.084,543,0,0,514,513,382,0.124,11.28,215.00,1.40
1.086,544,0,0,512,510,383,0.117,11.26,211.00,1.32
1.088,545,0,0,513,511,382,0.117,11.30,214.00,1.32
1.090,546,0,0,514,512,382,0.117,11.27,212.00,1.32
1.092,547,0,0,513,509,384,0.109,11.26,211.00,1.23
1.094,548,0,0,513,511,382,0.117,11.26,212.00,1.32
1.096,549,0,0,513,511,382,0.109,11.27,212.00,1.23
1.098,550,0,0,511,510,382,0.131,11.28,212.00,1.48
1.100,551,0,0,513,511,383,0.124,11.27,212.00,1.40
1.102,552,0,0,511,511,383,0.117,11.27,214.00,1.32
1.104,553,0,0,515,511,381,0.117,11.28,215.00,1.32
1.106,554,0,0,513,511,382,0.131,11.28,212.00,1.48
1.108,555,0,0,513,512,383,0.117,11.27,212.00,1.32
1.110,556,0,0,513,511,383,0.124,11.26,211.00,1.40
1.112,557,0,0,513,511,385,0.124,11.26,209.00,1.40
1.114,558,0,0,513,510,384,0.117,11.26,211.00,1.32
1.116,559,0,0,512,511,382,0.124,11.28,212.00,1.40
1.118,560,0,0,512,509,385,0.117,11.26,212.00,1.32
1.120,561,0,0,513,510,383,0.131,11.26,211.00,1.48
1.122,562,0,0,512,511,382,0.124,11.27,212.00,1.40
1.124,563,0,0,512,510,384,0.117,11.26,209.00,1.32
1.126,564,0,0,513,511,383,0.117,11.26,209.00,1.32
1.128,565,0,0,511,509,384,0.109,11.26,211.00,1.23
1.130,566,0,0,511,508,383,0.109,11.26,209.00,1.23
1.132,567,0,0,512,511,382,0.124,11.27,214.00,1.40
1.134,568,0,0,512,511,383,0.124,11.28,211.00,1.40
1.136,569,0,0,511,510,384,0.117,11.26,211.00,1.32
1.138,570,0,0,514,511,380,0.131,11.28,214.00,1.48
1.140,571,0,0,515,511,381,0.124,11.27,212.00,1.40
1.142,572,0,0,513,510,383,0.131,11.28,211.00,1.48
1.144,573,0,0,510,508,383,0.109,11.26,208.00,1.23
1.146,574,0,0,513,512,381,0.117,11.28,214.00,1.32
1.148,575,0,0,513,511,383,0.117,11.27,212.00,1.32
1.150,576,0,0,512,509,386,0.109,11.26,211.00,1.23
1.152,577,0,0,515,510,384,0.124,11.26,211.00,1.40
1.154,578,0,0,512,511,383,0.131,11.28,211.00,1.48
1.156,579,0,0,512,511,383,0.131,11.27,211.00,1.48
1.158,580,0,0,512,510,384,0.124,11.27,212.00,1.40
1.160,581,0,0,514,511,385,0.102,11.25,208.00,1.15
1.162,582,0,0,513,509,384,0.117,11.27,211.00,1.32
1.164,583,0,0,515,511,383,0.131,11.26,212.00,1.48
1.166,584,0,0,512,511,383,0.131,11.28,212.00,1.48
1.168,585,0,0,512,511,383,0.124,11.27,212.00,1.40
1.170,586,0,0,512,510,383,0.131,11.26,211.00,1.48
1.172,587,0,0,512,510,382,0.124,11.27,212.00,1.40
1.174,588,0,0,512,510,383,0.117,11.27,209.00,1.32
1.176,589,0,0,510,508,383,0.124,11.27,206.00,1.40
1.178,590,0,0,512,511,382,0.124,11.28,212.00,1.40
1.180,591,0,0,513,509,385,0.124,11.27,211.00,1.40
1.182,592,0,0,512,509,384,0.124,11.26,209.00,1.40
1.184,593,0,0,512,511,383,0.109,11.26,211.00,1.23
1.186,594,0,0,515,513,383,0.117,11.29,212.00,1.32
1.188,595,0,0,512,509,383,0.124,11.26,211.00,1.40
1.190,596,0,0,512,509,384,0.124,11.27,209.00,1.40
1.192,597,0,0,513,512,383,0.124,11.26,211.00,1.40
1.194,598,0,0,511,511,383,0.131,11.27,209.00,1.48
1.196,599,0,0,514,510,383,0.124,11.27,212.00,1.40
1.198,600,0,0,513,510,384,0.124,11.27,212.00,1.40
1.200,601,0,0,513,512,383,0.131,11.28,214.00,1.48
1.202,602,0,0,513,511,383,0.131,11.27,212.00,1.48
1.204,603,0,0,512,510,381,0.131,11.28,212.00,1.48
1.206,604,0,0,512,510,384,0.117,11.27,209.00,1.32
1.208,605,0,0,511,508,386,0.124,11.27,206.00,1.40
1.210,606,0,0,512,510,385,0.117,11.26,212.00,1.32
1.212,607,0,0,512,510,382,0.131,11.27,211.00,1.48
1.214,608,0,0,513,511,383,0.124,11.28,211.00,1.40
1.216,609,0,0,512,509,382,0.131,11.27,211.00,1.48
1.218,610,0,0,512,509,383,0.124,11.27,212.00,1.40
1.220,611,0,0,513,511,383,0.124,11.26,211.00,1.40
1.222,612,0,0,512,511,384,0.131,11.26,209.00,1.48
1.224,613,0,0,513,511,383,0.124,11.27,211.00,1.40
1.226,614,0,0,513,510,383,0.124,11.27,212.00,1.40
1.228,615,0,0,512,510,383,0.117,11.26,209.00,1.32
1.230,616,0,0,513,510,383,0.124,11.27,212.00,1.40
1.232,617,0,0,512,511,381,0.124,11.29,212.00,1.40
1.234,618,0,0,511,510,384,0.117,11.28,211.00,1.32
1.236,619,0,0,513,511,382,0.124,11.28,214.00,1.40
1.238,620,0,0,512,511,385,0.139,11.26,211.00,1.57
1.240,621,0,0,512,509,382,0.117,11.26,208.00,1.32
1.242,622,0,0,512,509,384,0.131,11.26,209.00,1.47
1.244,623,0,0,512,510,385,0.109,11.26,209.00,1.23
1.246,624,0,0,513,510,385,0.124,11.27,211.00,1.40
1.248,625,0,0,512,508,383,0.124,11.26,211.00,1.40
1.250,626,0,0,511,509,382,0.117,11.26,211.00,1.32
1.252,627,0,0,511,509,383,0.109,11.26,211.00,1.23
1.254,628,0,0,511,509,382,0.117,11.27,211.00,1.32
1.256,629,0,0,511,507,384,0.124,11.26,208.00,1.40
1.258,630,0,0,513,510,383,0.131,11.27,211.00,1.48
1.260,631,0,0,513,508,384,0.124,11.26,209.00,1.40
1.262,632,0,0,513,510,382,0.124,11.27,211.00,1.40
1.264,633,0,0,513,508,384,0.109,11.26,211.00,1.23
1.266,634,0,0,513,510,384,0.117,11.26,211.00,1.32
1.268,635,0,0,512,511,383,0.131,11.27,212.00,1.48
1.270,636,0,0,513,511,383,0.124,11.27,211.00,1.40
1.272,637,0,0,513,511,383,0.117,11.26,211.00,1.32
1.274,638,0,0,511,510,384,0.117,11.26,209.00,1.32
1.276,639,0,0,511,509,384,0.117,11.26,211.00,1.32
1.278,640,0,0,512,510,383,0.117,11.27,211.00,1.32
1.280,641,0,0,512,511,384,0.117,11.27,211.00,1.32
1.282,642,0,0,513,511,382,0.117,11.29,211.00,1.32
1.284,643,0,0,511,509,383,0.117,11.26,209.00,1.32
1.286,644,0,0,512,510,383,0.124,11.26,212.00,1.40
1.288,645,0,0,512,508,384,0.117,11.26,208.00,1.32
1.290,646,0,0,513,510,383,0.124,11.26,211.00,1.40
1.292,647,0,0,513,511,383,0.124,11.27,211.00,1.40
1.294,648,0,0,513,511,383,0.131,11.27,211.00,1.48
1.296,649,0,0,512,510,383,0.131,11.27,211.00,1.48
1.298,650,0,0,512,509,384,0.124,11.27,211.00,1.40
1.300,651,0,0,514,510,383,0.117,11.26,211.00,1.32
1.302,652,0,0,512,509,384,0.117,11.26,209.00,1.32
1.304,653,0,0,513,510,384,0.117,11.26,208.00,1.32
1.306,654,0,0,511,510,383,0.124,11.27,211.00,1.40
1.308,655,0,0,513,508,383,0.117,11.26,209.00,1.32
1.310,656,0,0,513,511,384,0.117,11.26,212.00,1.32
1.312,657,0,0,511,509,382,0.117,11.26,211.00,1.32
1.314,658,0,0,513,509,383,0.124,11.27,209.00,1.40
1.316,659,0,0,513,511,384,0.124,11.26,212.00,1.40
1.318,660,0,0,512,510,383,0.131,11.27,212.00,1.48
1.320,661,0,0,513,510,383,0.124,11.26,209.00,1.40
1.322,662,0,0,513,510,384,0.109,11.26,212.00,1.23
1.324,663,0,0,511,509,383,0.124,11.28,209.00,1.40
1.326,664,0,0,513,509,382,0.131,11.26,211.00,1.48
1.328,665,0,0,512,509,383,0.124,11.28,211.00,1.40
1.330,666,0,0,515,509,384,0.124,11.27,211.00,1.40
1.332,667,0,0,512,510,385,0.124,11.26,211.00,1.40
1.334,668,0,0,512,511,382,0.124,11.27,211.00,1.40
1.336,669,0,0,511,509,383,0.131,11.29,212.00,1.48
1.338,670,0,0,512,509,385,0.124,11.27,209.00,1.40
1.340,671,0,0,512,510,384,0.117,11.26,211.00,1.32
1.342,672,0,0,512,511,384,0.124,11.28,212.00,1.40
1.344,673,0,0,511,510,384,0.117,11.27,209.00,1.32
1.346,674,0,0,513,510,384,0.109,11.26,209.00,1.23
1.348,675,0,0,513,511,384,0.117,11.26,211.00,1.32
1.350,676,0,0,512,510,383,0.117,11.28,211.00,1.32
1.352,677,0,0,513,511,385,0.109,11.26,211.00,1.23
1.354,678,0,0,512,510,383,0.109,11.26,211.00,1.23
1.356,679,0,0,512,510,382,0.131,11.28,211.00,1.48
1.358,680,0,0,513,511,383,0.131,11.26,211.00,1.48
1.360,681,0,0,513,509,383,0.109,11.26,211.00,1.23
1.362,682,0,0,513,512,383,0.117,11.27,212.00,1.32
1.364,683,0,0,512,510,384,0.117,11.26,209.00,1.32
1.366,684,0,0,513,510,384,0.117,11.27,214.00,1.32
1.368,685,0,0,513,509,385,0.117,11.26,208.00,1.32
1.370,686,0,0,513,512,383,0.124,11.28,214.00,1.40
1.372,687,0,0,512,511,382,0.124,11.27,214.00,1.40
1.374,688,0,0,511,509,382,0.117,11.27,211.00,1.32
1.376,689,0,0,514,510,383,0.117,11.26,212.00,1.32
1.378,690,0,0,511,510,383,0.109,11.26,209.00,1.23
1.380,691,0,0,513,510,383,0.117,11.26,209.00,1.32
1.382,692,0,0,512,510,383,0.124,11.27,211.00,1.40
1.384,693,0,0,511,510,384,0.117,11.26,211.00,1.32
1.386,694,0,0,511,509,383,0.117,11.26,211.00,1.32
1.388,695,0,0,511,510,383,0.109,11.26,212.00,1.23
1.390,696,0,0,513,509,383,0.131,11.27,211.00,1.48
1.392,697,0,0,512,510,384,0.124,11.25,208.00,1.39
1.394,698,0,0,510,508,384,0.109,11.26,209.00,1.23
1.396,699,0,0,511,509,385,0.124,11.25,209.00,1.39
1.398,700,0,0,512,508,385,0.117,11.26,212.00,1.32
1.400,701,0,0,512,509,385,0.109,11.26,209.00,1.23
1.402,702,0,0,511,509,384,0.124,11.26,211.00,1.40
1.404,703,0,0,511,509,383,0.109,11.26,211.00,1.23
1.406,704,0,0,511,511,384,0.124,11.27,214.00,1.40
1.408,705,0,0,512,509,383,0.117,11.26,211.00,1.32
1.410,706,0,0,511,509,384,0.117,11.26,209.00,1.32
1.412,707,0,0,513,510,384,0.109,11.26,211.00,1.23
1.414,708,0,0,512,509,384,0.124,11.26,212.00,1.40
1.416,709,0,0,512,509,385,0.117,11.26,209.00,1.32
1.418,710,0,0,512,510,384,0.117,11.26,209.00,1.32
1.420,711,0,0,512,510,384,0.117,11.26,209.00,1.32
1.422,712,0,0,512,511,383,0.131,11.26,211.00,1.48
1.424,713,0,0,511,509,385,0.117,11.26,211.00,1.32
1.426,714,0,0,510,508,385,0.117,11.27,211.00,1.32
1.428,715,0,0,511,510,384,0.124,11.26,212.00,1.40
1.430,716,0,0,511,511,383,0.117,11.26,212.00,1.32
1.432,717,0,0,514,510,384,0.124,11.26,209.00,1.40
1.434,718,0,0,512,509,384,0.117,11.28,211.00,1.32
1.436,719,0,0,512,509,385,0.109,11.26,209.00,1.23
1.438,720,0,0,512,511,384,0.109,11.26,211.00,1.23
1.440,721,0,0,512,509,384,0.109,11.27,211.00,1.23
1.442,722,0,0,512,510,384,0.117,11.27,211.00,1.32
1.444,723,0,0,511,509,383,0.124,11.27,211.00,1.40
1.446,724,0,0,513,511,382,0.124,11.26,212.00,1.40
1.448,725,0,0,512,508,385,0.131,11.26,211.00,1.47
1.450,726,0,0,512,509,385,0.124,11.27,209.00,1.40
1.452,727,0,0,512,509,384,0.124,11.26,209.00,1.40
1.454,728,0,0,512,510,385,0.124,11.27,211.00,1.40
1.456,729,0,0,512,509,384,0.109,11.26,212.00,1.23
1.458,730,0,0,511,509,384,0.124,11.26,211.00,1.40
1.460,731,0,0,512,509,385,0.117,11.26,209.00,1.32
1.462,732,0,0,513,509,383,0.117,11.27,214.00,1.32
1.464,733,0,0,516,511,384,0.124,11.27,211.00,1.40
1.466,734,0,0,512,509,384,0.117,11.27,211.00,1.32
1.468,735,0,0,511,509,386,0.124,11.26,209.00,1.40
1.470,736,0,0,512,511,383,0.124,11.26,209.00,1.40
1.472,737,0,0,510,510,384,0.124,11.26,211.00,1.40
1.474,738,0,0,513,509,385,0.117,11.26,209.00,1.32
1.476,739,0,0,512,511,384,0.124,11.26,211.00,1.40
1.478,740,0,0,513,511,383,0.131,11.28,212.00,1.48
1.480,741,0,0,512,510,384,0.124,11.26,208.00,1.40
1.482,742,0,0,512,511,383,0.117,11.27,212.00,1.32
1.484,743,0,0,513,510,383,0.124,11.26,209.00,1.40
1.486,744,0,0,512,510,382,0.117,11.27,212.00,1.32
1.488,745,0,0,512,510,383,0.124,11.27,211.00,1.40
1.490,746,0,0,513,510,385,0.124,11.26,211.00,1.40
1.492,747,0,0,513,511,384,0.124,11.27,208.00,1.40
1.494,748,0,0,513,511,385,0.109,11.26,212.00,1.23
1.496,749,0,0,515,514,384,0.117,11.27,212.00,1.32
1.498,750,0,0,511,509,386,0.117,11.26,211.00,1.32
1.500,751,0,0,512,509,385,0.109,11.26,211.00,1.23
1.502,752,0,0,512,510,384,0.124,11.27,211.00,1.40
1.504,753,0,0,512,509,384,0.117,11.26,208.00,1.32
1.506,754,0,0,513,510,383,0.124,11.26,212.00,1.40
1.508,755,0,0,513,511,384,0.124,11.27,212.00,1.40
1.510,756,0,0,512,510,385,0.117,11.27,212.00,1.32
1.512,757,0,0,511,509,384,0.117,11.26,209.00,1.32
1.514,758,0,0,511,509,384,0.109,11.26,211.00,1.23
1.516,759,0,0,510,508,386,0.124,11.26,209.00,1.40
1.518,760,0,0,512,511,382,0.117,11.27,214.00,1.32
1.520,761,0,0,512,511,383,0.117,11.26,209.00,1.32
1.522,762,0,0,512,509,384,0.117,11.26,211.00,1.32
1.524,763,0,0,513,510,382,0.117,11.26,211.00,1.32
1.526,764,0,0,512,512,382,0.131,11.29,214.00,1.48
1.528,765,0,0,509,508,384,0.109,11.27,209.00,1.23
1.530,766,0,0,512,512,384,0.109,11.26,211.00,1.23
1.532,767,0,0,511,509,384,0.109,11.26,211.00,1.23
1.534,768,0,0,511,509,385,0.124,11.27,211.00,1.40
1.536,769,0,0,513,510,385,0.117,11.26,209.00,1.32
1.538,770,0,0,512,509,384,0.109,11.25,212.00,1.23
1.540,771,0,0,513,511,383,0.124,11.26,211.00,1.40
1.542,772,0,0,510,509,385,0.102,11.26,211.00,1.15
1.544,773,0,0,515,511,385,0.117,11.26,209.00,1.32
1.546,774,0,0,512,510,383,0.124,11.27,211.00,1.40
1.548,775,0,0,512,509,384,0.117,11.27,211.00,1.32
1.550,776,0,0,512,512,383,0.124,11.26,209.00,1.40
1.552,777,0,0,512,509,384,0.117,11.27,211.00,1.32
1.554,778,0,0,511,509,385,0.117,11.27,212.00,1.32
1.556,779,0,0,511,509,384,0.117,11.27,211.00,1.32
1.558,780,0,0,511,511,383,0.109,11.26,212.00,1.23
1.560,781,0,0,514,511,384,0.124,11.26,212.00,1.40
1.562,782,0,0,511,509,384,0.117,11.26,211.00,1.32
1.564,783,0,0,513,510,384,0.124,11.26,211.00,1.40
1.566,784,0,0,513,511,384,0.124,11.26,211.00,1.40
1.568,785,0,0,511,509,384,0.117,11.26,209.00,1.32
1.570,786,0,0,512,511,383,0.109,11.26,211.00,1.23
1.572,787,0,0,512,509,384,0.117,11.26,212.00,1.32
1.574,788,0,0,513,510,383,0.124,11.28,212.00,1.40
1.576,789,0,0,517,510,385,0.109,11.26,212.00,1.23
1.578,790,0,0,512,510,384,0.124,11.27,211.00,1.40
1.580,791,0,0,511,510,384,0.117,11.27,211.00,1.32
1.582,792,0,0,512,510,383,0.117,11.27,211.00,1.32
1.584,793,0,0,512,510,383,0.131,11.28,212.00,1.48
1.586,794,0,0,512,509,385,0.124,11.26,209.00,1.40
1.588,795,0,0,511,509,385,0.124,11.26,208.00,1.40
1.590,796,0,0,513,512,384,0.117,11.27,211.00,1.32
1.592,797,0,0,514,513,384,0.117,11.26,215.00,1.32
1.594,798,0,0,512,509,385,0.117,11.27,212.00,1.32
1.596,799,0,0,512,510,384,0.117,11.27,214.00,1.32
1.598,800,0,0,512,511,384,0.117,11.26,209.00,1.32
1.600,801,0,0,511,510,384,0.124,11.27,212.00,1.40
1.602,802,0,0,512,511,384,0.117,11.26,211.00,1.32
1.604,803,0,0,512,510,384,0.124,11.27,212.00,1.40
1.606,804,0,0,511,510,384,0.131,11.27,211.00,1.48
1.608,805,0,0,512,509,384,0.124,11.26,209.00,1.40
1.610,806,0,0,512,511,385,0.117,11.26,211.00,1.32
1.612,807,0,0,512,510,384,0.124,11.27,211.00,1.40
1.614,808,0,0,512,509,383,0.124,11.27,211.00,1.40
1.616,809,0,0,512,511,384,0.117,11.26,212.00,1.32
1.618,810,0,0,513,510,383,0.117,11.28,212.00,1.32
1.620,811,0,0,512,510,385,0.124,11.27,212.00,1.40
1.622,812,0,0,512,511,384,0.117,11.27,211.00,1.32
1.624,813,0,0,512,509,385,0.117,11.26,211.00,1.32
1.626,814,0,0,511,509,384,0.124,11.27,211.00,1.40
1.628,815,0,0,512,511,384,0.124,11.26,212.00,1.40
1.630,816,0,0,512,511,384,0.131,11.27,211.00,1.48
1.632,817,0,0,512,510,384,0.124,11.27,211.00,1.40
1.634,818,0,0,510,509,384,0.131,11.27,209.00,1.48
1.636,819,0,0,512,510,382,0.117,11.28,212.00,1.32
1.638,820,0,0,511,510,384,0.102,11.26,209.00,1.15
1.640,821,0,0,513,510,383,0.124,11.26,212.00,1.40
1.642,822,0,0,512,511,384,0.124,11.28,214.00,1.40
1.644,823,0,0,511,507,385,0.124,11.27,211.00,1.40
1.646,824,0,0,511,508,384,0.124,11.26,209.00,1.40
1.648,825,0,0,512,512,384,0.109,11.26,211.00,1.23
1.650,826,0,0,512,510,383,0.139,11.29,212.00,1.57
1.652,827,0,0,512,511,382,0.117,11.27,212.00,1.32
1.654,828,0,0,513,511,381,0.139,11.28,214.00,1.57
1.656,829,0,0,515,508,383,0.131,11.26,212.00,1.48
1.658,830,0,0,514,511,385,0.124,11.27,209.00,1.40
1.660,831,0,0,512,511,383,0.117,11.27,212.00,1.32
1.662,832,0,0,511,509,384,0.124,11.26,211.00,1.40
1.664,833,0,0,510,509,385,0.109,11.26,211.00,1.23
1.666,834,0,0,512,510,383,0.109,11.26,214.00,1.23
1.668,835,0,0,512,510,383,0.124,11.28,214.00,1.40
1.670,836,0,0,512,509,385,0.117,11.26,211.00,1.32
1.672,837,0,0,516,508,383,0.117,11.26,212.00,1.32
1.674,838,0,0,512,511,382,0.124,11.27,214.00,1.40
1.676,839,0,0,513,511,382,0.117,11.27,211.00,1.32
1.678,840,0,0,509,508,384,0.109,11.26,209.00,1.23
1.680,841,0,0,513,510,384,0.109,11.26,212.00,1.23
1.682,842,0,0,512,508,383,0.117,11.26,212.00,1.32
1.684,843,0,0,512,509,385,0.109,11.26,212.00,1.23
1.686,844,0,0,513,511,383,0.124,11.26,212.00,1.40
1.688,845,0,0,513,512,384,0.131,11.28,214.00,1.48
1.690,846,0,0,512,510,381,0.131,11.27,214.00,1.48
1.692,847,0,0,512,510,383,0.117,11.27,214.00,1.32
1.694,848,0,0,511,510,383,0.117,11.26,211.00,1.32
1.696,849,0,0,510,509,385,0.124,11.26,211.00,1.40
1.698,850,0,0,513,511,384,0.117,11.26,211.00,1.32
1.700,851,0,0,510,508,384,0.117,11.27,211.00,1.32
1.702,852,0,0,511,510,384,0.117,11.26,212.00,1.32
1.704,853,0,0,513,509,385,0.117,11.26,214.00,1.32
1.706,854,0,0,512,511,384,0.124,11.27,212.00,1.40
1.708,855,0,0,510,509,384,0.109,11.26,209.00,1.23
1.710,856,0,0,512,509,383,0.117,11.26,211.00,1.32
1.712,857,0,0,511,510,383,0.117,11.26,212.00,1.32
1.714,858,0,0,512,510,382,0.117,11.26,211.00,1.32
1.716,859,0,0,513,512,383,0.124,11.28,214.00,1.40
1.718,860,0,0,512,511,382,0.124,11.26,214.00,1.40
1.720,861,0,0,513,508,384,0.124,11.27,211.00,1.40
1.722,862,0,0,513,511,383,0.117,11.26,214.00,1.32
1.724,863,0,0,513,511,384,0.109,11.28,215.00,1.23
1.726,864,0,0,511,509,384,0.124,11.27,209.00,1.40
1.728,865,0,0,511,509,383,0.117,11.26,212.00,1.32
1.730,866,0,0,512,511,383,0.117,11.27,214.00,1.32
1.732,867,0,0,512,510,384,0.117,11.27,212.00,1.32
1.734,868,0,0,511,511,383,0.131,11.27,212.00,1.48
1.736,869,0,0,513,512,384,0.117,11.27,214.00,1.32
1.738,870,0,0,513,510,383,0.117,11.27,212.00,1.32
1.740,871,0,0,512,509,385,0.124,11.28,211.00,1.40
1.742,872,0,0,513,511,385,0.117,11.26,209.00,1.32
1.744,873,0,0,512,511,384,0.124,11.27,214.00,1.40
1.746,874,0,0,513,509,384,0.124,11.28,212.00,1.40
1.748,875,0,0,513,511,384,0.124,11.28,211.00,1.40
1.750,876,0,0,513,511,383,0.124,11.29,214.00,1.40
1.752,877,0,0,513,510,387,0.109,11.26,211.00,1.23
1.754,878,0,0,512,510,383,0.131,11.27,212.00,1.48
1.756,879,0,0,513,512,383,0.139,11.27,214.00,1.57
1.758,880,0,0,511,510,385,0.117,11.27,209.00,1.32
1.760,881,0,0,511,510,382,0.131,11.27,212.00,1.48
1.762,882,0,0,512,510,384,0.124,11.27,212.00,1.40
1.764,883,0,0,511,508,384,0.117,11.27,211.00,1.32
1.766,884,0,0,512,510,384,0.117,11.27,211.00,1.32
1.768,885,0,0,513,512,382,0.109,11.27,215.00,1.23
1.770,886,0,0,512,510,383,0.124,11.27,212.00,1.40
1.772,887,0,0,513,511,384,0.124,11.28,212.00,1.40
1.774,888,0,0,512,510,382,0.146,11.28,212.00,1.65
1.776,889,0,0,511,510,384,0.117,11.27,212.00,1.32
1.778,890,0,0,512,511,383,0.124,11.26,212.00,1.40
1.780,891,0,0,512,511,383,0.124,11.28,212.00,1.40
1.782,892,0,0,511,509,385,0.131,11.28,211.00,1.48
1.784,893,0,0,513,511,381,0.131,11.28,211.00,1.48
1.786,894,0,0,512,511,384,0.117,11.27,214.00,1.32
1.788,895,0,0,512,511,382,0.124,11.26,212.00,1.40
1.790,896,0,0,514,509,383,0.117,11.27,211.00,1.32
1.792,897,0,0,511,511,384,0.124,11.27,212.00,1.40
1.794,898,0,0,512,509,384,0.131,11.28,211.00,1.48
1.796,899,0,0,511,510,384,0.117,11.27,214.00,1.32
1.798,900,0,0,512,509,385,0.117,11.26,209.00,1.32
1.800,901,0,0,514,510,383,0.109,11.26,212.00,1.23
1.802,902,0,0,510,509,383,0.124,11.27,209.00,1.40
1.804,903,0,0,512,511,384,0.124,11.28,212.00,1.40
1.806,904,0,0,512,511,384,0.124,11.27,212.00,1.40
1.808,905,0,0,513,511,382,0.124,11.27,212.00,1.40
1.810,906,0,0,511,509,385,0.124,11.28,211.00,1.40
1.812,907,0,0,512,510,385,0.117,11.26,211.00,1.32
1.814,908,0,0,512,511,384,0.124,11.27,212.00,1.40
1.816,909,0,0,514,510,382,0.124,11.28,214.00,1.40
1.818,910,0,0,512,510,386,0.117,11.26,212.00,1.32
1.820,911,0,0,513,510,384,0.124,11.27,212.00,1.40
1.822,912,0,0,512,509,385,0.102,11.26,211.00,1.15
1.824,913,0,0,512,511,383,0.124,11.27,214.00,1.40
1.826,914,0,0,512,510,383,0.117,11.27,212.00,1.32
1.828,915,0,0,513,510,382,0.139,11.27,211.00,1.57
1.830,916,0,0,511,510,385,0.124,11.27,212.00,1.40
1.832,917,0,0,512,509,383,0.117,11.27,212.00,1.32
1.834,918,0,0,512,510,383,0.124,11.28,214.00,1.40
1.836,919,0,0,512,510,383,0.124,11.28,212.00,1.40
1.838,920,0,0,513,510,384,0.117,11.26,212.00,1.32
1.840,921,0,0,511,510,383,0.124,11.28,212.00,1.40
1.842,922,0,0,513,510,383,0.124,11.28,214.00,1.40
1.844,923,0,0,512,512,384,0.117,11.29,214.00,1.32
1.846,924,0,0,512,510,384,0.124,11.27,211.00,1.40
1.848,925,0,0,513,511,385,0.124,11.27,212.00,1.40
1.850,926,0,0,512,510,384,0.124,11.27,212.00,1.40
1.852,927,0,0,512,512,382,0.131,11.28,212.00,1.48
1.854,928,0,0,511,510,385,0.124,11.27,211.00,1.40
1.856,929,0,0,511,509,385,0.117,11.27,212.00,1.32
1.858,930,0,0,513,511,382,0.124,11.27,214.00,1.40
1.860,931,0,0,512,511,382,0.117,11.29,214.00,1.32
1.862,932,0,0,511,510,383,0.124,11.27,211.00,1.40
1.864,933,0,0,512,511,384,0.124,11.27,214.00,1.40
1.866,934,0,0,512,510,383,0.124,11.28,212.00,1.40
1.868,935,0,0,512,510,382,0.146,11.28,211.00,1.65
1.870,936,0,0,511,508,384,0.131,11.27,209.00,1.48
1.872,937,0,0,512,509,384,0.117,11.27,211.00,1.32
1.874,938,0,0,513,509,384,0.124,11.26,211.00,1.40
1.876,939,0,0,512,510,382,0.131,11.27,212.00,1.48
1.878,940,0,0,513,512,384,0.124,11.26,212.00,1.40
1.880,941,0,0,512,510,380,0.131,11.28,212.00,1.48
1.882,942,0,0,514,511,382,0.124,11.28,214.00,1.40
1.884,943,0,0,514,511,382,0.117,11.28,214.00,1.32
1.886,944,0,0,512,511,382,0.124,11.28,212.00,1.40
1.888,945,0,0,513,512,383,0.124,11.28,214.00,1.40
1.890,946,0,0,514,511,383,0.117,11.28,212.00,1.32
1.892,947,0,0,512,510,383,0.117,11.27,212.00,1.32
1.894,948,0,0,512,510,382,0.124,11.26,214.00,1.40
1.896,949,0,0,512,511,383,0.131,11.29,212.00,1.48
1.898,950,0,0,511,510,384,0.117,11.28,212.00,1.32
1.900,951,0,0,512,511,382,0.131,11.28,214.00,1.48
1.902,952,0,0,513,511,382,0.117,11.26,212.00,1.32
1.904,953,0,0,513,510,382,0.117,11.28,214.00,1.32
1.906,954,0,0,511,508,384,0.117,11.27,209.00,1.32
1.908,955,0,0,513,511,383,0.131,11.27,214.00,1.48
1.910,956,0,0,513,511,383,0.124,11.28,212.00,1.40
1.912,957,0,0,514,510,385,0.124,11.26,211.00,1.40
1.914,958,0,0,512,510,382,0.131,11.27,214.00,1.48
1.916,959,0,0,512,511,382,0.117,11.29,212.00,1.32
1.918,960,0,0,512,509,384,0.124,11.27,209.00,1.40
1.920,961,0,0,512,511,382,0.124,11.27,212.00,1.40
1.922,962,0,0,513,510,383,0.117,11.28,212.00,1.32
1.924,963,0,0,512,511,382,0.124,11.28,215.00,1.40
1.926,964,0,0,512,511,383,0.124,11.29,212.00,1.40
1.928,965,0,0,513,510,381,0.124,11.29,214.00,1.40
1.930,966,0,0,513,508,386,0.117,11.26,211.00,1.32
1.932,967,0,0,513,511,382,0.131,11.27,211.00,1.48
1.934,968,0,0,513,511,383,0.117,11.28,214.00,1.32
1.936,969,0,0,513,509,384,0.117,11.27,212.00,1.32
1.938,970,0,0,512,510,383,0.117,11.26,211.00,1.32
1.940,971,0,0,512,510,382,0.117,11.27,212.00,1.32
1.942,972,0,0,512,510,385,0.117,11.26,209.00,1.32
1.944,973,0,0,513,510,383,0.124,11.27,212.00,1.40
1.946,974,0,0,512,511,381,0.117,11.29,214.00,1.32
1.948,975,0,0,513,509,384,0.117,11.27,211.00,1.32
1.950,976,0,0,509,509,385,0.109,11.26,211.00,1.23
1.952,977,0,0,512,511,383,0.131,11.28,214.00,1.48
1.954,978,0,0,511,509,384,0.117,11.27,209.00,1.32
1.956,979,0,0,512,510,381,0.131,11.26,212.00,1.48
1.958,980,0,0,513,511,381,0.117,11.27,215.00,1.32
1.960,981,0,0,513,511,382,0.117,11.28,214.00,1.32
1.962,982,0,0,512,510,382,0.124,11.27,212.00,1.40
1.964,983,0,0,512,511,380,0.131,11.29,215.00,1.48
1.966,984,0,0,512,509,383,0.124,11.27,212.00,1.40
1.968,985,0,0,513,510,383,0.117,11.27,212.00,1.32
1.970,986,0,0,512,511,383,0.124,11.27,211.00,1.40
1.972,987,0,0,512,510,384,0.124,11.27,212.00,1.40
1.974,988,0,0,513,508,383,0.117,11.26,209.00,1.32
1.976,989,0,0,512,510,383,0.117,11.26,209.00,1.32
1.978,990,0,0,513,511,382,0.124,11.27,211.00,1.40
1.980,991,0,0,510,509,384,0.131,11.27,211.00,1.48
1.982,992,0,0,511,509,384,0.109,11.26,212.00,1.23
1.984,993,0,0,512,509,384,0.124,11.26,212.00,1.40
1.986,994,0,0,512,509,383,0.131,11.27,211.00,1.48
1.988,995,0,0,513,510,384,0.124,11.28,211.00,1.40
1.990,996,0,0,513,511,384,0.131,11.27,211.00,1.48
1.992,997,0,0,512,511,383,0.131,11.28,211.00,1.48
1.994,998,0,0,513,510,382,0.117,11.28,212.00,1.32
1.996,999,0,0,512,508,382,0.131,11.27,209.00,1.48
1.998,1000,0,0,512,509,382,0.124,11.27,214.00,1.40
2.000,1001,0,0,514,511,383,0.109,11.27,214.00,1.23
2.002,1002,0,0,513,511,383,0.124,11.29,212.00,1.40
2.004,1003,0,0,514,511,383,0.131,11.27,214.00,1.48
2.006,1004,0,0,510,509,383,0.131,11.27,211.00,1.48
2.008,1005,0,0,513,508,385,0.131,11.28,209.00,1.48
2.010,1006,0,0,510,509,385,0.117,11.27,211.00,1.32
2.012,1007,0,0,511,509,384,0.124,11.27,211.00,1.40
2.014,1008,0,0,513,509,383,0.124,11.27,211.00,1.40
2.016,1009,0,0,513,511,382,0.124,11.27,212.00,1.40
2.018,1010,0,0,513,510,383,0.124,11.28,211.00,1.40
2.020,1011,0,0,510,510,384,0.117,11.27,209.00,1.32
2.022,1012,0,0,513,510,385,0.131,11.27,211.00,1.48
2.024,1013,0,0,509,506,384,0.131,11.27,209.00,1.48
2.026,1014,0,0,513,510,384,0.124,11.27,211.00,1.40
2.028,1015,0,0,513,511,382,0.131,11.27,214.00,1.48
2.030,1016,0,0,511,510,382,0.124,11.28,214.00,1.40
2.032,1017,0,0,512,511,382,0.131,11.28,214.00,1.48
2.034,1018,0,0,514,513,381,0.131,11.27,214.00,1.48
2.036,1019,0,0,512,510,383,0.124,11.27,211.00,1.40
2.038,1020,0,0,512,510,384,0.131,11.28,209.00,1.48
2.040,1021,0,0,513,511,381,0.131,11.28,212.00,1.48
2.042,1022,0,0,513,511,383,0.124,11.26,212.00,1.40
2.044,1023,0,0,512,511,382,0.131,11.27,212.00,1.48
2.046,1024,0,0,513,510,384,0.117,11.27,212.00,1.32
2.048,1025,0,0,513,510,385,0.109,11.26,212.00,1.23
2.050,1026,0,0,513,509,383,0.117,11.26,209.00,1.32
2.052,1027,0,0,512,511,383,0.139,11.28,214.00,1.57
2.054,1028,0,0,513,512,382,0.117,11.28,212.00,1.32
2.056,1029,0,0,512,509,384,0.117,11.27,209.00,1.32
2.058,1030,0,0,512,509,384,0.124,11.27,212.00,1.40
2.060,1031,0,0,512,508,382,0.117,11.26,209.00,1.32
2.062,1032,0,0,512,510,385,0.131,11.27,212.00,1.48
2.064,1033,0,0,514,509,384,0.117,11.27,209.00,1.32
2.066,1034,0,0,512,510,384,0.117,11.26,209.00,1.32
2.068,1035,0,0,511,510,383,0.117,11.26,211.00,1.32
2.070,1036,0,0,511,509,382,0.117,11.27,211.00,1.32
2.072,1037,0,0,512,511,383,0.109,11.27,214.00,1.23
2.074,1038,0,0,512,509,384,0.139,11.28,209.00,1.57
2.076,1039,0,0,513,509,384,0.131,11.28,212.00,1.48
2.078,1040,0,0,510,508,384,0.117,11.26,209.00,1.32
2.080,1041,0,0,511,511,383,0.124,11.28,212.00,1.40
2.082,1042,0,0,512,511,384,0.124,11.26,211.00,1.40
2.084,1043,0,0,513,509,384,0.124,11.27,209.00,1.40
2.086,1044,0,0,512,510,384,0.124,11.26,209.00,1.40
2.088,1045,0,0,511,508,382,0.124,11.27,211.00,1.40
2.090,1046,0,0,511,509,383,0.124,11.28,212.00,1.40
2.092,1047,0,0,512,511,383,0.124,11.27,212.00,1.40
2.094,1048,0,0,512,511,383,0.109,11.26,211.00,1.23
2.096,1049,0,0,513,512,383,0.131,11.27,212.00,1.48
2.098,1050,0,0,512,508,384,0.117,11.26,209.00,1.32
2.100,1051,0,0,511,509,383,0.117,11.26,211.00,1.32
2.102,1052,0,0,511,510,384,0.109,11.26,211.00,1.23
2.104,1053,0,0,508,507,385,0.117,11.26,209.00,1.32
2.106,1054,0,0,512,510,383,0.117,11.26,211.00,1.32
2.108,1055,0,0,513,509,384,0.109,11.26,211.00,1.23
2.110,1056,0,0,512,511,384,0.139,11.29,211.00,1.57
2.112,1057,0,0,513,508,384,0.109,11.26,209.00,1.23
2.114,1058,0,0,511,509,382,0.117,11.26,212.00,1.32
2.116,1059,0,0,513,511,384,0.117,11.27,211.00,1.32
2.118,1060,0,0,512,510,384,0.117,11.27,211.00,1.32
2.120,1061,0,0,512,508,383,0.109,11.26,206.00,1.23
2.122,1062,0,0,512,509,384,0.109,11.26,209.00,1.23
2.124,1063,0,0,512,511,382,0.124,11.28,209.00,1.40
2.126,1064,0,0,513,510,384,0.117,11.27,211.00,1.32
2.128,1065,0,0,513,510,383,0.124,11.28,214.00,1.40
2.130,1066,0,0,513,511,382,0.131,11.27,212.00,1.48
2.132,1067,0,0,510,509,383,0.124,11.27,211.00,1.40
2.134,1068,0,0,513,509,384,0.124,11.26,209.00,1.40
2.136,1069,0,0,510,507,384,0.117,11.26,209.00,1.32
2.138,1070,0,0,513,511,382,0.131,11.27,212.00,1.48
2.140,1071,0,0,511,508,385,0.124,11.27,211.00,1.40
2.142,1072,0,0,512,512,385,0.117,11.26,211.00,1.32
2.144,1073,0,0,511,510,382,0.131,11.26,211.00,1.48
2.146,1074,0,0,513,510,383,0.131,11.26,212.00,1.48
2.148,1075,0,0,511,509,383,0.109,11.26,211.00,1.23
2.150,1076,0,0,513,511,384,0.124,11.27,209.00,1.40
2.152,1077,0,0,510,507,383,0.117,11.27,208.00,1.32
2.154,1078,0,0,512,509,384,0.124,11.27,209.00,1.40
2.156,1079,0,0,512,510,382,0.117,11.27,211.00,1.32
2.158,1080,0,0,513,511,382,0.131,11.28,214.00,1.48
2.160,1081,0,0,512,510,384,0.131,11.27,209.00,1.48
2.162,1082,0,0,512,509,384,0.117,11.27,211.00,1.32
2.164,1083,0,0,512,511,384,0.109,11.26,212.00,1.23
2.166,1084,0,0,512,510,383,0.124,11.26,212.00,1.40
2.168,1085,0,0,510,507,385,0.117,11.25,206.00,1.32
2.170,1086,0,0,512,510,382,0.124,11.27,212.00,1.40
2.172,1087,0,0,511,511,383,0.124,11.27,209.00,1.40
2.174,1088,0,0,514,510,382,0.139,11.27,212.00,1.57
2.176,1089,0,0,512,510,384,0.117,11.26,209.00,1.32
2.178,1090,0,0,512,511,382,0.124,11.27,211.00,1.40
2.180,1091,0,0,513,511,385,0.124,11.26,212.00,1.40
2.182,1092,0,0,512,510,381,0.117,11.29,214.00,1.32
2.184,1093,0,0,512,509,382,0.124,11.28,211.00,1.40
2.186,1094,0,0,512,511,384,0.124,11.27,211.00,1.40
2.188,1095,0,0,512,510,384,0.117,11.26,211.00,1.32
2.190,1096,0,0,511,509,385,0.124,11.27,211.00,1.40
2.192,1097,0,0,512,509,382,0.117,11.26,211.00,1.32
2.194,1098,0,0,513,510,383,0.124,11.26,212.00,1.40
2.196,1099,0,0,513,510,383,0.117,11.26,211.00,1.32
2.198,1100,0,0,512,510,382,0.124,11.27,211.00,1.40
2.200,1101,0,0,510,508,383,0.124,11.26,209.00,1.40
2.202,1102,0,0,512,509,384,0.117,11.26,209.00,1.32
2.204,1103,0,0,511,509,382,0.117,11.26,212.00,1.32
2.206,1104,0,0,513,511,382,0.131,11.27,214.00,1.48
2.208,1105,0,0,512,509,383,0.117,11.27,211.00,1.32
2.210,1106,0,0,511,508,384,0.117,11.26,209.00,1.32
2.212,1107,0,0,512,509,383,0.124,11.27,212.00,1.40
2.214,1108,0,0,511,508,383,0.124,11.26,211.00,1.40
2.216,1109,0,0,511,508,384,0.124,11.26,208.00,1.40
2.218,1110,0,0,512,511,384,0.124,11.26,211.00,1.40
2.220,1111,0,0,513,510,383,0.131,11.28,212.00,1.48
2.222,1112,0,0,512,511,381,0.139,11.28,214.00,1.57
2.224,1113,0,0,512,510,383,0.131,11.26,211.00,1.47
2.226,1114,0,0,511,508,384,0.117,11.27,209.00,1.32
2.228,1115,0,0,510,508,382,0.109,11.26,211.00,1.23
2.230,1116,0,0,513,511,383,0.124,11.27,211.00,1.40
2.232,1117,0,0,510,508,383,0.117,11.26,209.00,1.32
2.234,1118,0,0,510,509,384,0.124,11.26,209.00,1.40
2.236,1119,0,0,513,508,383,0.117,11.26,211.00,1.32
2.238,1120,0,0,512,510,384,0.117,11.26,211.00,1.32
2.240,1121,0,0,512,509,383,0.102,11.27,212.00,1.15
2.242,1122,0,0,511,509,384,0.117,11.28,211.00,1.32
2.244,1123,0,0,512,511,383,0.131,11.28,211.00,1.48
2.246,1124,0,0,512,508,384,0.124,11.26,212.00,1.40
2.248,1125,0,0,509,508,384,0.109,11.26,208.00,1.23
2.250,1126,0,0,511,509,385,0.124,11.26,209.00,1.40
2.252,1127,0,0,510,509,383,0.124,11.26,211.00,1.40
2.254,1128,0,0,513,509,383,0.131,11.28,209.00,1.48
2.256,1129,0,0,511,509,384,0.117,11.26,209.00,1.32
2.258,1130,0,0,512,510,384,0.124,11.27,211.00,1.40
2.260,1131,0,0,512,509,383,0.117,11.26,211.00,1.32
2.262,1132,0,0,511,510,383,0.131,11.29,212.00,1.48
2.264,1133,0,0,510,509,384,0.139,11.27,209.00,1.57
2.266,1134,0,0,510,509,385,0.131,11.26,208.00,1.48
2.268,1135,0,0,511,509,384,0.124,11.27,209.00,1.40
2.270,1136,0,0,513,510,382,0.124,11.27,211.00,1.40
2.272,1137,0,0,512,508,384,0.117,11.26,209.00,1.32
2.274,1138,0,0,512,510,385,0.109,11.26,211.00,1.23
2.276,1139,0,0,513,511,383,0.139,11.27,212.00,1.57
2.278,1140,0,0,512,511,383,0.131,11.28,211.00,1.48
2.280,1141,0,0,512,509,384,0.131,11.27,208.00,1.48
2.282,1142,0,0,512,511,385,0.124,11.27,209.00,1.40
2.284,1143,0,0,512,511,384,0.117,11.27,212.00,1.32
2.286,1144,0,0,513,510,385,0.124,11.27,211.00,1.40
2.288,1145,0,0,512,510,382,0.124,11.28,212.00,1.40
2.290,1146,0,0,511,511,382,0.117,11.28,212.00,1.32
2.292,1147,0,0,509,508,385,0.124,11.26,209.00,1.40
2.294,1148,0,0,512,510,384,0.117,11.27,211.00,1.32
2.296,1149,0,0,510,508,384,0.117,11.26,208.00,1.32
2.298,1150,0,0,510,508,385,0.117,11.26,209.00,1.32
2.300,1151,0,0,512,510,382,0.117,11.27,212.00,1.32
2.302,1152,0,0,513,510,382,0.124,11.27,211.00,1.40
2.304,1153,0,0,511,509,384,0.117,11.27,211.00,1.32
2.306,1154,0,0,512,510,385,0.124,11.26,209.00,1.40
2.308,1155,0,0,511,510,383,0.124,11.27,209.00,1.40
2.310,1156,0,0,512,511,383,0.124,11.27,211.00,1.40
2.312,1157,0,0,510,507,384,0.124,11.26,208.00,1.40
2.314,1158,0,0,513,511,384,0.124,11.27,211.00,1.40
2.316,1159,0,0,512,510,383,0.124,11.26,211.00,1.40
2.318,1160,0,0,510,509,384,0.117,11.26,212.00,1.32
2.320,1161,0,0,511,510,383,0.124,11.27,211.00,1.40
2.322,1162,0,0,512,510,382,0.131,11.27,211.00,1.48
2.324,1163,0,0,512,510,383,0.117,11.27,211.00,1.32
2.326,1164,0,0,511,509,384,0.124,11.26,208.00,1.40
2.328,1165,0,0,509,507,383,0.117,11.27,208.00,1.32
2.330,1166,0,0,512,510,383,0.124,11.26,209.00,1.40
2.332,1167,0,0,511,509,384,0.117,11.27,208.00,1.32
2.334,1168,0,0,513,509,383,0.124,11.26,209.00,1.40
2.336,1169,0,0,512,510,383,0.124,11.26,211.00,1.40
2.338,1170,0,0,511,510,384,0.124,11.26,212.00,1.40
2.340,1171,0,0,512,510,384,0.117,11.26,209.00,1.32
2.342,1172,0,0,513,510,383,0.117,11.26,211.00,1.32
2.344,1173,0,0,515,512,385,0.124,11.26,211.00,1.40
2.346,1174,0,0,511,509,384,0.117,11.27,209.00,1.32
2.348,1175,0,0,512,509,384,0.109,11.26,208.00,1.23
2.350,1176,0,0,511,511,384,0.124,11.27,209.00,1.40
2.352,1177,0,0,511,509,383,0.117,11.28,211.00,1.32
2.354,1178,0,0,512,509,384,0.131,11.27,212.00,1.48
2.356,1179,0,0,513,509,384,0.109,11.26,212.00,1.23
2.358,1180,0,0,512,511,383,0.117,11.26,211.00,1.32
2.360,1181,0,0,513,510,385,0.109,11.26,211.00,1.23
2.362,1182,0,0,511,508,384,0.102,11.26,209.00,1.15
2.364,1183,0,0,512,509,383,0.124,11.27,211.00,1.40
2.366,1184,0,0,511,511,383,0.109,11.26,212.00,1.23
2.368,1185,0,0,510,509,385,0.109,11.27,211.00,1.23
2.370,1186,0,0,513,511,383,0.124,11.26,211.00,1.40
2.372,1187,0,0,512,510,382,0.131,11.26,211.00,1.48
2.374,1188,0,0,510,509,383,0.117,11.26,211.00,1.32
2.376,1189,0,0,514,509,384,0.117,11.26,211.00,1.32
2.378,1190,0,0,513,511,383,0.124,11.26,211.00,1.40
2.380,1191,0,0,511,510,383,0.117,11.26,211.00,1.32
2.382,1192,0,0,511,508,384,0.117,11.27,208.00,1.32
2.384,1193,0,0,510,508,383,0.117,11.27,211.00,1.32
2.386,1194,0,0,510,508,385,0.117,11.26,209.00,1.32
2.388,1195,0,0,511,511,383,0.102,11.25,211.00,1.15
2.390,1196,0,0,512,511,382,0.139,11.26,211.00,1.57
2.392,1197,0,0,510,509,384,0.109,11.26,209.00,1.23
2.394,1198,0,0,510,508,384,0.124,11.27,211.00,1.40
2.396,1199,0,0,511,510,383,0.117,11.26,211.00,1.32
2.398,1200,0,0,512,509,383,0.124,11.26,209.00,1.40
2.400,1201,0,0,509,507,385,0.124,11.26,208.00,1.40
2.402,1202,0,0,512,510,382,0.124,11.28,214.00,1.40
2.404,1203,0,0,510,508,385,0.109,11.26,209.00,1.23
2.406,1204,0,0,512,510,384,0.117,11.26,209.00,1.32
2.408,1205,0,0,509,509,385,0.124,11.26,208.00,1.40
2.410,1206,0,0,511,510,383,0.124,11.27,212.00,1.40
2.412,1207,0,0,511,510,384,0.117,11.26,209.00,1.32
2.414,1208,0,0,512,510,383,0.124,11.27,212.00,1.40
2.416,1209,0,0,512,510,383,0.124,11.26,211.00,1.40
2.418,1210,0,0,513,510,382,0.131,11.26,212.00,1.48
2.420,1211,0,0,511,508,384,0.117,11.27,211.00,1.32
2.422,1212,0,0,511,509,384,0.124,11.27,209.00,1.40
2.424,1213,0,0,512,509,387,0.117,11.26,208.00,1.32
2.426,1214,0,0,513,511,384,0.117,11.26,209.00,1.32
2.428,1215,0,0,511,511,383,0.117,11.28,211.00,1.32
2.430,1216,0,0,510,509,385,0.124,11.26,208.00,1.40
2.432,1217,0,0,512,510,383,0.117,11.27,214.00,1.32
2.434,1218,0,0,511,511,382,0.124,11.27,212.00,1.40
2.436,1219,0,0,513,511,382,0.124,11.26,212.00,1.40
2.438,1220,0,0,510,509,384,0.124,11.26,209.00,1.40
2.440,1221,0,0,509,508,385,0.131,11.26,206.00,1.47
2.442,1222,0,0,511,509,385,0.124,11.26,211.00,1.40
2.444,1223,0,0,510,508,384,0.124,11.26,208.00,1.40
2.446,1224,0,0,512,510,385,0.109,11.26,208.00,1.23
2.448,1225,0,0,512,510,383,0.109,11.28,214.00,1.23
2.450,1226,0,0,511,508,385,0.117,11.26,211.00,1.32
2.452,1227,0,0,512,509,383,0.117,11.26,211.00,1.32
2.454,1228,0,0,511,511,384,0.117,11.27,211.00,1.32
2.456,1229,0,0,512,510,383,0.124,11.27,211.00,1.40
2.458,1230,0,0,510,510,384,0.124,11.28,209.00,1.40
2.460,1231,0,0,511,508,384,0.124,11.27,211.00,1.40
2.462,1232,0,0,510,508,384,0.124,11.26,208.00,1.40
2.464,1233,0,0,510,509,385,0.124,11.26,208.00,1.40
2.466,1234,0,0,512,509,383,0.117,11.26,212.00,1.32
2.468,1235,0,0,509,508,383,0.124,11.27,211.00,1.40
2.470,1236,0,0,512,510,382,0.117,11.28,211.00,1.32
2.472,1237,0,0,513,510,384,0.124,11.27,209.00,1.40
2.474,1238,0,0,512,509,384,0.124,11.26,211.00,1.40
2.476,1239,0,0,510,509,384,0.131,11.26,208.00,1.47
2.478,1240,0,0,512,509,385,0.124,11.27,211.00,1.40
2.480,1241,0,0,512,509,384,0.124,11.26,211.00,1.40
2.482,1242,0,0,512,509,382,0.124,11.28,214.00,1.40
2.484,1243,0,0,510,508,384,0.124,11.27,209.00,1.40
2.486,1244,0,0,512,509,384,0.117,11.27,212.00,1.32
2.488,1245,0,0,514,509,383,0.109,11.26,211.00,1.23
2.490,1246,0,0,512,510,382,0.124,11.28,212.00,1.40
2.492,1247,0,0,510,508,384,0.109,11.27,212.00,1.23
2.494,1248,0,0,511,510,383,0.131,11.28,212.00,1.48
2.496,1249,0,0,511,511,384,0.117,11.26,211.00,1.32
2.498,1250,0,0,512,510,385,0.131,11.26,209.00,1.48
2.500,1251,0,0,510,508,384,0.117,11.26,211.00,1.32
2.502,1252,0,0,513,509,383,0.117,11.27,211.00,1.32
2.504,1253,0,0,513,512,385,0.124,11.27,212.00,1.40
2.506,1254,0,0,510,508,384,0.124,11.26,209.00,1.40
2.508,1255,0,0,512,509,384,0.117,11.26,212.00,1.32
2.510,1256,0,0,512,510,385,0.102,11.25,208.00,1.15
2.512,1257,0,0,512,510,384,0.109,11.27,212.00,1.23
2.514,1258,0,0,511,510,384,0.124,11.26,209.00,1.40
2.516,1259,0,0,510,508,383,0.117,11.26,211.00,1.32
2.518,1260,0,0,511,511,383,0.117,11.26,212.00,1.32
2.520,1261,0,0,511,508,385,0.124,11.27,209.00,1.40
2.522,1262,0,0,513,510,383,0.117,11.26,212.00,1.32
2.524,1263,0,0,510,509,383,0.109,11.26,212.00,1.23
2.526,1264,0,0,512,510,385,0.117,11.27,212.00,1.32
2.528,1265,0,0,511,508,384,0.102,11.26,211.00,1.15
2.530,1266,0,0,512,507,383,0.117,11.26,211.00,1.32
2.532,1267,0,0,513,510,382,0.117,11.26,212.00,1.32
2.534,1268,0,0,510,508,383,0.124,11.26,209.00,1.40
2.536,1269,0,0,515,508,383,0.124,11.27,212.00,1.40
2.538,1270,0,0,512,509,382,0.117,11.26,212.00,1.32
2.540,1271,0,0,511,509,384,0.117,11.27,211.00,1.32
2.542,1272,0,0,511,510,383,0.117,11.26,212.00,1.32
2.544,1273,0,0,511,509,384,0.117,11.28,212.00,1.32
2.546,1274,0,0,511,509,383,0.117,11.27,212.00,1.32
2.548,1275,0,0,512,511,383,0.117,11.26,211.00,1.32
2.550,1276,0,0,511,511,383,0.124,11.27,212.00,1.40
2.552,1277,0,0,515,511,384,0.117,11.27,215.00,1.32
2.554,1278,0,0,510,508,384,0.117,11.26,211.00,1.32
2.556,1279,0,0,512,510,383,0.124,11.27,212.00,1.40
2.558,1280,0,0,512,511,382,0.117,11.27,214.00,1.32
2.560,1281,0,0,511,510,385,0.117,11.27,211.00,1.32
2.562,1282,0,0,512,511,383,0.117,11.26,212.00,1.32
2.564,1283,0,0,511,510,384,0.109,11.28,212.00,1.23
2.566,1284,0,0,511,509,385,0.117,11.27,211.00,1.32
2.568,1285,0,0,512,509,384,0.124,11.27,211.00,1.40
2.570,1286,0,0,511,510,383,0.109,11.26,211.00,1.23
2.572,1287,0,0,512,509,384,0.117,11.27,212.00,1.32
2.574,1288,0,0,509,508,385,0.117,11.27,208.00,1.32
2.576,1289,0,0,512,510,383,0.124,11.27,212.00,1.40
2.578,1290,0,0,513,511,382,0.139,11.28,212.00,1.57
2.580,1291,0,0,512,510,384,0.117,11.28,212.00,1.32
2.582,1292,0,0,511,509,384,0.117,11.26,211.00,1.32
2.584,1293,0,0,514,509,383,0.124,11.26,214.00,1.40
2.586,1294,0,0,512,511,384,0.117,11.26,211.00,1.32
2.588,1295,0,0,512,509,382,0.117,11.27,214.00,1.32
2.590,1296,0,0,510,509,383,0.124,11.27,209.00,1.40
2.592,1297,0,0,513,510,383,0.124,11.27,212.00,1.40
2.594,1298,0,0,511,511,382,0.117,11.26,212.00,1.32
2.596,1299,0,0,511,511,384,0.117,11.28,212.00,1.32
2.598,1300,0,0,511,509,384,0.124,11.26,211.00,1.40
2.600,1301,0,0,511,509,388,0.117,11.26,209.00,1.32
2.602,1302,0,0,512,509,384,0.124,11.27,212.00,1.40
2.604,1303,0,0,512,509,383,0.131,11.27,214.00,1.48
2.606,1304,0,0,511,511,384,0.117,11.26,209.00,1.32
2.608,1305,0,0,512,508,384,0.117,11.27,211.00,1.32
2.610,1306,0,0,512,508,384,0.117,11.26,211.00,1.32
2.612,1307,0,0,510,509,384,0.124,11.26,212.00,1.40
2.614,1308,0,0,511,509,385,0.124,11.28,211.00,1.40
2.616,1309,0,0,512,509,386,0.117,11.26,209.00,1.32
2.618,1310,0,0,512,509,384,0.117,11.26,211.00,1.32
2.620,1311,0,0,512,511,382,0.131,11.29,214.00,1.48
2.622,1312,0,0,513,508,385,0.117,11.26,211.00,1.32
2.624,1313,0,0,510,508,384,0.117,11.26,211.00,1.32
2.626,1314,0,0,512,509,382,0.131,11.27,214.00,1.48
2.628,1315,0,0,512,511,382,0.117,11.26,214.00,1.32
2.630,1316,0,0,511,511,384,0.117,11.26,211.00,1.32
2.632,1317,0,0,514,512,384,0.124,11.28,211.00,1.40
2.634,1318,0,0,512,509,384,0.124,11.27,212.00,1.40
2.636,1319,0,0,511,508,385,0.124,11.26,209.00,1.40
2.638,1320,0,0,513,510,382,0.117,11.27,212.00,1.32
2.640,1321,0,0,512,510,382,0.131,11.27,214.00,1.48
2.642,1322,0,0,513,510,383,0.117,11.26,211.00,1.32
2.644,1323,0,0,510,509,384,0.117,11.27,212.00,1.32
2.646,1324,0,0,511,507,384,0.117,11.26,211.00,1.32
2.648,1325,0,0,514,511,382,0.117,11.26,215.00,1.32
2.650,1326,0,0,511,510,383,0.109,11.27,214.00,1.23
2.652,1327,0,0,513,508,384,0.124,11.27,211.00,1.40
2.654,1328,0,0,510,508,385,0.117,11.26,209.00,1.32
2.656,1329,0,0,513,510,384,0.109,11.26,211.00,1.23
2.658,1330,0,0,513,511,383,0.117,11.26,211.00,1.32
2.660,1331,0,0,513,511,382,0.124,11.27,214.00,1.40
2.662,1332,0,0,511,509,383,0.124,11.29,212.00,1.40
2.664,1333,0,0,513,510,383,0.117,11.27,214.00,1.32
2.666,1334,0,0,510,508,384,0.117,11.26,211.00,1.32
2.668,1335,0,0,512,509,383,0.124,11.27,214.00,1.40
2.670,1336,0,0,510,509,384,0.117,11.26,212.00,1.32
2.672,1337,0,0,511,509,383,0.124,11.26,211.00,1.40
2.674,1338,0,0,511,509,385,0.117,11.27,211.00,1.32
2.676,1339,0,0,511,507,385,0.109,11.26,209.00,1.23
2.678,1340,0,0,511,509,383,0.109,11.26,212.00,1.23
2.680,1341,0,0,513,509,384,0.109,11.25,215.00,1.23
2.682,1342,0,0,512,509,383,0.124,11.27,214.00,1.40
2.684,1343,0,0,511,508,384,0.117,11.28,211.00,1.32
2.686,1344,0,0,512,510,383,0.117,11.26,211.00,1.32
2.688,1345,0,0,512,511,382,0.124,11.27,212.00,1.40
2.690,1346,0,0,512,510,382,0.117,11.27,214.00,1.32
2.692,1347,0,0,513,510,385,0.117,11.26,211.00,1.32
2.694,1348,0,0,513,510,385,0.117,11.26,211.00,1.32
2.696,1349,0,0,514,511,384,0.124,11.28,212.00,1.40
2.698,1350,0,0,511,509,384,0.124,11.27,211.00,1.40
2.700,1351,0,0,512,511,383,0.131,11.27,214.00,1.48
2.702,1352,0,0,511,511,384,0.117,11.27,211.00,1.32
2.704,1353,0,0,514,511,382,0.124,11.27,214.00,1.40
2.706,1354,0,0,512,508,384,0.124,11.27,209.00,1.40
2.708,1355,0,0,513,510,384,0.124,11.28,212.00,1.40
2.710,1356,0,0,512,511,383,0.124,11.27,214.00,1.40
2.712,1357,0,0,513,509,384,0.117,11.26,212.00,1.32
2.714,1358,0,0,511,510,383,0.124,11.27,212.00,1.40
2.716,1359,0,0,511,511,383,0.117,11.27,215.00,1.32
2.718,1360,0,0,511,509,384,0.131,11.27,211.00,1.48
2.720,1361,0,0,512,510,383,0.131,11.27,214.00,1.48
2.722,1362,0,0,512,510,383,0.131,11.28,212.00,1.48
2.724,1363,0,0,513,510,381,0.117,11.27,212.00,1.32
2.726,1364,0,0,512,509,383,0.139,11.28,211.00,1.57
2.728,1365,0,0,514,509,384,0.124,11.27,214.00,1.40
2.730,1366,0,0,512,511,383,0.117,11.28,212.00,1.32
2.732,1367,0,0,512,511,384,0.124,11.28,212.00,1.40
2.734,1368,0,0,512,509,384,0.124,11.27,211.00,1.40
2.736,1369,0,0,512,509,385,0.117,11.26,211.00,1.32
2.738,1370,0,0,512,511,381,0.124,11.29,214.00,1.40
2.740,1371,0,0,511,510,384,0.124,11.27,211.00,1.40
2.742,1372,0,0,512,511,383,0.124,11.27,212.00,1.40
2.744,1373,0,0,512,510,382,0.109,11.27,214.00,1.23
2.746,1374,0,0,512,509,382,0.131,11.29,212.00,1.48
2.748,1375,0,0,513,510,384,0.117,11.26,211.00,1.32
2.750,1376,0,0,511,510,383,0.117,11.26,212.00,1.32
2.752,1377,0,0,512,511,384,0.117,11.27,211.00,1.32
2.754,1378,0,0,511,509,385,0.117,11.27,209.00,1.32
2.756,1379,0,0,512,510,383,0.124,11.27,214.00,1.40
2.758,1380,0,0,511,511,384,0.124,11.27,212.00,1.40
2.760,1381,0,0,512,510,382,0.131,11.28,214.00,1.48
2.762,1382,0,0,513,509,383,0.117,11.26,212.00,1.32
2.764,1383,0,0,510,508,384,0.109,11.26,211.00,1.23
2.766,1384,0,0,512,509,382,0.124,11.27,211.00,1.40
2.768,1385,0,0,513,511,383,0.117,11.27,212.00,1.32
2.770,1386,0,0,510,510,384,0.117,11.27,211.00,1.32
2.772,1387,0,0,513,508,384,0.124,11.27,211.00,1.40
2.774,1388,0,0,513,509,384,0.117,11.26,212.00,1.32
2.776,1389,0,0,512,510,382,0.131,11.27,214.00,1.48
2.778,1390,0,0,512,509,384,0.109,11.26,209.00,1.23
2.780,1391,0,0,511,509,383,0.109,11.26,211.00,1.23
2.782,1392,0,0,513,509,381,0.124,11.27,214.00,1.40
2.784,1393,0,0,512,510,383,0.131,11.28,214.00,1.48
2.786,1394,0,0,513,510,384,0.117,11.26,209.00,1.32
2.788,1395,0,0,512,510,383,0.124,11.27,214.00,1.40
2.790,1396,0,0,511,508,383,0.117,11.26,212.00,1.32
2.792,1397,0,0,513,510,384,0.117,11.26,214.00,1.32
2.794,1398,0,0,510,508,384,0.109,11.26,212.00,1.23
2.796,1399,0,0,512,511,383,0.117,11.27,212.00,1.32
2.798,1400,0,0,513,509,382,0.124,11.27,214.00,1.40
2.800,1401,0,0,510,507,385,0.131,11.26,212.00,1.48
2.802,1402,0,0,511,510,384,0.117,11.27,209.00,1.32
2.804,1403,0,0,512,509,385,0.109,11.27,212.00,1.23
2.806,1404,0,0,513,510,384,0.124,11.27,212.00,1.40
2.808,1405,0,0,513,512,382,0.124,11.26,214.00,1.40
2.810,1406,0,0,512,510,382,0.117,11.28,212.00,1.32
2.812,1407,0,0,512,510,383,0.117,11.27,212.00,1.32
2.814,1408,0,0,512,510,383,0.117,11.28,214.00,1.32
2.816,1409,0,0,514,510,382,0.124,11.27,212.00,1.40
2.818,1410,0,0,512,508,383,0.124,11.27,212.00,1.40
2.820,1411,0,0,512,510,383,0.124,11.26,214.00,1.40
2.822,1412,0,0,512,509,383,0.117,11.27,212.00,1.32
2.824,1413,0,0,512,511,384,0.117,11.26,215.00,1.32
2.826,1414,0,0,512,510,382,0.124,11.28,214.00,1.40
2.828,1415,0,0,510,506,385,0.117,11.26,211.00,1.32
2.830,1416,0,0,512,509,383,0.131,11.27,212.00,1.48
2.832,1417,0,0,512,510,383,0.131,11.28,212.00,1.48
2.834,1418,0,0,512,511,382,0.131,11.27,212.00,1.48
2.836,1419,0,0,512,509,383,0.117,11.27,212.00,1.32
2.838,1420,0,0,510,508,386,0.124,11.27,209.00,1.40
2.840,1421,0,0,511,508,384,0.109,11.26,211.00,1.23
2.842,1422,0,0,511,508,384,0.131,11.27,209.00,1.48
2.844,1423,0,0,511,510,384,0.131,11.27,209.00,1.48
2.846,1424,0,0,512,510,383,0.131,11.27,214.00,1.48
2.848,1425,0,0,512,511,382,0.131,11.28,214.00,1.48
2.850,1426,0,0,512,511,384,0.124,11.26,211.00,1.40
2.852,1427,0,0,513,510,382,0.117,11.27,214.00,1.32
2.854,1428,0,0,514,510,383,0.139,11.28,211.00,1.57
2.856,1429,0,0,512,508,383,0.124,11.27,212.00,1.40
2.858,1430,0,0,512,510,383,0.131,11.28,212.00,1.48
2.860,1431,0,0,511,510,383,0.124,11.27,211.00,1.40
2.862,1432,0,0,512,510,385,0.117,11.26,208.00,1.32
2.864,1433,0,0,511,510,383,0.139,11.27,212.00,1.57
2.866,1434,0,0,510,508,384,0.109,11.26,211.00,1.23
2.868,1435,0,0,513,509,384,0.124,11.27,209.00,1.40
2.870,1436,0,0,511,510,382,0.124,11.27,211.00,1.40
2.872,1437,0,0,512,511,382,0.124,11.28,214.00,1.40
2.874,1438,0,0,513,510,383,0.117,11.27,212.00,1.32
2.876,1439,0,0,512,509,384,0.139,11.28,212.00,1.57
2.878,1440,0,0,511,509,384,0.117,11.26,208.00,1.32
2.880,1441,0,0,513,511,383,0.124,11.26,214.00,1.40
2.882,1442,0,0,513,510,382,0.117,11.28,212.00,1.32
2.884,1443,0,0,513,511,383,0.124,11.27,209.00,1.40
2.886,1444,0,0,513,509,384,0.117,11.27,212.00,1.32
2.888,1445,0,0,513,512,382,0.109,11.26,212.00,1.23
2.890,1446,0,0,512,510,381,0.139,11.29,212.00,1.57
2.892,1447,0,0,512,511,383,0.117,11.26,211.00,1.32
2.894,1448,0,0,510,508,383,0.109,11.26,208.00,1.23
2.896,1449,0,0,512,511,382,0.117,11.27,212.00,1.32
2.898,1450,0,0,511,509,384,0.124,11.27,211.00,1.40
2.900,1451,0,0,512,509,384,0.117,11.27,209.00,1.32
2.902,1452,0,0,512,510,383,0.117,11.26,212.00,1.32
2.904,1453,0,0,513,511,384,0.109,11.26,212.00,1.23
2.906,1454,0,0,513,509,381,0.139,11.27,212.00,1.57
2.908,1455,0,0,511,509,382,0.117,11.26,211.00,1.32
2.910,1456,0,0,511,511,381,0.117,11.27,212.00,1.32
2.912,1457,0,0,512,510,381,0.131,11.27,212.00,1.48
2.914,1458,0,0,512,509,383,0.117,11.27,212.00,1.32
2.916,1459,0,0,511,509,382,0.131,11.28,211.00,1.48
2.918,1460,0,0,510,509,382,0.117,11.27,212.00,1.32
2.920,1461,0,0,513,510,380,0.117,11.27,214.00,1.32
2.922,1462,0,0,510,509,384,0.117,11.27,212.00,1.32
2.924,1463,0,0,512,509,384,0.117,11.27,211.00,1.32
2.926,1464,0,0,512,509,383,0.131,11.26,212.00,1.48
2.928,1465,0,0,512,511,382,0.131,11.29,214.00,1.48
2.930,1466,0,0,513,509,384,0.117,11.26,209.00,1.32
2.932,1467,0,0,512,511,383,0.124,11.27,212.00,1.40
2.934,1468,0,0,512,511,382,0.117,11.26,214.00,1.32
2.936,1469,0,0,514,510,381,0.117,11.26,214.00,1.32
2.938,1470,0,0,512,510,386,0.109,11.26,214.00,1.23
2.940,1471,0,0,511,511,382,0.124,11.28,212.00,1.40
2.942,1472,0,0,512,511,382,0.124,11.28,212.00,1.40
2.944,1473,0,0,512,509,382,0.131,11.27,211.00,1.48
2.946,1474,0,0,510,510,384,0.124,11.27,211.00,1.40
2.948,1475,0,0,511,511,381,0.124,11.27,212.00,1.40
2.950,1476,0,0,512,510,383,0.124,11.27,211.00,1.40
2.952,1477,0,0,513,508,381,0.124,11.26,212.00,1.40
2.954,1478,0,0,512,509,382,0.131,11.28,214.00,1.48
2.956,1479,0,0,512,511,382,0.109,11.27,214.00,1.23
2.958,1480,0,0,510,510,383,0.124,11.27,212.00,1.40
2.960,1481,0,0,512,509,384,0.124,11.27,214.00,1.40
2.962,1482,0,0,512,509,382,0.117,11.26,212.00,1.32
2.964,1483,0,0,512,510,382,0.124,11.27,212.00,1.40
2.966,1484,0,0,512,509,382,0.124,11.27,212.00,1.40
2.968,1485,0,0,512,509,383,0.124,11.27,211.00,1.40
2.970,1486,0,0,514,510,382,0.117,11.27,212.00,1.32
2.972,1487,0,0,510,507,383,0.131,11.27,212.00,1.48
2.974,1488,0,0,512,510,383,0.117,11.27,212.00,1.32
2.976,1489,0,0,514,511,382,0.117,11.27,214.00,1.32
2.978,1490,0,0,511,508,383,0.124,11.27,211.00,1.40
2.980,1491,0,0,511,509,384,0.117,11.26,209.00,1.32
2.982,1492,0,0,510,510,384,0.117,11.26,211.00,1.32
2.984,1493,0,0,511,509,382,0.124,11.26,209.00,1.40
2.986,1494,0,0,513,511,382,0.131,11.27,212.00,1.48
2.988,1495,0,0,512,510,384,0.131,11.26,211.00,1.48
2.990,1496,0,0,512,508,384,0.131,11.28,211.00,1.48
2.992,1497,0,0,511,509,383,0.124,11.26,209.00,1.40
2.994,1498,0,0,510,509,384,0.117,11.26,211.00,1.32
2.996,1499,0,0,513,509,384,0.124,11.27,209.00,1.40
2.998,1500,0,0,512,511,384,0.117,11.26,211.00,1.32
3.000,1501,0,0,511,508,381,0.124,11.26,212.00,1.40
3.002,1502,0,75,511,510,382,0.124,11.28,211.00,1.40
3.004,1503,0,75,512,510,382,0.139,11.28,212.00,1.57
3.006,1504,0,75,510,509,383,0.117,11.27,209.00,1.32
3.008,1505,0,75,511,509,383,0.124,11.26,209.00,1.40
3.010,1506,0,75,511,509,383,0.139,11.28,211.00,1.57
3.012,1507,0,75,511,510,382,0.124,11.27,212.00,1.40
3.014,1508,0,75,513,510,384,0.124,11.27,211.00,1.40
3.016,1509,0,75,510,508,384,0.131,11.27,208.00,1.48
3.018,1510,0,75,513,508,383,0.131,11.27,211.00,1.48
3.020,1511,0,75,513,509,384,0.117,11.27,211.00,1.32
3.022,1512,0,75,511,509,385,0.117,11.27,209.00,1.32
3.024,1513,0,75,511,511,384,0.131,11.26,209.00,1.48
3.026,1514,0,75,513,508,384,0.124,11.28,211.00,1.40
3.028,1515,0,75,511,509,384,0.124,11.25,209.00,1.39
3.030,1516,0,75,513,509,383,0.124,11.27,209.00,1.40
3.032,1517,0,75,511,506,387,0.124,11.27,206.00,1.40
3.034,1518,0,75,513,509,384,0.124,11.27,209.00,1.40
3.036,1519,0,75,512,510,384,0.109,11.26,211.00,1.23
3.038,1520,0,75,512,511,381,0.139,11.28,212.00,1.57
3.040,1521,0,75,510,509,384,0.117,11.26,209.00,1.32
3.042,1522,0,75,512,510,382,0.124,11.27,211.00,1.40
3.044,1523,0,75,513,510,382,0.124,11.28,214.00,1.40
3.046,1524,0,75,513,510,384,0.124,11.27,214.00,1.40
3.048,1525,0,75,509,507,383,0.124,11.27,208.00,1.40
3.050,1526,0,75,511,510,382,0.124,11.26,209.00,1.40
3.052,1527,0,75,512,508,383,0.124,11.27,212.00,1.40
3.054,1528,0,75,512,510,381,0.117,11.27,212.00,1.32
3.056,1529,0,75,512,510,385,0.139,11.28,211.00,1.57
3.058,1530,0,75,511,509,385,0.109,11.26,211.00,1.23
3.060,1531,0,75,512,510,380,0.131,11.28,214.00,1.48
3.062,1532,0,75,512,510,382,0.139,11.27,212.00,1.57
3.064,1533,0,75,512,509,384,0.117,11.27,211.00,1.32
3.066,1534,0,75,510,510,384,0.124,11.27,209.00,1.40
3.068,1535,0,75,511,509,384,0.131,11.26,208.00,1.48
3.070,1536,0,75,511,509,383,0.124,11.26,209.00,1.40
3.072,1537,0,75,511,508,383,0.117,11.26,208.00,1.32
3.074,1538,0,75,511,508,384,0.183,11.25,211.00,2.06
3.076,1539,0,75,511,509,383,0.322,11.26,209.00,3.62
3.078,1540,0,75,511,510,383,0.417,11.26,209.00,4.69
3.080,1541,0,75,511,508,384,0.498,11.25,208.00,5.60
3.082,1542,0,75,511,509,384,0.578,11.23,209.00,6.49
3.084,1543,0,75,513,509,384,0.659,11.25,209.00,7.41
3.086,1544,0,75,511,509,383,0.732,11.24,211.00,8.23
3.088,1545,0,75,511,510,383,0.798,11.24,211.00,8.97
3.090,1546,0,75,512,509,382,0.835,11.24,212.00,9.38
3.092,1547,0,75,511,509,385,0.879,11.23,209.00,9.87
3.094,1548,0,75,511,509,383,0.893,11.24,209.00,10.04
3.096,1549,0,75,512,510,384,0.923,11.24,209.00,10.37
3.098,1550,0,75,512,511,382,0.959,11.26,214.00,10.79
3.100,1551,0,75,512,509,382,0.981,11.24,211.00,11.03
3.102,1552,0,75,511,511,382,0.974,11.25,212.00,10.95
3.104,1553,0,75,511,510,384,0.974,11.23,209.00,10.94
3.106,1554,0,75,513,510,384,0.967,11.24,211.00,10.87
3.108,1555,0,75,511,509,384,0.967,11.24,208.00,10.87
3.110,1556,0,75,512,509,384,0.974,11.24,209.00,10.95
3.112,1557,0,75,511,509,384,0.989,11.24,209.00,11.12
3.114,1558,0,75,512,509,382,0.974,11.26,211.00,10.96
3.116,1559,0,75,511,508,384,0.952,11.26,211.00,10.71
3.118,1560,0,75,512,511,383,0.937,11.25,211.00,10.54
3.120,1561,0,75,511,510,383,0.923,11.26,211.00,10.40
3.122,1562,0,75,512,509,385,0.871,11.24,212.00,9.79
3.124,1563,0,75,511,509,384,0.842,11.25,209.00,9.47
3.126,1564,0,75,512,511,382,0.827,11.26,212.00,9.31
3.128,1565,0,75,512,509,383,0.813,11.26,209.00,9.15
3.130,1566,0,75,511,509,384,0.769,11.26,209.00,8.66
3.132,1567,0,75,512,510,383,0.739,11.26,211.00,8.32
3.134,1568,0,75,511,510,384,0.717,11.26,211.00,8.07
3.136,1569,0,75,511,509,384,0.688,11.26,211.00,7.74
3.138,1570,0,75,511,509,384,0.673,11.26,212.00,7.58
3.140,1571,0,75,513,512,383,0.666,11.26,212.00,7.50
3.142,1572,0,75,512,510,383,0.652,11.26,211.00,7.34
3.144,1573,0,75,510,507,385,0.608,11.25,208.00,6.84
3.146,1574,0,75,512,508,382,0.600,11.26,209.00,6.76
3.148,1575,0,75,512,511,383,0.578,11.25,211.00,6.50
3.150,1576,0,75,513,508,385,0.564,11.25,209.00,6.34
3.152,1577,0,75,510,508,384,0.542,11.25,209.00,6.10
3.154,1578,0,75,513,511,383,0.527,11.24,212.00,5.92
3.156,1579,0,75,511,509,383,0.527,11.25,211.00,5.93
3.158,1580,0,75,510,507,384,0.527,11.25,206.00,5.93
3.160,1581,0,75,510,508,382,0.527,11.26,211.00,5.93
3.162,1582,0,75,511,510,384,0.520,11.26,209.00,5.86
3.164,1583,0,75,512,509,384,0.520,11.26,209.00,5.86
3.166,1584,0,75,513,508,384,0.498,11.26,209.00,5.60
3.168,1585,0,75,510,509,384,0.498,11.25,211.00,5.60
3.170,1586,0,75,511,510,382,0.498,11.27,214.00,5.61
3.172,1587,0,75,510,509,384,0.490,11.26,209.00,5.51
3.174,1588,0,75,510,509,384,0.490,11.26,211.00,5.51
3.176,1589,0,75,511,510,384,0.476,11.25,211.00,5.35
3.178,1590,0,75,512,509,382,0.490,11.27,211.00,5.52
3.180,1591,0,75,512,509,383,0.490,11.26,209.00,5.51
3.182,1592,0,75,512,508,384,0.483,11.25,211.00,5.43
3.184,1593,0,75,511,510,383,0.483,11.26,212.00,5.44
3.186,1594,0,75,512,510,385,0.490,11.26,211.00,5.51
3.188,1595,8,75,511,511,383,0.527,11.25,211.00,5.93
3.190,1596,8,75,509,509,385,0.542,11.25,209.00,6.10
3.192,1597,3,75,511,509,383,0.586,11.25,211.00,6.59
3.194,1598,3,75,511,511,383,0.593,11.24,212.00,6.66
3.196,1599,3,75,511,511,384,0.615,11.24,212.00,6.91
3.198,1600,3,75,512,509,382,0.652,11.26,211.00,7.34
3.200,1601,3,75,512,510,382,0.652,11.26,211.00,7.34
3.202,1602,3,75,512,508,383,0.652,11.26,211.00,7.34
3.204,1603,3,75,510,508,384,0.637,11.24,209.00,7.16
3.206,1604,3,75,511,509,384,0.652,11.25,208.00,7.33
3.208,1605,3,75,511,508,384,0.644,11.24,208.00,7.24
3.210,1606,3,75,512,510,383,0.666,11.26,211.00,7.50
3.212,1607,3,75,513,509,383,0.659,11.26,211.00,7.42
3.214,1608,3,75,512,508,384,0.652,11.25,208.00,7.33
3.216,1609,3,75,510,507,384,0.630,11.24,209.00,7.08
3.218,1610,3,75,511,511,382,0.652,11.26,212.00,7.34
3.220,1611,3,75,511,511,382,0.644,11.26,209.00,7.25
3.222,1612,3,75,512,509,384,0.652,11.25,211.00,7.33
3.224,1613,3,75,510,508,384,0.622,11.24,211.00,6.99
3.226,1614,3,75,512,508,384,0.630,11.25,209.00,7.09
3.228,1615,3,75,512,510,384,0.630,11.25,209.00,7.09
3.230,1616,3,75,512,508,384,0.630,11.25,211.00,7.09
3.232,1617,3,75,512,510,382,0.637,11.25,211.00,7.16
3.234,1618,2,75,512,510,384,0.637,11.25,211.00,7.16
3.236,1619,3,75,512,509,383,0.630,11.25,212.00,7.09
3.238,1620,3,75,511,509,383,0.630,11.25,211.00,7.09
3.240,1621,3,75,509,507,384,0.608,11.24,211.00,6.83
3.242,1622,3,75,512,509,384,0.622,11.25,211.00,7.00
3.244,1623,3,75,512,509,384,0.630,11.26,209.00,7.09
3.246,1624,3,75,512,510,383,0.630,11.26,212.00,7.09
3.248,1625,3,75,512,511,384,0.630,11.25,211.00,7.09
3.250,1626,3,75,511,509,384,0.622,11.25,211.00,7.00
3.252,1627,3,75,511,509,384,0.615,11.25,211.00,6.92
3.254,1628,3,75,512,509,384,0.622,11.25,209.00,7.00
3.256,1629,3,75,511,509,387,0.615,11.25,208.00,6.92
3.258,1630,3,75,510,508,385,0.608,11.25,209.00,6.84
3.260,1631,3,75,510,508,384,0.608,11.25,209.00,6.84
3.262,1632,3,75,513,508,385,0.615,11.25,211.00,6.92
3.264,1633,3,75,511,509,384,0.608,11.25,209.00,6.84
3.266,1634,3,75,511,509,384,0.615,11.26,211.00,6.92
3.268,1635,3,75,511,509,384,0.608,11.26,214.00,6.84
3.270,1636,3,75,512,508,385,0.600,11.24,209.00,6.74
3.272,1637,3,75,510,507,384,0.608,11.25,208.00,6.84
3.274,1638,3,75,511,509,382,0.608,11.25,212.00,6.84
3.276,1639,3,75,511,509,384,0.600,11.25,209.00,6.75
3.278,1640,3,75,511,509,382,0.608,11.26,214.00,6.84
3.280,1641,3,75,512,511,383,0.600,11.26,211.00,6.75
3.282,1642,3,75,511,510,383,0.622,11.27,212.00,7.01
3.284,1643,3,75,510,508,384,0.622,11.25,208.00,7.00
3.286,1644,3,75,512,508,383,0.608,11.26,214.00,6.85
3.288,1645,3,75,511,508,385,0.593,11.23,212.00,6.66
3.290,1646,3,75,512,509,385,0.600,11.25,209.00,6.75
3.292,1647,3,75,510,509,385,0.608,11.25,208.00,6.84
3.294,1648,3,75,512,509,384,0.615,11.26,211.00,6.92
3.296,1649,3,75,513,511,384,0.600,11.24,211.00,6.74
3.298,1650,3,75,513,508,385,0.600,11.26,211.00,6.75
3.300,1651,3,75,510,508,385,0.593,11.24,209.00,6.66
3.302,1652,3,75,510,508,385,0.608,11.25,208.00,6.84
3.304,1653,3,75,512,510,384,0.593,11.24,212.00,6.66
3.306,1654,3,75,511,509,382,0.615,11.26,212.00,6.92
3.308,1655,3,75,510,506,385,0.600,11.24,206.00,6.74
3.310,1656,3,75,511,509,385,0.608,11.25,211.00,6.84
3.312,1657,3,75,513,511,382,0.608,11.26,214.00,6.84
3.314,1658,3,75,513,509,382,0.600,11.26,214.00,6.76
3.316,1659,3,75,511,508,384,0.615,11.25,209.00,6.92
3.318,1660,3,75,511,508,384,0.600,11.24,209.00,6.74
3.320,1661,3,75,508,506,387,0.593,11.24,205.00,6.66
3.322,1662,3,75,513,510,383,0.593,11.24,211.00,6.66
3.324,1663,3,75,510,508,383,0.600,11.25,211.00,6.75
3.326,1664,3,75,510,508,383,0.600,11.25,209.00,6.75
3.328,1665,3,75,512,510,384,0.586,11.25,209.00,6.59
3.330,1666,3,75,512,510,382,0.615,11.26,212.00,6.92
3.332,1667,3,75,511,510,383,0.600,11.26,212.00,6.76
3.334,1668,3,75,510,508,384,0.586,11.24,208.00,6.59
3.336,1669,3,75,513,508,382,0.600,11.26,214.00,6.75
3.338,1670,3,75,510,509,384,0.608,11.26,209.00,6.84
3.340,1671,3,75,509,507,384,0.593,11.23,209.00,6.66
3.342,1672,3,75,511,508,383,0.600,11.25,209.00,6.75
3.344,1673,3,75,512,511,382,0.600,11.25,209.00,6.75
3.346,1674,3,75,512,511,384,0.586,11.26,211.00,6.60
3.348,1675,3,75,509,508,384,0.593,11.25,209.00,6.67
3.350,1676,3,75,512,508,384,0.586,11.25,211.00,6.59
3.352,1677,3,75,511,509,384,0.615,11.27,211.00,6.93
3.354,1678,3,75,512,508,382,0.593,11.26,214.00,6.67
3.356,1679,3,75,511,509,384,0.586,11.24,211.00,6.59
3.358,1680,3,75,512,509,382,0.600,11.26,214.00,6.75
3.360,1681,3,75,512,510,383,0.593,11.26,212.00,6.67
3.362,1682,3,75,513,511,381,0.615,11.26,212.00,6.92
3.364,1683,3,75,512,509,385,0.586,11.25,211.00,6.59
3.366,1684,3,75,512,509,383,0.586,11.25,212.00,6.59
3.368,1685,3,75,508,507,385,0.586,11.25,211.00,6.59
3.370,1686,3,75,510,509,384,0.593,11.26,211.00,6.67
3.372,1687,3,75,509,507,383,0.578,11.24,211.00,6.50
3.374,1688,3,75,511,509,382,0.593,11.26,212.00,6.67
3.376,1689,3,75,511,511,384,0.586,11.26,212.00,6.60
3.378,1690,3,75,510,510,384,0.593,11.26,212.00,6.68
3.380,1691,5,75,510,508,384,0.593,11.25,211.00,6.67
3.382,1692,2,75,510,509,385,0.593,11.26,211.00,6.68
3.384,1693,2,75,513,508,382,0.644,11.24,214.00,7.24
3.386,1694,2,75,512,510,382,0.703,11.24,212.00,7.90
3.388,1695,2,75,512,508,384,0.769,11.23,211.00,8.64
3.390,1696,2,75,510,508,383,0.849,11.23,209.00,9.54
3.392,1697,2,75,511,509,384,0.967,11.24,211.00,10.87
3.394,1698,2,75,512,509,384,1.098,11.22,211.00,12.32
3.396,1699,2,75,511,509,386,1.201,11.21,211.00,13.47
3.398,1700,2,75,512,510,384,1.384,11.20,211.00,15.50
3.400,1701,2,75,511,508,383,1.553,11.20,212.00,17.39
3.402,1702,2,75,512,510,384,1.743,11.18,212.00,19.49
3.404,1703,2,75,510,508,384,2.029,11.14,209.00,22.61
3.406,1704,2,75,510,508,384,2.336,11.16,211.00,26.08
3.408,1705,2,75,511,509,383,2.710,11.13,212.00,30.17
3.410,1706,2,75,510,508,384,3.040,11.12,212.00,33.82
3.412,1707,2,75,510,508,384,3.450,11.11,209.00,38.32
3.414,1708,2,75,511,509,386,3.926,11.04,212.00,43.35
3.416,1709,2,75,512,508,386,4.446,11.08,209.00,49.28
3.418,1710,2,75,509,507,384,5.142,10.98,205.00,56.45
3.420,1711,19,75,511,508,383,5.787,11.00,211.00,63.67
3.422,1712,19,75,511,509,383,6.637,10.96,209.00,72.75
3.424,1713,19,75,511,510,383,7.399,10.94,214.00,80.92
3.426,1714,19,75,514,509,382,8.329,10.90,212.00,90.82
3.428,1715,19,75,510,508,384,9.230,10.81,212.00,99.82
3.430,1716,19,75,511,509,384,10.212,10.90,211.00,111.35
3.432,1717,23,75,510,509,381,11.355,10.72,212.00,121.78
3.434,1718,23,75,512,509,384,12.388,10.77,212.00,133.47
3.436,1719,23,75,512,508,384,13.523,10.64,206.00,143.93
3.438,1720,23,75,512,508,384,14.813,10.63,211.00,157.54
3.440,1721,23,75,513,509,386,16.468,10.53,208.00,173.39
3.442,1722,24,75,513,509,384,17.934,10.51,212.00,188.40
3.444,1723,24,75,510,509,385,19.619,10.43,206.00,204.65
3.446,1724,24,75,510,507,384,21.333,10.34,209.00,220.63
3.448,1725,24,75,513,508,384,23.362,10.33,212.00,241.42
3.450,1726,2,75,510,508,384,25.369,10.13,209.00,256.99
3.452,1727,2,75,511,509,385,27.670,10.15,209.00,280.96
3.454,1728,2,75,513,509,384,30.000,9.88,211.00,296.55
3.456,1729,67,75,512,507,385,30.000,9.79,205.00,293.61
3.458,1730,67,75,513,510,382,30.000,9.75,211.00,292.38
3.460,1731,67,75,510,508,385,30.000,9.62,208.00,288.72
3.462,1732,218,75,513,510,384,30.000,9.57,214.00,287.01
3.464,1733,218,75,512,508,382,30.000,9.44,214.00,283.32
3.466,1734,195,75,511,509,383,30.000,9.58,211.00,287.49
3.468,1735,195,75,513,511,382,30.000,9.57,212.00,287.01
3.470,1736,185,75,513,510,381,30.000,9.57,212.00,287.25
3.472,1737,185,75,512,511,383,30.000,9.70,212.00,290.91
3.474,1738,16,75,512,510,383,30.000,9.75,212.00,292.38
3.476,1739,170,75,511,508,384,30.000,9.72,211.00,291.66
3.478,1740,3825,75,512,509,384,30.000,9.84,214.00,295.08
3.480,1741,166,75,514,513,383,30.000,9.84,212.00,295.08
3.482,1742,2,75,514,510,382,30.000,9.88,217.00,296.55
3.484,1743,157,75,511,511,384,30.000,9.97,211.00,298.98
3.486,1744,2,75,512,511,382,30.000,9.95,211.00,298.50
3.488,1745,2,75,513,511,384,30.000,10.00,208.00,299.97
3.490,1746,2,75,513,510,385,30.000,10.02,209.00,300.72
3.492,1747,2,75,513,511,383,30.000,10.02,211.00,300.72
3.494,1748,3,75,512,509,383,30.000,10.09,211.00,302.67
3.496,1749,3,75,517,510,383,30.000,10.13,215.00,303.90
3.498,1750,164,75,513,510,383,30.000,10.16,212.00,304.86
3.500,1751,3,75,511,510,383,30.000,10.17,212.00,305.10
3.502,1752,3,75,512,510,384,30.000,10.20,211.00,306.09
3.504,1753,2,75,512,511,382,30.000,10.24,212.00,307.32
3.506,1754,2,75,513,510,383,30.000,10.23,211.00,306.81
3.508,1755,3,75,512,508,383,30.000,10.27,212.00,308.04
3.510,1756,2,75,512,509,384,30.000,10.29,211.00,308.79
3.512,1757,2,75,512,509,384,30.000,10.27,212.00,308.04
3.514,1758,2,75,513,510,382,30.000,10.32,214.00,309.51
3.516,1759,2,75,512,509,384,30.000,10.32,209.00,309.51
3.518,1760,2,75,513,510,383,30.000,10.37,212.00,310.98
3.520,1761,2,75,512,511,383,30.000,10.37,214.00,311.22
3.522,1762,2,75,513,511,385,29.992,10.40,211.00,311.89
3.524,1763,2,75,513,510,382,29.684,10.42,211.00,309.40
3.526,1764,2,75,513,511,385,29.311,10.41,209.00,305.27
3.528,1765,2904,75,514,510,383,28.930,10.42,211.00,301.54
3.530,1766,2,75,511,509,384,28.549,10.41,208.00,297.34
3.532,1767,2,75,514,509,384,28.205,10.44,211.00,294.46
3.534,1768,2876,75,512,511,383,27.860,10.46,214.00,291.30
3.536,1769,2,75,513,511,381,27.538,10.45,215.00,287.72
3.538,1770,2,75,512,510,384,27.201,10.46,212.00,284.41
3.540,1771,2,75,514,511,382,26.901,10.47,212.00,281.71
3.542,1772,2,75,512,510,384,26.615,10.47,211.00,278.71
3.544,1773,3,75,516,511,382,26.329,10.49,215.00,276.14
3.546,1774,2,75,512,510,384,26.058,10.52,211.00,274.16
3.548,1775,2,75,513,511,383,25.802,10.52,212.00,271.46
3.550,1776,2,75,513,511,384,25.560,10.49,209.00,268.07
3.552,1777,2,75,513,511,384,25.340,10.49,212.00,265.77
3.554,1778,2,75,514,512,382,25.120,10.52,211.00,264.29
3.556,1779,2,75,513,511,383,24.937,10.50,212.00,261.76
3.558,1780,2,75,513,512,382,24.761,10.48,212.00,259.50
3.560,1781,2,75,517,512,384,24.593,10.49,212.00,257.93
3.562,1782,3,75,513,512,383,24.439,10.51,212.00,256.93
3.564,1783,2,75,514,513,383,24.285,10.53,212.00,255.70
3.566,1784,2,75,512,511,385,24.124,10.53,211.00,254.00
3.568,1785,2,75,515,512,383,24.007,10.53,214.00,252.77
3.570,1786,2,75,514,512,384,23.868,10.52,212.00,251.12
3.572,1787,2,75,513,512,382,23.758,10.51,212.00,249.77
3.574,1788,2,75,513,512,383,23.670,10.53,212.00,249.22
3.576,1789,2,75,514,510,383,23.560,10.51,212.00,247.69
3.578,1790,2785,75,512,510,384,23.465,10.54,212.00,247.25
3.580,1791,2,75,515,512,382,23.369,10.54,214.00,246.24
3.582,1792,3,75,512,510,384,23.260,10.55,211.00,245.49
3.584,1793,3,75,513,510,384,23.172,10.55,212.00,244.37
3.586,1794,3,75,512,510,384,23.091,10.53,209.00,243.13
3.588,1795,2,75,515,511,384,23.032,10.53,211.00,242.50
3.590,1796,3,75,513,512,385,22.959,10.51,211.00,241.37
3.592,1797,3,75,517,514,385,22.879,10.55,214.00,241.46
3.594,1798,2,75,514,511,383,22.820,10.55,211.00,240.84
3.596,1799,2,75,513,511,384,22.754,10.56,211.00,240.33
3.598,1800,2,75,513,511,383,22.710,10.54,211.00,239.30
3.600,1801,2,75,513,511,382,22.673,10.55,212.00,239.11
3.602,1802,3,75,514,511,383,22.622,10.55,211.00,238.75
3.604,1803,2,75,513,511,384,22.578,10.60,211.00,239.39
3.606,1804,2,75,514,512,382,22.498,10.57,214.00,237.80
3.608,1805,3,75,516,509,384,22.454,10.55,214.00,236.80
3.610,1806,2,75,514,510,383,22.432,10.54,212.00,236.37
3.612,1807,2,75,515,512,382,22.395,10.54,212.00,235.98
3.614,1808,2,75,514,510,384,22.358,10.55,211.00,235.97
3.616,1809,3,75,512,510,383,22.315,10.57,211.00,235.87
3.618,1810,3,75,514,510,385,22.271,10.59,212.00,235.76
3.620,1811,3,75,513,510,384,22.249,10.54,211.00,234.44
3.622,1812,2,75,513,513,383,22.241,10.55,214.00,234.73
3.624,1813,2764,75,515,513,382,22.212,10.55,212.00,234.43
3.626,1814,3,75,512,511,383,22.190,10.57,211.00,234.55
3.628,1815,3,75,515,513,382,22.153,10.58,214.00,234.33
3.630,1816,3,75,513,511,384,22.124,10.57,212.00,233.85
3.632,1817,3,75,514,512,381,22.117,10.55,211.00,233.25
3.634,1818,2,75,513,510,384,22.102,10.55,209.00,233.09
3.636,1819,3,75,514,511,382,22.109,10.57,212.00,233.69
3.638,1820,3,75,515,511,383,22.051,10.56,212.00,232.90
3.640,1821,2,75,516,514,383,22.043,10.57,215.00,232.99
3.642,1822,3,75,513,509,385,22.043,10.55,209.00,232.47
3.644,1823,3,75,516,512,383,22.043,10.54,212.00,232.27
3.646,1824,2,75,512,511,385,22.021,10.56,211.00,232.59
3.648,1825,3,75,514,511,382,22.007,10.59,212.00,232.97
3.650,1826,2,75,515,512,383,21.970,10.57,212.00,232.22
3.652,1827,2,75,514,512,382,21.963,10.57,212.00,232.15
3.654,1828,2,75,514,513,383,21.992,10.55,212.00,232.10
3.656,1829,2,75,515,513,382,21.978,10.55,214.00,231.78
3.658,1830,2,75,515,513,383,21.956,10.57,212.00,232.07
3.660,1831,2,75,514,511,383,21.941,10.59,212.00,232.27
3.662,1832,2,75,515,512,384,21.919,10.55,209.00,231.16
3.664,1833,2,75,514,511,382,21.941,10.54,214.00,231.19
3.666,1834,2,75,513,511,384,21.926,10.53,209.00,230.86
3.668,1835,2,75,513,512,384,21.926,10.56,211.00,231.58
3.670,1836,3,75,513,511,384,21.897,10.59,211.00,231.80
3.672,1837,3,75,514,510,383,21.904,10.57,209.00,231.53
3.674,1838,2,75,513,512,382,21.912,10.55,211.00,231.08
3.676,1839,2,75,513,511,384,21.934,10.55,212.00,231.49
3.678,1840,2,75,514,511,384,21.912,10.57,211.00,231.61
3.680,1841,2,75,512,509,385,21.875,10.55,208.00,230.87
3.682,1842,2,75,514,511,384,21.875,10.56,209.00,231.04
3.684,1843,2,75,514,512,385,21.897,10.55,212.00,231.10
3.686,1844,2,75,515,512,382,21.897,10.54,212.00,230.73
3.688,1845,3,75,518,515,382,21.890,10.57,215.00,231.38
3.690,1846,2,75,515,512,385,21.875,10.58,211.00,231.39
3.692,1847,2,75,513,513,383,21.875,10.57,211.00,231.22
3.694,1848,3,75,514,512,383,21.890,10.58,214.00,231.55
3.696,1849,2,75,515,513,382,21.897,10.55,214.00,231.10
3.698,1850,2,75,513,511,384,21.897,10.54,209.00,230.73
3.700,1851,3,75,514,513,383,21.890,10.57,212.00,231.38
3.702,1852,2,75,515,513,383,21.868,10.58,212.00,231.32
3.704,1853,2,75,515,513,382,21.875,10.55,214.00,230.87
3.706,1854,3,75,514,512,382,21.890,10.55,212.00,230.85
3.708,1855,2,75,515,513,383,21.875,10.56,212.00,231.04
3.710,1856,2,75,515,511,383,21.860,10.57,212.00,231.06
3.712,1857,2,75,516,513,384,21.853,10.59,209.00,231.34
3.714,1858,2,75,513,513,384,21.853,10.56,211.00,230.81
3.716,1859,2,75,515,512,385,21.882,10.52,212.00,230.22
3.718,1860,2,75,515,513,383,21.882,10.55,214.00,230.77
3.720,1861,2,75,516,515,381,21.860,10.57,214.00,231.06
3.722,1862,3,75,514,511,383,21.831,10.58,212.00,230.93
3.724,1863,3,75,514,512,384,21.831,10.56,212.00,230.58
3.726,1864,109,75,515,512,384,21.853,10.54,212.00,230.27
3.728,1865,3,75,514,513,383,21.860,10.54,211.00,230.34
3.730,1866,2748,75,513,510,385,21.846,10.55,209.00,230.56
3.732,1867,2,75,513,513,383,21.831,10.58,214.00,230.93
3.734,1868,2,75,514,511,384,21.838,10.54,208.00,230.11
3.736,1869,2,75,516,512,381,21.846,10.53,214.00,230.02
3.738,1870,2,75,514,513,382,21.860,10.54,214.00,230.34
3.740,1871,3,75,514,512,384,21.860,10.55,211.00,230.54
3.742,1872,2,75,515,513,383,21.838,10.56,212.00,230.65
3.744,1873,2,75,514,512,382,21.846,10.58,212.00,231.09
3.746,1874,3,75,514,511,383,21.860,10.55,211.00,230.54
3.748,1875,2,75,515,512,382,21.875,10.53,214.00,230.32
3.750,1876,2759,75,514,513,382,21.875,10.57,212.00,231.22
3.752,1877,3,75,516,513,382,21.860,10.57,211.00,231.06
3.754,1878,2,75,515,514,383,21.838,10.56,212.00,230.65
3.756,1879,2,75,514,511,384,21.846,10.55,211.00,230.56
3.758,1880,2,75,515,512,383,21.868,10.54,211.00,230.42
3.760,1881,2,75,515,512,382,21.868,10.54,212.00,230.42
3.762,1882,3,75,515,512,383,21.846,10.55,212.00,230.56
3.764,1883,3,75,514,512,383,21.846,10.57,212.00,230.91
3.766,1884,2,75,514,512,382,21.853,10.55,212.00,230.64
3.768,1885,2,75,515,513,382,21.860,10.55,214.00,230.54
3.770,1886,2750,75,516,513,383,21.897,10.54,212.00,230.73
3.772,1887,2,75,514,512,381,21.868,10.58,212.00,231.32
3.774,1888,2,75,516,515,383,21.846,10.57,212.00,230.91
3.776,1889,2,75,514,512,384,21.831,10.55,208.00,230.40
3.778,1890,2,75,514,510,383,21.853,10.53,211.00,230.09
3.780,1891,2,75,515,512,383,21.868,10.54,211.00,230.42
3.782,1892,2,75,512,511,384,21.882,10.55,209.00,230.77
3.784,1893,2,75,515,512,383,21.868,10.56,214.00,230.97
3.786,1894,3,75,516,513,383,21.853,10.56,214.00,230.81
3.788,1895,2,75,515,513,382,21.868,10.53,214.00,230.25
3.790,1896,2,75,514,513,382,21.882,10.55,214.00,230.77
3.792,1897,3,75,515,513,381,21.875,10.55,215.00,230.87
3.794,1898,2,75,516,513,382,21.868,10.55,214.00,230.79
3.796,1899,2,75,514,513,383,21.846,10.58,212.00,231.09
3.798,1900,2,75,516,514,383,21.860,10.56,214.00,230.89
3.800,1901,2,75,517,514,381,21.882,10.51,215.00,230.05
3.802,1902,2,75,514,513,383,21.882,10.54,211.00,230.57
3.804,1903,2,75,517,513,382,21.882,10.57,212.00,231.29
3.806,1904,2,75,515,513,382,21.875,10.56,212.00,231.04
3.808,1905,3,75,515,513,382,21.860,10.55,212.00,230.71
3.810,1906,3,75,515,513,384,21.875,10.54,209.00,230.50
3.812,1907,2,75,513,513,383,21.882,10.52,209.00,230.22
3.814,1908,2,75,515,513,382,21.868,10.55,211.00,230.79
3.816,1909,2,75,516,513,383,21.868,10.58,215.00,231.32
3.818,1910,2,75,514,512,381,21.860,10.55,211.00,230.71
3.820,1911,2,75,515,513,382,21.868,10.55,214.00,230.62
3.822,1912,2,75,515,512,384,21.890,10.54,212.00,230.65
3.824,1913,2,75,514,512,384,21.890,10.53,211.00,230.48
3.826,1914,2,75,515,513,385,21.875,10.55,211.00,230.87
3.828,1915,2,75,515,512,384,21.860,10.56,209.00,230.89
3.830,1916,2,75,514,511,383,21.860,10.55,208.00,230.54
3.832,1917,3,75,517,512,382,21.890,10.55,209.00,231.03
3.834,1918,2,75,514,512,384,21.882,10.55,208.00,230.94
3.836,1919,2,75,515,514,382,21.890,10.56,214.00,231.20
3.838,1920,2,75,515,512,383,21.853,10.58,209.00,231.16
3.840,1921,2,75,516,514,383,21.853,10.56,211.00,230.81
3.842,1922,3,75,515,514,384,21.882,10.51,212.00,230.05
3.844,1923,3,75,515,513,382,21.875,10.53,211.00,230.32
3.846,1924,2,75,515,512,382,21.897,10.55,212.00,231.10
3.848,1925,2,75,515,512,383,21.882,10.55,212.00,230.94
3.850,1926,2,75,515,513,381,21.868,10.56,212.00,230.97
3.852,1927,2,75,515,514,383,21.882,10.54,209.00,230.57
3.854,1928,2,75,516,513,384,21.897,10.53,208.00,230.55
3.856,1929,2753,75,514,512,383,21.882,10.55,208.00,230.77
3.858,1930,2,75,517,514,382,21.875,10.55,211.00,230.87
3.860,1931,3,75,515,514,383,21.868,10.55,209.00,230.62
3.862,1932,2,75,516,512,383,21.860,10.55,209.00,230.54
3.864,1933,2,75,517,514,381,21.890,10.53,215.00,230.48
3.866,1934,2,75,516,513,382,21.912,10.55,214.00,231.08
3.868,1935,3,75,516,513,385,21.868,10.55,211.00,230.62
3.870,1936,3,75,516,513,383,21.882,10.56,214.00,231.12
3.872,1937,3,75,514,511,384,21.868,10.54,208.00,230.42
3.874,1938,2,75,514,511,384,21.890,10.54,208.00,230.65
3.876,1939,2,75,515,514,382,21.897,10.52,211.00,230.38
3.878,1940,3,75,517,514,381,21.904,10.55,217.00,231.17
3.880,1941,2,75,515,512,384,21.868,10.56,209.00,230.97
3.882,1942,3,75,516,513,384,21.868,10.56,208.00,230.97
3.884,1943,3,75,516,514,382,21.875,10.56,212.00,231.04
3.886,1944,2,75,515,513,383,21.897,10.54,211.00,230.73
3.888,1945,2,75,515,512,384,21.897,10.52,209.00,230.38
3.890,1946,2,75,515,513,384,21.890,10.57,212.00,231.38
3.892,1947,2,75,516,514,384,21.882,10.56,212.00,231.12
3.894,1948,3,75,514,512,384,21.868,10.54,211.00,230.42
3.896,1949,3,75,515,513,385,21.875,10.54,211.00,230.50
3.898,1950,2,75,516,513,383,21.904,10.52,212.00,230.45
3.900,1951,2,75,517,513,383,21.882,10.55,211.00,230.77
3.902,1952,3,75,515,512,382,21.875,10.58,214.00,231.39
3.904,1953,3,75,517,514,382,21.860,10.55,209.00,230.54
3.906,1954,3,75,516,514,383,21.868,10.53,208.00,230.25
3.908,1955,2,75,517,514,385,21.875,10.51,211.00,229.97
3.910,1956,2,75,516,513,382,21.890,10.53,211.00,230.48
3.912,1957,3,75,517,515,383,21.875,10.55,212.00,230.69
3.914,1958,2,75,514,514,384,21.860,10.56,209.00,230.89
3.916,1959,2,75,516,514,381,21.875,10.54,214.00,230.50
3.918,1960,3,75,515,514,381,21.897,10.53,214.00,230.55
3.920,1961,2,75,516,514,382,21.904,10.55,214.00,231.00
3.922,1962,2764,75,516,513,383,21.904,10.55,212.00,231.17
3.924,1963,3,75,515,514,382,21.890,10.57,215.00,231.38
3.926,1964,2,75,516,514,381,21.882,10.55,212.00,230.94
3.928,1965,2,75,518,514,383,21.897,10.53,212.00,230.55
3.930,1966,2,75,516,513,383,21.890,10.52,209.00,230.30
3.932,1967,2,75,515,513,383,21.897,10.53,209.00,230.55
3.934,1968,3,75,515,512,384,21.890,10.55,209.00,230.85
3.936,1969,3,75,515,513,384,21.875,10.56,209.00,231.04
3.938,1970,2,75,515,512,383,21.882,10.53,211.00,230.40
3.940,1971,2,75,515,513,382,21.897,10.53,211.00,230.55
3.942,1972,2754,75,516,514,384,21.897,10.54,208.00,230.73
3.944,1973,2,75,514,514,382,21.890,10.55,208.00,231.03
3.946,1974,3,75,515,514,384,21.868,10.56,211.00,230.97
3.948,1975,2,75,515,513,383,21.875,10.55,211.00,230.87
3.950,1976,2,75,515,512,384,21.897,10.51,209.00,230.20
3.952,1977,3,75,516,515,381,21.897,10.54,212.00,230.73
3.954,1978,2,75,515,515,383,21.882,10.54,211.00,230.57
3.956,1979,2,75,515,514,383,21.868,10.55,209.00,230.79
3.958,1980,3,75,518,514,382,21.853,10.56,212.00,230.81
3.960,1981,2,75,519,516,382,21.853,10.52,212.00,229.92
3.962,1982,2,75,515,513,382,21.868,10.55,211.00,230.62
3.964,1983,3,75,516,514,383,21.868,10.54,209.00,230.42
3.966,1984,3,75,516,513,383,21.860,10.55,211.00,230.54
3.968,1985,3,75,516,513,383,21.824,10.56,208.00,230.51
3.970,1986,3,75,516,514,384,21.846,10.56,209.00,230.74
3.972,1987,2,75,516,513,383,21.853,10.51,208.00,229.74
3.974,1988,2,75,515,514,384,21.868,10.52,209.00,230.07
3.976,1989,2,75,515,512,384,21.882,10.54,208.00,230.57
3.978,1990,2,75,516,513,382,21.853,10.54,209.00,230.27
3.980,1991,3,75,516,514,382,21.831,10.55,212.00,230.23
3.982,1992,3,75,516,514,384,21.868,10.54,211.00,230.42
3.984,1993,2,75,517,515,384,21.875,10.51,212.00,229.97
3.986,1994,2,75,516,514,383,21.868,10.55,214.00,230.79
3.988,1995,2,75,516,514,384,21.853,10.54,209.00,230.27
3.990,1996,2,75,515,514,384,21.853,10.55,209.00,230.64
3.992,1997,2,75,516,513,383,21.868,10.53,211.00,230.25
3.994,1998,2,75,515,514,384,21.846,10.51,208.00,229.49
3.996,1999,2,75,517,513,382,21.875,10.51,211.00,229.97
3.998,2000,3,75,515,513,382,21.882,10.53,209.00,230.40
4.000,2001,2,75,517,513,382,21.860,10.55,212.00,230.71
4.002,2002,2,75,517,515,383,21.860,10.57,214.00,231.06
4.004,2003,3,75,516,513,384,21.868,10.51,211.00,229.90
4.006,2004,2,75,516,514,385,21.875,10.51,208.00,229.97
4.008,2005,2765,75,516,513,383,21.882,10.55,209.00,230.77
4.010,2006,2,75,517,515,383,21.890,10.54,212.00,230.65
4.012,2007,2,75,516,513,383,21.853,10.55,208.00,230.64
4.014,2008,2,75,516,515,383,21.853,10.55,211.00,230.46
4.016,2009,2,75,515,513,383,21.868,10.51,209.00,229.90
4.018,2010,2,75,516,513,381,21.875,10.53,212.00,230.32
4.020,2011,2,75,516,513,383,21.890,10.53,211.00,230.48
4.022,2012,2,75,515,513,384,21.868,10.55,211.00,230.62
4.024,2013,2,75,516,513,383,21.868,10.55,211.00,230.79
4.026,2014,2,75,517,515,382,21.890,10.51,211.00,230.13
4.028,2015,2,75,517,514,382,21.846,10.51,211.00,229.49
4.030,2016,2,75,517,514,384,21.868,10.52,211.00,230.07
4.032,2017,3,75,515,513,383,21.853,10.51,211.00,229.74
4.034,2018,3,75,516,514,382,21.853,10.55,212.00,230.64
4.036,2019,3,75,517,514,382,21.875,10.55,211.00,230.87
4.038,2020,3,75,516,514,382,21.897,10.52,212.00,230.38
4.040,2021,2,75,516,512,383,21.897,10.53,208.00,230.55
4.042,2022,2,75,518,515,383,21.890,10.51,211.00,230.13
4.044,2023,3,75,517,515,383,21.875,10.55,211.00,230.69
4.046,2024,2,75,516,513,382,21.860,10.55,211.00,230.54
4.048,2025,2,75,516,514,383,21.868,10.51,209.00,229.90
4.050,2026,2,75,516,515,382,21.897,10.53,212.00,230.55
4.052,2027,2,75,518,516,381,21.890,10.55,211.00,230.85
4.054,2028,3,75,516,515,383,21.875,10.54,209.00,230.50
4.056,2029,3,75,517,514,383,21.868,10.56,211.00,230.97
4.058,2030,2,75,516,514,384,21.868,10.55,209.00,230.62
4.060,2031,3,75,516,514,384,21.868,10.51,211.00,229.90
4.062,2032,3,75,517,514,382,21.904,10.53,212.00,230.63
4.064,2033,2,75,518,515,382,21.912,10.52,212.00,230.54
4.066,2034,3,75,517,514,383,21.897,10.55,211.00,230.93
4.068,2035,3,75,514,513,383,21.868,10.55,209.00,230.62
4.070,2036,2,75,517,514,382,21.904,10.53,211.00,230.63
4.072,2037,3,75,514,514,383,21.882,10.51,209.00,230.05
4.074,2038,2758,75,516,515,383,21.897,10.51,209.00,230.20
4.076,2039,3,75,515,512,384,21.875,10.55,209.00,230.69
4.078,2040,3,75,516,515,382,21.860,10.55,214.00,230.71
4.080,2041,2,75,516,515,383,21.860,10.53,212.00,230.16
4.082,2042,2,75,517,515,384,21.875,10.52,211.00,230.15
4.084,2043,3,75,517,514,383,21.897,10.52,211.00,230.38
4.086,2044,2,75,518,516,383,21.897,10.52,212.00,230.38
4.088,2045,2,75,515,513,384,21.882,10.54,208.00,230.57
4.090,2046,3,75,517,515,382,21.890,10.55,211.00,231.03
4.092,2047,3,75,516,514,382,21.890,10.52,209.00,230.30
4.094,2048,3,75,517,515,382,21.890,10.52,211.00,230.30
4.096,2049,3,75,516,513,382,21.904,10.51,211.00,230.28
4.098,2050,3,75,516,514,383,21.890,10.53,209.00,230.48
4.100,2051,3,75,517,514,382,21.860,10.55,208.00,230.54
4.102,2052,3,75,518,515,382,21.875,10.56,211.00,231.04
4.104,2053,2,75,517,517,381,21.875,10.54,211.00,230.50
4.106,2054,3,75,515,513,384,21.897,10.50,209.00,229.85
4.108,2055,3,75,517,515,383,21.890,10.51,211.00,230.13
4.110,2056,2,75,517,515,383,21.882,10.54,211.00,230.57
4.112,2057,3,75,516,514,382,21.882,10.54,209.00,230.57
4.114,2058,3,75,515,514,384,21.860,10.54,211.00,230.34
4.116,2059,2,75,516,514,384,21.882,10.53,212.00,230.40
4.118,2060,3,75,516,514,384,21.890,10.51,209.00,230.13
4.120,2061,2757,75,517,514,384,21.882,10.53,209.00,230.40
4.122,2062,2,75,517,515,384,21.875,10.54,211.00,230.50
4.124,2063,2,75,516,514,383,21.853,10.53,208.00,230.09
4.126,2064,2,75,517,516,382,21.868,10.53,212.00,230.25
4.128,2065,2,75,516,514,382,21.875,10.49,211.00,229.42
4.130,2066,2,75,515,514,383,21.897,10.51,211.00,230.03
4.132,2067,2,75,516,515,383,21.875,10.53,211.00,230.32
4.134,2068,2,75,517,514,384,21.868,10.52,209.00,230.07
4.136,2069,2,75,516,513,382,21.868,10.55,211.00,230.62
4.138,2070,2,75,516,513,383,21.890,10.52,211.00,230.30
4.140,2071,2,75,515,514,385,21.882,10.49,206.00,229.50
4.142,2072,2,75,518,515,383,21.882,10.53,211.00,230.40
4.144,2073,2,75,519,517,382,21.875,10.54,214.00,230.50
4.146,2074,2,75,516,514,383,21.853,10.55,211.00,230.46
4.148,2075,2,75,517,515,383,21.853,10.54,209.00,230.27
4.150,2076,2,75,517,515,384,21.868,10.50,212.00,229.55
4.152,2077,2,75,515,514,384,21.860,10.51,208.00,229.81
4.154,2078,2,75,517,514,384,21.875,10.54,211.00,230.50
4.156,2079,2,75,518,516,382,21.860,10.54,211.00,230.34
4.158,2080,2,75,517,513,384,21.838,10.54,211.00,230.11
4.160,2081,2,75,517,514,384,21.831,10.51,211.00,229.51
4.162,2082,2,75,518,514,382,21.853,10.51,211.00,229.57
4.164,2083,3,75,518,514,384,21.846,10.51,209.00,229.67
4.166,2084,3,75,516,515,385,21.846,10.53,209.00,230.02
4.168,2085,3,75,518,516,383,21.831,10.55,212.00,230.23
4.170,2086,3,75,516,514,384,21.846,10.53,209.00,230.02
4.172,2087,2,75,515,513,384,21.853,10.51,209.00,229.57
4.174,2088,2,75,517,515,382,21.875,10.51,211.00,229.97
4.176,2089,3,75,516,515,384,21.875,10.51,211.00,229.80
4.178,2090,3,75,517,513,384,21.853,10.54,211.00,230.27
4.180,2091,3,75,516,514,382,21.853,10.55,211.00,230.64
4.182,2092,2,75,517,514,382,21.868,10.52,212.00,230.07
4.184,2093,3,75,517,515,382,21.853,10.51,211.00,229.57
4.186,2094,2,75,517,514,384,21.875,10.51,212.00,229.80
4.188,2095,3,75,517,516,382,21.860,10.52,212.00,229.99
4.190,2096,2,75,516,515,384,21.846,10.55,209.00,230.39
4.192,2097,3,75,518,516,380,21.846,10.52,212.00,229.84
4.194,2098,3,75,517,516,382,21.853,10.53,214.00,230.09
4.196,2099,2,75,517,517,384,21.868,10.50,209.00,229.55
4.198,2100,3,75,516,515,383,21.897,10.51,212.00,230.03
4.200,2101,3,75,516,514,383,21.860,10.54,212.00,230.34
4.202,2102,2,75,517,516,384,21.860,10.52,211.00,229.99
4.204,2103,3,75,518,515,382,21.846,10.53,212.00,230.02
4.206,2104,3,75,517,516,384,21.868,10.52,209.00,230.07
4.208,2105,3,75,517,514,383,21.890,10.50,212.00,229.78
4.210,2106,2,75,517,514,382,21.897,10.54,214.00,230.73
4.212,2107,2,75,517,514,382,21.875,10.55,211.00,230.69
4.214,2108,2,75,517,516,382,21.853,10.54,212.00,230.27
4.216,2109,2,75,515,515,385,21.860,10.51,209.00,229.81
4.218,2110,3,75,516,515,382,21.890,10.49,211.00,229.58
4.220,2111,3,75,516,514,384,21.897,10.50,209.00,229.85
4.222,2112,2,75,517,515,382,21.890,10.53,211.00,230.48
4.224,2113,3,75,517,514,383,21.868,10.53,209.00,230.25
4.226,2114,3,75,518,515,384,21.860,10.55,211.00,230.54
4.228,2115,3,75,515,513,384,21.860,10.50,209.00,229.46
4.230,2116,2,75,515,514,383,21.868,10.51,209.00,229.72
4.232,2117,2771,75,517,516,382,21.890,10.51,211.00,230.13
4.234,2118,2,75,517,515,382,21.875,10.53,211.00,230.32
4.236,2119,2,75,519,517,383,21.802,10.54,211.00,229.73
4.238,2120,2,75,517,516,384,21.838,10.52,209.00,229.76
4.240,2121,2,75,519,516,383,21.846,10.51,214.00,229.67
4.242,2122,2,75,519,517,382,21.868,10.51,214.00,229.72
4.244,2123,3,75,517,515,384,21.868,10.51,212.00,229.90
4.246,2124,3,75,517,515,385,21.846,10.53,209.00,230.02
4.248,2125,3,75,518,515,383,21.860,10.53,211.00,230.16
4.250,2126,3,75,519,516,383,21.875,10.51,211.00,229.80
4.252,2127,3,75,519,517,382,21.890,10.52,214.00,230.30
4.254,2128,2,75,519,516,383,21.890,10.49,211.00,229.58
4.256,2129,2,75,515,515,384,21.868,10.51,209.00,229.90
4.258,2130,2,75,519,517,382,21.860,10.55,212.00,230.71
4.260,2131,2,75,517,515,385,21.860,10.52,209.00,229.99
4.262,2132,2,75,518,514,383,21.868,10.51,212.00,229.90
4.264,2133,2,75,520,516,383,21.890,10.49,212.00,229.58
4.266,2134,2,75,517,516,383,21.882,10.51,209.00,230.05
4.268,2135,3,75,517,515,384,21.875,10.53,209.00,230.32
4.270,2136,2,75,518,516,382,21.853,10.53,211.00,230.09
4.272,2137,2,75,519,516,383,21.846,10.51,212.00,229.67
4.274,2138,2,75,520,517,381,21.868,10.51,212.00,229.90
4.276,2139,3,75,518,515,384,21.890,10.50,211.00,229.78
4.278,2140,2770,75,518,514,384,21.882,10.51,211.00,230.05
4.280,2141,3,75,517,515,384,21.875,10.52,211.00,230.15
4.282,2142,2,75,520,518,381,21.868,10.54,214.00,230.42
4.284,2143,3,75,517,516,382,21.868,10.52,212.00,230.07
4.286,2144,3,75,518,516,383,21.890,10.51,214.00,229.95
4.288,2145,109,75,517,515,384,21.882,10.51,209.00,229.87
4.290,2146,2,75,518,517,383,21.904,10.51,214.00,230.28
4.292,2147,2,75,518,515,382,21.875,10.55,212.00,230.69
4.294,2148,2,75,517,515,383,21.860,10.54,211.00,230.34
4.296,2149,3,75,519,517,383,21.882,10.51,212.00,229.87
4.298,2150,3,75,517,514,384,21.860,10.48,209.00,229.09
4.300,2151,2,75,517,515,383,21.904,10.50,212.00,229.93
4.302,2152,3,75,518,516,384,21.875,10.52,209.00,230.15
4.304,2153,2,75,518,516,383,21.860,10.54,211.00,230.34
4.306,2154,2,75,518,516,383,21.868,10.52,212.00,230.07
4.308,2155,2,75,518,515,383,21.875,10.51,211.00,229.80
4.310,2156,2,75,517,514,383,21.882,10.51,211.00,229.87
4.312,2157,2,75,516,515,386,21.860,10.48,208.00,229.09
4.314,2158,3,75,519,516,382,21.860,10.52,212.00,229.99
4.316,2159,2,75,518,515,384,21.831,10.51,209.00,229.33
4.318,2160,2,75,518,516,382,21.846,10.53,211.00,230.02
4.320,2161,3,75,518,516,384,21.853,10.51,211.00,229.74
4.322,2162,2,75,517,515,384,21.860,10.51,209.00,229.64
4.324,2163,2773,75,520,516,382,21.868,10.51,211.00,229.72
4.326,2164,2,75,518,516,384,21.868,10.51,211.00,229.72
4.328,2165,2,75,520,519,384,21.824,10.53,211.00,229.78
4.330,2166,3,75,519,516,383,21.846,10.53,211.00,230.02
4.332,2167,3,75,517,514,383,21.860,10.49,211.00,229.27
4.334,2168,2,75,518,515,382,21.875,10.51,211.00,229.97
4.336,2169,3,75,519,516,384,21.875,10.51,211.00,229.80
4.338,2170,3,75,519,517,382,21.868,10.53,214.00,230.25
4.340,2171,2,75,517,516,382,21.860,10.53,212.00,230.16
4.342,2172,3,75,516,514,383,21.853,10.50,209.00,229.39
4.344,2173,3,75,519,517,383,21.868,10.49,211.00,229.35
4.346,2174,2,75,517,516,383,21.853,10.50,211.00,229.39
4.348,2175,2,75,518,517,382,21.860,10.52,214.00,229.99
4.350,2176,3,75,518,517,384,21.816,10.54,211.00,229.88
4.352,2177,3,75,518,517,383,21.824,10.51,212.00,229.44
4.354,2178,3,75,520,518,382,21.838,10.51,212.00,229.58
4.356,2179,108,75,519,516,382,21.882,10.49,214.00,229.50
4.358,2180,108,75,517,515,383,21.875,10.49,211.00,229.42
4.360,2181,3,75,518,516,383,21.875,10.52,214.00,230.15
4.362,2182,3,75,518,516,383,21.868,10.52,209.00,230.07
4.364,2183,3,75,519,517,384,21.838,10.52,214.00,229.76
4.366,2184,2,75,518,515,382,21.875,10.51,212.00,229.97
4.368,2185,2,75,519,517,381,21.882,10.51,214.00,229.87
4.370,2186,2773,75,518,515,383,21.882,10.52,212.00,230.22
4.372,2187,3,75,520,517,383,21.875,10.51,215.00,229.97
4.374,2188,2,75,519,516,382,21.846,10.51,214.00,229.67
4.376,2189,3,75,519,518,383,21.846,10.52,214.00,229.84
4.378,2190,3,75,518,518,382,21.875,10.51,211.00,229.80
4.380,2191,2,75,517,516,384,21.860,10.49,211.00,229.27
4.382,2192,3,75,517,515,386,21.875,10.50,209.00,229.62
4.384,2193,3,75,520,517,383,21.853,10.53,214.00,230.09
4.386,2194,2,75,519,516,384,21.860,10.53,209.00,230.16
4.388,2195,2,75,518,515,384,21.868,10.51,211.00,229.72
4.390,2196,2,75,518,516,383,21.846,10.50,212.00,229.32
4.392,2197,2,75,518,516,384,21.868,10.47,209.00,229.00
4.394,2198,3,75,518,516,383,21.882,10.51,211.00,230.05
4.396,2199,2,75,519,517,383,21.853,10.54,211.00,230.27
4.398,2200,2,75,519,515,383,21.824,10.51,211.00,229.44
4.400,2201,3,75,519,516,382,21.831,10.51,211.00,229.51
4.402,2202,2,75,519,517,384,21.868,10.47,211.00,229.00
4.404,2203,2,75,518,516,384,21.860,10.49,211.00,229.27
4.406,2204,3,75,519,517,384,21.860,10.52,211.00,229.99
4.408,2205,2,75,520,517,386,21.838,10.52,212.00,229.76
4.410,2206,2,75,519,516,383,21.846,10.54,214.00,230.19
4.412,2207,2,75,519,517,383,21.860,10.50,214.00,229.46
4.414,2208,2,75,518,515,385,21.853,10.48,211.00,229.02
4.416,2209,2774,75,520,517,383,21.875,10.51,212.00,229.80
4.418,2210,3,75,520,517,384,21.853,10.51,212.00,229.57
4.420,2211,2,75,518,516,383,21.838,10.53,212.00,229.93
4.422,2212,3,75,520,517,384,21.853,10.51,212.00,229.74
4.424,2213,3,75,519,517,383,21.853,10.51,211.00,229.57
4.426,2214,2,75,519,518,383,21.875,10.50,214.00,229.62
4.428,2215,2,75,517,516,382,21.875,10.50,212.00,229.62
4.430,2216,2,75,520,518,384,21.868,10.53,214.00,230.25
4.432,2217,2,75,518,517,383,21.838,10.51,211.00,229.41
4.434,2218,3,75,518,515,385,21.831,10.50,208.00,229.16
4.436,2219,3,75,519,517,384,21.853,10.51,211.00,229.74
4.438,2220,2,75,519,517,382,21.875,10.49,212.00,229.42
4.440,2221,3,75,520,518,382,21.853,10.51,214.00,229.57
4.442,2222,3,75,519,517,382,21.846,10.53,214.00,230.02
4.444,2223,3,75,518,515,383,21.831,10.55,212.00,230.40
4.446,2224,2,75,520,518,383,21.831,10.51,211.00,229.51
4.448,2225,2,75,518,517,383,21.853,10.49,214.00,229.19
4.450,2226,2,75,519,516,382,21.853,10.50,212.00,229.39
4.452,2227,3,75,519,518,382,21.875,10.51,214.00,229.80
4.454,2228,2,75,520,517,383,21.831,10.52,212.00,229.68
4.456,2229,2,75,520,518,382,21.824,10.53,215.00,229.78
4.458,2230,3,75,520,517,382,21.831,10.51,214.00,229.33
4.460,2231,2,75,520,519,384,21.853,10.49,214.00,229.19
4.462,2232,2774,75,518,516,383,21.868,10.47,212.00,229.00
4.464,2233,3,75,518,515,384,21.838,10.50,209.00,229.23
4.466,2234,2,75,522,518,383,21.809,10.53,212.00,229.63
4.468,2235,3,75,519,516,388,21.824,10.52,214.00,229.61
4.470,2236,3,75,520,517,382,21.816,10.51,215.00,229.35
4.472,2237,2,75,519,517,384,21.831,10.48,211.00,228.79
4.474,2238,2,75,520,517,383,21.846,10.50,214.00,229.32
4.476,2239,2,75,520,517,381,21.846,10.53,215.00,230.02
4.478,2240,2,75,519,517,383,21.831,10.51,209.00,229.51
4.480,2241,2,75,518,516,384,21.809,10.51,211.00,229.28
4.482,2242,2,75,520,519,383,21.824,10.51,214.00,229.26
4.484,2243,2,75,521,518,382,21.846,10.51,215.00,229.49
4.486,2244,3,75,520,518,383,21.838,10.51,212.00,229.58
4.488,2245,3,75,520,518,383,21.838,10.52,212.00,229.76
4.490,2246,3,75,520,517,384,21.824,10.54,212.00,229.96
4.492,2247,3,75,520,517,383,21.838,10.51,214.00,229.58
4.494,2248,2,75,519,516,384,21.838,10.50,212.00,229.23
4.496,2249,2,75,518,515,384,21.838,10.49,211.00,229.04
4.498,2250,3,75,520,517,383,21.868,10.50,211.00,229.55
4.500,2251,2,75,520,517,384,21.846,10.51,214.00,229.67
4.502,2252,2,75,520,518,384,21.860,10.52,211.00,229.99
4.504,2253,2,75,521,518,384,21.831,10.51,212.00,229.33
4.506,2254,2,75,519,517,384,21.853,10.49,209.00,229.19
4.508,2255,2,75,520,516,382,21.875,10.50,214.00,229.62
4.510,2256,3,75,519,516,384,21.860,10.50,211.00,229.46
4.512,2257,2,75,519,517,383,21.860,10.52,212.00,229.99
4.514,2258,3,75,518,517,385,21.824,10.51,209.00,229.44
4.516,2259,3,75,521,519,385,21.846,10.52,212.00,229.84
4.518,2260,2,75,521,518,381,21.875,10.50,215.00,229.62
4.520,2261,3,75,521,518,383,21.875,10.49,214.00,229.42
4.522,2262,3,75,520,519,383,21.868,10.50,214.00,229.55
4.524,2263,2,75,521,518,383,21.853,10.52,211.00,229.92
4.526,2264,2,75,520,517,384,21.824,10.52,212.00,229.61
4.528,2265,2,75,519,519,383,21.831,10.51,212.00,229.51
4.530,2266,2,75,521,518,383,21.838,10.49,211.00,229.04
4.532,2267,3,75,519,517,383,21.875,10.49,212.00,229.42
4.534,2268,2765,75,520,518,384,21.853,10.51,211.00,229.57
4.536,2269,3,75,521,519,384,21.831,10.52,209.00,229.68
4.538,2270,3,75,520,518,383,21.824,10.51,212.00,229.44
4.540,2271,3,75,518,517,384,21.802,10.51,209.00,229.20
4.542,2272,3,75,518,516,383,21.838,10.48,212.00,228.86
4.544,2273,3,75,519,517,385,21.846,10.49,211.00,229.12
4.546,2274,2,75,520,518,384,21.824,10.51,212.00,229.26
4.548,2275,2,75,521,518,382,21.831,10.52,214.00,229.68
4.550,2276,3,75,520,517,383,21.816,10.51,212.00,229.35
4.552,2277,3,75,521,518,383,21.838,10.49,212.00,229.04
4.554,2278,3,75,521,518,382,21.846,10.50,212.00,229.32
4.556,2279,3,75,520,517,386,21.846,10.50,209.00,229.32
4.558,2280,2,75,520,518,384,21.831,10.51,212.00,229.51
4.560,2281,3,75,521,517,384,21.809,10.53,212.00,229.63
4.562,2282,3,75,520,518,383,21.831,10.52,212.00,229.68
4.564,2283,2,75,521,520,383,21.831,10.50,214.00,229.16
4.566,2284,3,75,520,517,385,21.853,10.48,211.00,229.02
4.568,2285,3,75,521,520,383,21.860,10.49,214.00,229.27
4.570,2286,2,75,521,519,383,21.875,10.51,214.00,229.97
4.572,2287,3,75,521,518,382,21.846,10.52,211.00,229.84
4.574,2288,3,75,520,518,384,21.831,10.51,212.00,229.51
4.576,2289,2,75,520,517,385,21.853,10.49,211.00,229.19
4.578,2290,3,75,521,519,383,21.860,10.49,211.00,229.27
4.580,2291,2766,75,519,516,383,21.853,10.50,211.00,229.39
4.582,2292,2,75,521,519,382,21.838,10.51,214.00,229.58
4.584,2293,3,75,520,520,383,21.809,10.51,212.00,229.28
4.586,2294,2,75,520,518,382,21.831,10.52,212.00,229.68
4.588,2295,2,75,519,517,385,21.831,10.48,211.00,228.79
4.590,2296,2,75,520,517,383,21.853,10.49,212.00,229.19
4.592,2297,2,75,519,517,384,21.846,10.48,211.00,228.95
4.594,2298,2,75,520,518,383,21.838,10.51,214.00,229.58
4.596,2299,3,75,520,519,381,21.853,10.51,215.00,229.74
4.598,2300,2,75,520,518,383,21.824,10.51,211.00,229.26
4.600,2301,2,75,519,518,385,21.838,10.49,211.00,229.04
4.602,2302,3,75,520,518,381,21.860,10.48,215.00,229.09
4.604,2303,3,75,521,518,381,21.846,10.51,214.00,229.49
4.606,2304,3,75,519,517,384,21.853,10.55,212.00,230.46
4.608,2305,3,75,521,519,381,21.824,10.52,215.00,229.61
4.610,2306,2,75,520,517,383,21.802,10.51,212.00,229.03
4.612,2307,3,75,519,518,383,21.816,10.48,214.00,228.63
4.614,2308,3,75,521,517,383,21.824,10.50,214.00,229.09
4.616,2309,2,75,521,519,384,21.831,10.49,212.00,228.96
4.618,2310,3,75,520,518,384,21.824,10.52,214.00,229.61
4.620,2311,3,75,521,518,383,21.824,10.53,212.00,229.78
4.622,2312,2,75,520,518,382,21.831,10.50,212.00,229.16
4.624,2313,3,75,520,518,383,21.846,10.51,214.00,229.49
4.626,2314,3,75,522,519,382,21.846,10.47,214.00,228.77
4.628,2315,2,75,519,517,383,21.846,10.51,212.00,229.49
4.630,2316,3,75,520,518,382,21.853,10.51,214.00,229.74
4.632,2317,3,75,521,519,385,21.824,10.51,214.00,229.44
4.634,2318,3,75,522,518,383,21.824,10.51,212.00,229.26
4.636,2319,2,75,522,517,382,21.846,10.48,212.00,228.95
4.638,2320,3,75,520,517,384,21.853,10.48,212.00,229.02
4.640,2321,3,75,521,517,382,21.868,10.48,212.00,229.18
4.642,2322,3,75,519,516,384,21.846,10.51,211.00,229.49
4.644,2323,3,75,520,518,381,21.824,10.53,211.00,229.78
4.646,2324,3,75,521,519,383,21.838,10.51,212.00,229.41
4.648,2325,3,75,522,519,382,21.838,10.49,215.00,229.04
4.650,2326,2,75,520,519,383,21.838,10.49,214.00,229.04
4.652,2327,2776,75,521,517,383,21.831,10.50,212.00,229.16
4.654,2328,3,75,521,519,383,21.831,10.51,212.00,229.51
4.656,2329,2,75,520,519,383,21.802,10.51,214.00,229.20
4.658,2330,2,75,522,521,383,21.816,10.51,212.00,229.18
4.660,2331,2,75,521,518,383,21.831,10.47,212.00,228.61
4.662,2332,2,75,520,519,383,21.838,10.50,214.00,229.23
4.664,2333,3,75,522,520,384,21.838,10.51,212.00,229.41
4.666,2334,3,75,521,518,383,21.831,10.51,211.00,229.51
4.668,2335,2,75,522,519,383,21.809,10.53,212.00,229.63
4.670,2336,2,75,521,519,384,21.824,10.50,212.00,229.09
4.672,2337,2,75,522,520,383,21.824,10.49,214.00,228.89
4.674,2338,2,75,522,520,383,21.838,10.47,212.00,228.69
4.676,2339,3,75,521,517,384,21.824,10.51,211.00,229.26
4.678,2340,2,75,522,520,383,21.816,10.54,214.00,229.88
4.680,2341,2,75,523,520,385,21.794,10.51,212.00,229.12
4.682,2342,3,75,520,517,382,21.809,10.50,209.00,228.93
4.684,2343,2,75,522,519,383,21.816,10.47,212.00,228.46
4.686,2344,2,75,522,518,383,21.838,10.49,215.00,229.04
4.688,2345,3,75,520,517,386,21.809,10.50,209.00,228.93
4.690,2346,3,75,520,518,383,21.794,10.51,211.00,228.95
4.692,2347,3,75,522,520,383,21.772,10.52,212.00,229.06
4.694,2348,3,75,521,519,381,21.802,10.50,212.00,228.86
4.696,2349,2,75,523,519,381,21.787,10.48,214.00,228.33
4.698,2350,2777,75,522,519,383,21.831,10.51,214.00,229.33
4.700,2351,3,75,521,518,383,21.794,10.51,211.00,228.95
4.702,2352,2,75,521,519,382,21.780,10.52,212.00,229.15
4.704,2353,3,75,520,518,384,21.772,10.48,211.00,228.17
4.706,2354,3,75,521,520,384,21.772,10.49,211.00,228.34
4.708,2355,3,75,522,520,383,21.816,10.48,211.00,228.63
4.710,2356,2,75,521,519,382,21.838,10.50,214.00,229.23
4.712,2357,2,75,521,519,384,21.809,10.50,212.00,228.93
4.714,2358,2,75,521,519,383,21.802,10.51,212.00,229.03
4.716,2359,3,75,521,519,381,21.802,10.52,214.00,229.38
4.718,2360,3,75,521,518,383,21.794,10.50,211.00,228.77
4.720,2361,2,75,521,519,382,21.809,10.49,215.00,228.73
4.722,2362,3,75,521,518,383,21.824,10.51,214.00,229.44
4.724,2363,2766,75,522,518,383,21.802,10.51,214.00,229.03
4.726,2364,2,75,522,520,382,21.787,10.54,214.00,229.57
4.728,2365,3,75,522,520,383,21.794,10.50,214.00,228.77
4.730,2366,2,75,522,520,383,21.787,10.48,211.00,228.33
4.732,2367,2,75,524,520,382,21.809,10.47,214.00,228.38
4.734,2368,3,75,522,520,383,21.816,10.47,211.00,228.46
4.736,2369,2,75,522,518,382,21.809,10.51,214.00,229.28
4.738,2370,2,75,522,520,383,21.802,10.51,212.00,229.03
4.740,2371,3,75,522,520,382,21.802,10.51,211.00,229.20
4.742,2372,2,75,522,520,382,21.831,10.47,214.00,228.61
4.744,2373,2,75,522,520,383,21.816,10.49,215.00,228.81
4.746,2374,2,75,521,518,383,21.809,10.49,209.00,228.73
4.748,2375,3,75,522,520,384,21.816,10.51,212.00,229.18
4.750,2376,2,75,523,521,382,21.809,10.53,215.00,229.63
4.752,2377,2,75,522,519,382,21.802,10.51,214.00,229.03
4.754,2378,3,75,521,518,384,21.794,10.50,211.00,228.77
4.756,2379,2,75,520,519,385,21.824,10.46,212.00,228.37
4.758,2380,2,75,520,518,383,21.809,10.47,211.00,228.38
4.760,2381,2,75,520,518,383,21.802,10.50,211.00,228.86
4.762,2382,3,75,521,518,383,21.794,10.51,214.00,229.12
4.764,2383,3,75,520,518,385,21.750,10.49,211.00,228.11
4.766,2384,2,75,522,519,381,21.809,10.50,212.00,228.93
4.768,2385,2,75,522,520,383,21.794,10.47,212.00,228.23
4.770,2386,2767,75,520,517,383,21.809,10.50,211.00,228.93
4.772,2387,2,75,520,518,383,21.794,10.51,211.00,228.95
4.774,2388,3,75,520,519,384,21.780,10.51,209.00,228.97
4.776,2389,106,75,529,524,384,21.772,10.49,211.00,228.34
4.778,2390,106,75,522,518,383,21.765,10.48,211.00,228.10
4.780,2391,3,75,522,519,383,21.794,10.49,211.00,228.58
4.782,2392,2,75,522,519,380,21.816,10.50,214.00,229.00
4.784,2393,2,75,521,519,382,21.802,10.51,214.00,229.03
4.786,2394,2,75,522,518,384,21.787,10.51,212.00,228.87
4.788,2395,2,75,521,519,384,21.780,10.50,211.00,228.62
4.790,2396,2,75,522,518,383,21.809,10.48,214.00,228.56
4.792,2397,3,75,522,520,382,21.802,10.48,214.00,228.48
4.794,2398,2,75,521,518,383,21.802,10.51,211.00,229.03
4.796,2399,3,75,521,519,382,21.802,10.50,212.00,228.86
4.798,2400,3,75,522,519,384,21.802,10.51,212.00,229.20
4.800,2401,2,75,521,519,381,21.787,10.50,212.00,228.70
4.802,2402,2,75,522,519,384,21.794,10.48,212.00,228.40
4.804,2403,2,75,523,519,382,21.816,10.48,211.00,228.63
4.806,2404,2,75,522,518,385,21.816,10.48,211.00,228.63
4.808,2405,2,75,521,519,383,21.809,10.51,212.00,229.10
4.810,2406,2,75,523,520,383,21.794,10.51,212.00,229.12
4.812,2407,3,75,523,519,384,21.765,10.50,211.00,228.47
4.814,2408,3,75,523,521,384,21.802,10.50,212.00,228.86
4.816,2409,3,75,523,520,382,21.802,10.47,214.00,228.31
4.818,2410,2,75,522,521,384,21.794,10.48,209.00,228.40
4.820,2411,3,75,521,520,384,21.758,10.50,211.00,228.39
4.822,2412,2,75,523,521,383,21.758,10.52,212.00,228.92
4.824,2413,2,75,522,520,384,21.758,10.49,211.00,228.20
4.826,2414,3,75,522,518,384,21.750,10.48,209.00,227.94
4.828,2415,104,75,522,519,383,21.780,10.47,214.00,228.08
4.830,2416,104,75,522,519,385,21.794,10.47,212.00,228.23
4.832,2417,3,75,522,520,383,21.794,10.51,214.00,229.12
4.834,2418,2,75,521,519,383,21.780,10.51,211.00,228.80
4.836,2419,2,75,522,520,383,21.772,10.51,212.00,228.89
4.838,2420,3,75,522,519,383,21.794,10.48,212.00,228.40
4.840,2421,2,75,524,520,383,21.794,10.47,212.00,228.23
4.842,2422,2778,75,523,520,382,21.802,10.50,211.00,228.86
4.844,2423,106,75,523,521,383,21.780,10.48,211.00,228.25
4.846,2424,2,75,523,520,383,21.787,10.52,212.00,229.22
4.848,2425,3,75,521,519,383,21.787,10.50,214.00,228.70
4.850,2426,3,75,521,519,384,21.794,10.50,211.00,228.77
4.852,2427,2,75,522,519,382,21.802,10.47,212.00,228.31
4.854,2428,3,75,523,520,382,21.816,10.47,212.00,228.46
4.856,2429,3,75,522,520,383,21.809,10.50,211.00,228.93
4.858,2430,107,75,523,520,383,21.780,10.49,211.00,228.43
4.860,2431,3,75,522,520,382,21.750,10.50,212.00,228.31
4.862,2432,3,75,523,521,384,21.765,10.48,212.00,228.10
4.864,2433,2,75,523,520,382,21.787,10.47,214.00,228.15
4.866,2434,3,75,522,519,383,21.816,10.50,211.00,229.00
4.868,2435,2768,75,523,519,383,21.787,10.49,212.00,228.50
4.870,2436,2,75,522,520,383,21.787,10.52,214.00,229.22
4.872,2437,3,75,522,519,383,21.794,10.50,211.00,228.77
4.874,2438,2,75,522,520,383,21.780,10.50,212.00,228.62
4.876,2439,2,75,522,520,382,21.816,10.47,214.00,228.46
4.878,2440,3,75,524,521,382,21.816,10.49,212.00,228.81
4.880,2441,2,75,523,522,382,21.787,10.49,212.00,228.50
4.882,2442,2,75,522,519,383,21.787,10.51,211.00,228.87
4.884,2443,3,75,523,521,382,21.780,10.51,214.00,228.80
4.886,2444,2,75,523,522,384,21.780,10.46,212.00,227.91
4.888,2445,2,75,521,519,383,21.787,10.48,209.00,228.33
4.890,2446,3,75,523,520,382,21.802,10.47,212.00,228.31
4.892,2447,3,75,521,519,382,21.787,10.49,212.00,228.50
4.894,2448,3,75,522,521,383,21.787,10.53,211.00,229.40
4.896,2449,3,75,523,520,382,21.780,10.51,211.00,228.80
4.898,2450,2,75,522,520,382,21.787,10.51,215.00,228.87
4.900,2451,3,75,523,521,383,21.802,10.46,214.00,228.14
4.902,2452,3,75,523,521,383,21.787,10.47,212.00,228.15
4.904,2453,2,75,522,519,383,21.787,10.49,212.00,228.50
4.906,2454,3,75,522,519,384,21.772,10.48,212.00,228.17
4.908,2455,3,75,523,519,384,21.750,10.51,211.00,228.48
4.910,2456,2,75,523,520,383,21.780,10.49,212.00,228.43
4.912,2457,3,75,523,520,382,21.794,10.49,214.00,228.58
4.914,2458,2768,75,521,518,384,21.787,10.45,209.00,227.63
4.916,2459,2,75,523,521,382,21.780,10.49,212.00,228.43
4.918,2460,2,75,523,521,383,21.750,10.51,211.00,228.66
4.920,2461,2,75,521,520,384,21.772,10.51,212.00,228.89
4.922,2462,2,75,524,521,382,21.772,10.51,214.00,228.89
4.924,2463,3,75,524,521,383,21.787,10.46,211.00,227.80
4.926,2464,2,75,523,520,382,21.809,10.49,211.00,228.73
4.928,2465,2,75,523,519,383,21.802,10.46,211.00,228.14
4.930,2466,3,75,523,519,383,21.802,10.50,211.00,228.86
4.932,2467,3,75,522,519,384,21.780,10.51,208.00,228.80
4.934,2468,3,75,522,519,384,21.772,10.48,211.00,228.17
4.936,2469,3,75,523,521,384,21.787,10.48,211.00,228.33
4.938,2470,2,75,523,520,385,21.780,10.46,211.00,227.91
4.940,2471,2,75,522,520,384,21.772,10.49,211.00,228.34
4.942,2472,3,75,523,520,383,21.787,10.50,212.00,228.70
4.944,2473,3,75,524,522,382,21.758,10.51,212.00,228.57
4.946,2474,2,75,523,520,383,21.758,10.50,214.00,228.39
4.948,2475,2,75,523,521,382,21.780,10.46,212.00,227.91
4.950,2476,2,75,523,520,384,21.794,10.46,212.00,228.05
4.952,2477,2,75,521,520,381,21.802,10.49,211.00,228.66
4.954,2478,2,75,521,520,385,21.772,10.49,211.00,228.34
4.956,2479,2,75,523,521,382,21.787,10.51,214.00,229.05
4.958,2480,3,75,523,520,383,21.765,10.48,212.00,228.10
4.960,2481,3,75,522,520,382,21.772,10.47,212.00,228.00
4.962,2482,2,75,523,519,382,21.780,10.46,214.00,227.91
4.964,2483,3,75,525,522,382,21.780,10.50,214.00,228.62
4.966,2484,2,75,522,520,384,21.765,10.51,211.00,228.64
4.968,2485,2,75,524,521,382,21.758,10.51,212.00,228.57
4.970,2486,3,75,524,521,381,21.780,10.51,214.00,228.80
4.972,2487,2,75,523,520,381,21.765,10.47,214.00,227.92
4.974,2488,2,75,524,522,382,21.780,10.47,212.00,228.08
4.976,2489,2,75,524,520,383,21.794,10.47,212.00,228.23
4.978,2490,2,75,523,520,384,21.772,10.51,214.00,228.71
4.980,2491,2,75,522,520,383,21.772,10.51,212.00,228.71
4.982,2492,3,75,523,520,383,21.765,10.50,212.00,228.47
4.984,2493,3,75,523,520,385,21.758,10.46,209.00,227.68
4.986,2494,3,75,523,519,384,21.780,10.46,211.00,227.73
4.988,2495,3,75,522,520,383,21.765,10.47,212.00,227.92
4.990,2496,2,75,523,521,383,21.772,10.50,212.00,228.54
4.992,2497,3,75,524,520,383,21.743,10.51,211.00,228.41
4.994,2498,3,75,521,519,383,21.765,10.50,211.00,228.47
4.996,2499,2,75,523,520,382,21.758,10.48,212.00,228.02
4.998,2500,2,75,523,520,383,21.780,10.46,209.00,227.73
5.000,2501,2,75,521,519,383,21.780,10.47,214.00,228.08
5.002,2502,2,75,525,522,383,21.765,10.49,212.00,228.27
5.004,2503,3,75,524,521,382,21.758,10.50,212.00,228.39
5.006,2504,3,75,522,520,383,21.758,10.51,212.00,228.57
5.008,2505,2,75,522,520,384,21.765,10.47,211.00,227.92
5.010,2506,3,75,523,521,381,21.787,10.48,212.00,228.33
5.012,2507,2769,75,524,520,384,21.772,10.47,211.00,228.00
5.014,2508,2,75,523,520,384,21.765,10.50,214.00,228.47
5.016,2509,3,75,522,519,383,21.743,10.50,212.00,228.24
5.018,2510,3,75,523,521,382,21.743,10.48,209.00,227.87
5.020,2511,3,75,524,520,383,21.736,10.48,212.00,227.79
5.022,2512,3,75,523,519,384,21.765,10.46,212.00,227.75
5.024,2513,2,75,522,519,384,21.758,10.46,211.00,227.68
5.026,2514,2,75,523,520,382,21.758,10.49,211.00,228.20
5.028,2515,3,75,522,521,384,21.750,10.49,212.00,228.11
5.030,2516,3,75,525,521,383,21.736,10.50,211.00,228.16
5.032,2517,3,75,522,519,384,21.743,10.46,211.00,227.34
5.034,2518,3,75,523,521,384,21.772,10.46,212.00,227.65
5.036,2519,2,75,524,520,382,21.780,10.48,211.00,228.25
5.038,2520,2781,75,521,519,383,21.765,10.50,211.00,228.47
5.040,2521,3,75,522,519,383,21.750,10.50,212.00,228.31
5.042,2522,2,75,521,518,385,21.736,10.48,209.00,227.79
5.044,2523,2,75,522,520,382,21.758,10.47,212.00,227.85
5.046,2524,2,75,523,519,384,21.780,10.46,209.00,227.91
5.048,2525,2,75,522,520,383,21.772,10.46,211.00,227.82
5.050,2526,3,75,524,520,384,21.802,10.46,212.00,228.14
5.052,2527,3,75,524,520,385,21.772,10.48,211.00,228.17
5.054,2528,2,75,522,519,383,21.772,10.50,209.00,228.54
5.056,2529,3,75,523,522,384,21.772,10.48,211.00,228.17
5.058,2530,3,75,523,520,381,21.780,10.47,214.00,228.08
5.060,2531,3,75,523,520,382,21.802,10.46,212.00,228.14
5.062,2532,3,75,525,521,384,21.765,10.48,212.00,228.10
5.064,2533,2,75,522,520,383,21.765,10.50,211.00,228.47
5.066,2534,2,75,522,520,383,21.743,10.50,211.00,228.24
5.068,2535,3,75,523,520,383,21.765,10.47,212.00,227.92
5.070,2536,2,75,523,521,384,21.772,10.46,212.00,227.65
5.072,2537,2,75,523,521,384,21.794,10.45,211.00,227.70
5.074,2538,3,75,524,521,384,21.816,10.47,212.00,228.46
5.076,2539,2,75,524,521,383,21.794,10.49,214.00,228.58
5.078,2540,2,75,525,521,382,21.780,10.49,212.00,228.43
5.080,2541,3,75,523,520,383,21.780,10.49,212.00,228.43
5.082,2542,2,75,524,519,383,21.780,10.46,209.00,227.91
5.084,2543,2,75,524,521,383,21.794,10.46,211.00,227.88
5.086,2544,3,75,523,520,384,21.787,10.47,212.00,228.15
5.088,2545,3,75,522,520,385,21.772,10.48,211.00,228.17
5.090,2546,3,75,525,521,382,21.750,10.51,211.00,228.48
5.092,2547,3,75,523,521,383,21.758,10.49,211.00,228.20
5.094,2548,2,75,525,522,383,21.758,10.47,212.00,227.85
5.096,2549,3,75,522,519,384,21.794,10.46,209.00,228.05
5.098,2550,3,75,522,520,384,21.772,10.45,209.00,227.47
5.100,2551,3,75,524,521,384,21.765,10.50,211.00,228.47
5.102,2552,2,75,524,522,384,21.750,10.48,211.00,227.94
5.104,2553,2,75,524,521,382,21.743,10.50,212.00,228.24
5.106,2554,3,75,524,521,384,21.765,10.47,211.00,227.92
5.108,2555,3,75,523,521,383,21.758,10.46,212.00,227.68
5.110,2556,2771,75,524,521,384,21.765,10.46,212.00,227.57
5.112,2557,3,75,523,520,384,21.750,10.48,209.00,227.94
5.114,2558,2,75,525,521,384,21.728,10.49,211.00,227.88
5.116,2559,2,75,524,521,373,21.721,10.49,214.00,227.81
5.118,2560,2,75,525,522,384,21.743,10.49,212.00,228.04
5.120,2561,3,75,523,520,384,21.743,10.45,211.00,227.17
5.122,2562,3,75,523,521,383,21.758,10.47,214.00,227.85
5.124,2563,3,75,524,521,385,21.758,10.46,209.00,227.68
5.126,2564,3,75,523,521,384,21.743,10.49,212.00,228.04
5.128,2565,2,75,524,521,384,21.728,10.49,209.00,227.88
5.130,2566,2,75,524,522,383,21.743,10.47,214.00,227.69
5.132,2567,3,75,523,521,383,21.743,10.48,211.00,227.87
5.134,2568,2,75,523,520,384,21.750,10.46,209.00,227.42
5.136,2569,2782,75,524,521,383,21.750,10.49,209.00,228.11
5.138,2570,3,75,524,521,383,21.750,10.49,211.00,228.11
5.140,2571,2,75,524,520,384,21.706,10.48,211.00,227.48
5.142,2572,3,75,524,522,383,21.736,10.50,212.00,228.16
5.144,2573,3,75,524,522,383,21.750,10.47,212.00,227.77
5.146,2574,2,75,523,520,384,21.758,10.46,214.00,227.68
5.148,2575,3,75,524,521,385,21.758,10.46,209.00,227.50
5.150,2576,3,75,524,521,386,21.736,10.47,212.00,227.62
5.152,2577,3,75,524,521,384,21.750,10.48,209.00,227.94
5.154,2578,3,75,524,522,384,21.736,10.48,212.00,227.79
5.156,2579,3,75,524,520,384,21.728,10.46,209.00,227.19
5.158,2580,2,75,524,521,382,21.758,10.46,214.00,227.50
5.160,2581,2,75,522,520,384,21.736,10.47,211.00,227.62
5.162,2582,2,75,525,523,384,21.721,10.48,211.00,227.64
5.164,2583,2,75,523,520,384,21.714,10.51,209.00,228.11
5.166,2584,2,75,523,520,383,21.721,10.47,212.00,227.46
5.168,2585,3,75,523,520,383,21.721,10.46,212.00,227.29
5.170,2586,3,75,526,521,382,21.758,10.46,214.00,227.68
5.172,2587,3,75,524,523,384,21.750,10.45,212.00,227.24
5.174,2588,3,75,524,520,384,21.750,10.48,211.00,227.94
5.176,2589,3,75,524,521,384,21.736,10.48,212.00,227.79
5.178,2590,3,75,524,523,383,21.728,10.49,215.00,227.88
5.180,2591,2,75,523,520,384,21.736,10.44,212.00,226.92
5.182,2592,2,75,522,519,384,21.758,10.46,212.00,227.68
5.184,2593,3,75,524,522,382,21.772,10.46,212.00,227.82
5.186,2594,2,75,525,523,383,21.750,10.48,214.00,227.94
5.188,2595,3,75,524,523,383,21.743,10.51,209.00,228.41
5.190,2596,3,75,525,522,380,21.750,10.51,217.00,228.48
5.192,2597,3,75,522,518,385,21.736,10.47,211.00,227.62
5.194,2598,3,75,525,521,384,21.714,10.44,212.00,226.69
5.196,2599,3,75,524,520,383,21.721,10.46,212.00,227.29
5.198,2600,2,75,523,521,384,21.736,10.46,214.00,227.27
5.200,2601,2,75,524,522,383,21.743,10.51,217.00,228.41
5.202,2602,2,75,524,523,382,21.721,10.50,214.00,228.01
5.204,2603,2,75,523,521,383,21.714,10.48,214.00,227.56
5.206,2604,3,75,524,522,384,21.728,10.46,212.00,227.36
5.208,2605,3,75,524,522,383,21.758,10.44,211.00,227.15
5.210,2606,2,75,524,521,384,21.750,10.46,214.00,227.59
5.212,2607,3,75,524,521,383,21.750,10.49,212.00,228.11
5.214,2608,3,75,525,520,384,21.714,10.49,212.00,227.74
5.216,2609,3,75,525,522,385,21.736,10.48,211.00,227.79
5.218,2610,3,75,524,522,383,21.721,10.46,212.00,227.29
5.220,2611,3,75,526,522,383,21.750,10.45,212.00,227.24
5.222,2612,3,75,524,522,383,21.758,10.46,214.00,227.68
5.224,2613,3,75,523,519,384,21.750,10.48,209.00,227.94
5.226,2614,2,75,524,521,384,21.750,10.48,211.00,227.94
5.228,2615,2,75,525,521,384,21.728,10.48,209.00,227.71
5.230,2616,2,75,524,521,384,21.765,10.47,212.00,227.92
5.232,2617,2,75,524,522,382,21.772,10.46,215.00,227.65
5.234,2618,2,75,524,522,385,21.772,10.46,211.00,227.65
5.236,2619,3,75,524,521,384,21.750,10.48,211.00,227.94
5.238,2620,2,75,523,521,384,21.692,10.50,209.00,227.70
5.240,2621,3,75,525,522,384,21.692,10.46,212.00,226.81
5.242,2622,3,75,525,523,383,21.714,10.50,212.00,227.93
5.244,2623,2,75,525,521,384,21.728,10.45,212.00,227.01
5.246,2624,2,75,526,523,385,21.750,10.45,214.00,227.24
5.248,2625,2,75,524,522,383,21.750,10.46,214.00,227.42
5.250,2626,2,75,524,521,384,21.714,10.48,211.00,227.56
5.252,2627,3,75,524,522,383,21.736,10.51,215.00,228.51
5.254,2628,3,75,524,522,383,21.721,10.49,212.00,227.81
5.256,2629,108,75,524,521,384,21.728,10.47,212.00,227.54
5.258,2630,3,75,523,521,383,21.750,10.46,212.00,227.59
5.260,2631,2772,75,525,523,383,21.728,10.47,214.00,227.54
5.262,2632,2,75,524,522,384,21.714,10.47,212.00,227.39
5.264,2633,3,75,525,522,384,21.684,10.48,212.00,227.25
5.266,2634,2,75,525,524,381,21.721,10.49,214.00,227.81
5.268,2635,2,75,526,523,382,21.721,10.47,215.00,227.46
5.270,2636,3,75,523,520,383,21.736,10.46,211.00,227.27
5.272,2637,3,75,524,521,383,21.750,10.46,211.00,227.59
5.274,2638,3,75,524,521,385,21.750,10.48,214.00,227.94
5.276,2639,3,75,524,522,382,21.728,10.48,212.00,227.71
5.278,2640,3,75,525,521,382,21.714,10.48,214.00,227.56
5.280,2641,3,75,524,522,384,21.750,10.46,212.00,227.42
5.282,2642,3,75,524,522,382,21.758,10.46,214.00,227.50
5.284,2643,2,75,524,523,382,21.743,10.46,214.00,227.52
5.286,2644,2,75,524,520,383,21.684,10.49,211.00,227.42
5.288,2645,3,75,526,523,385,21.684,10.48,214.00,227.25
5.290,2646,3,75,524,522,383,21.692,10.47,212.00,227.16
5.292,2647,3,75,524,523,384,21.684,10.47,212.00,227.07
5.294,2648,3,75,525,523,381,21.721,10.46,214.00,227.11
5.296,2649,3,75,525,522,385,21.721,10.46,214.00,227.11
5.298,2650,3,75,526,523,382,21.721,10.47,212.00,227.46
5.300,2651,3,75,524,522,382,21.714,10.49,214.00,227.74
5.302,2652,2,75,523,520,384,21.692,10.49,211.00,227.51
5.304,2653,3,75,526,523,383,21.692,10.48,214.00,227.33
5.306,2654,3,75,523,522,384,21.677,10.46,209.00,226.65
5.308,2655,2,75,526,523,382,21.721,10.46,214.00,227.29
5.310,2656,3,75,525,523,383,21.714,10.48,215.00,227.56
5.312,2657,2,75,525,522,383,21.714,10.47,215.00,227.39
5.314,2658,2,75,525,524,383,21.706,10.50,214.00,227.85
5.316,2659,3,75,525,523,384,21.721,10.48,214.00,227.64
5.318,2660,3,75,524,522,384,21.721,10.46,215.00,227.11
5.320,2661,3,75,525,522,384,21.721,10.46,212.00,227.11
5.322,2662,3,75,524,522,383,21.728,10.45,215.00,227.01
5.324,2663,2,75,524,522,385,21.714,10.48,212.00,227.56
5.326,2664,2,75,525,522,383,21.721,10.49,215.00,227.81
5.328,2665,3,75,524,522,383,21.699,10.49,212.00,227.58
5.330,2666,2,75,526,522,384,21.714,10.47,212.00,227.39
5.332,2667,2,75,526,522,383,21.721,10.46,215.00,227.11
5.334,2668,3,75,524,522,383,21.706,10.46,214.00,226.96
5.336,2669,2,75,524,521,384,21.706,10.47,211.00,227.31
5.338,2670,3,75,524,522,384,21.699,10.50,214.00,227.77
5.340,2671,3,75,525,523,383,21.699,10.47,215.00,227.23
5.342,2672,2,75,526,523,384,21.699,10.47,212.00,227.23
5.344,2673,3,75,524,522,385,21.721,10.43,212.00,226.57
5.346,2674,3,75,526,523,383,21.706,10.45,212.00,226.78
5.348,2675,2,75,525,522,383,21.699,10.46,212.00,227.06
5.350,2676,3,75,525,520,385,21.684,10.49,212.00,227.42
5.352,2677,3,75,525,522,384,21.677,10.50,212.00,227.54
5.354,2678,2,75,526,523,382,21.684,10.47,215.00,227.07
5.356,2679,3,75,526,522,382,21.699,10.46,215.00,227.06
5.358,2680,3,75,526,523,384,21.699,10.43,211.00,226.34
5.360,2681,2,75,526,523,382,21.728,10.49,215.00,227.88
5.362,2682,3,75,526,523,383,21.692,10.47,214.00,227.16
5.364,2683,2,75,526,524,381,21.699,10.50,217.00,227.77
5.366,2684,2,75,526,523,383,21.677,10.49,214.00,227.35
5.368,2685,3,75,527,524,383,21.692,10.45,214.00,226.64
5.370,2686,2,75,526,524,382,21.699,10.47,212.00,227.23
5.372,2687,2,75,525,523,384,21.714,10.45,212.00,226.87
5.374,2688,3,75,526,523,383,21.684,10.49,214.00,227.42
5.376,2689,3,75,527,523,384,21.670,10.48,214.00,227.10
5.378,2690,3,75,526,522,384,21.663,10.47,212.00,226.85
5.380,2691,3,75,524,522,384,21.670,10.45,212.00,226.41
5.382,2692,3,75,525,523,384,21.684,10.46,212.00,226.73
5.384,2693,2783,75,527,523,384,21.684,10.46,212.00,226.90
5.386,2694,3,75,526,522,384,21.699,10.48,214.00,227.41
5.388,2695,2,75,526,522,384,21.655,10.51,212.00,227.49
5.390,2696,2,75,527,524,383,21.663,10.47,212.00,226.85
5.392,2697,2,75,526,524,383,21.670,10.48,214.00,227.10
5.394,2698,2,75,526,523,384,21.670,10.46,212.00,226.58
5.396,2699,3,75,526,523,383,21.699,10.46,215.00,226.88
5.398,2700,3,75,525,523,383,21.670,10.47,212.00,226.93
5.400,2701,3,75,525,523,383,21.670,10.47,212.00,226.93
5.402,2702,2,75,525,523,384,21.670,10.49,215.00,227.27
5.404,2703,2,75,524,523,382,21.677,10.46,215.00,226.83
5.406,2704,2,75,526,523,383,21.692,10.46,215.00,226.81
5.408,2705,3,75,525,522,384,21.692,10.44,211.00,226.46
5.410,2706,2,75,525,523,385,21.684,10.47,211.00,227.07
5.412,2707,3,75,526,524,382,21.699,10.50,215.00,227.77
5.414,2708,3,75,525,523,385,21.684,10.47,212.00,227.07
5.416,2709,3,75,527,524,384,21.663,10.47,214.00,226.85
5.418,2710,3,75,525,523,385,21.684,10.44,212.00,226.38
5.420,2711,2,75,525,522,385,21.699,10.46,212.00,226.88
5.422,2712,2,75,527,525,381,21.706,10.46,215.00,227.13
5.424,2713,2,75,525,524,384,21.670,10.49,214.00,227.27
5.426,2714,2,75,526,525,381,21.670,10.49,214.00,227.27
5.428,2715,3,75,525,523,384,21.663,10.46,217.00,226.68
5.430,2716,3,75,526,523,384,21.684,10.47,212.00,227.07
5.432,2717,3,75,528,526,381,21.684,10.45,214.00,226.55
5.434,2718,2,75,526,524,383,21.684,10.46,215.00,226.90
5.436,2719,2,75,525,524,384,21.692,10.47,215.00,227.16
5.438,2720,2,75,528,525,381,21.684,10.50,217.00,227.62
5.440,2721,3,75,528,523,382,21.670,10.47,212.00,226.93
5.442,2722,3,75,524,523,383,21.663,10.46,212.00,226.68
5.444,2723,3,75,526,524,381,21.699,10.46,215.00,226.88
5.446,2724,2,75,526,523,382,21.677,10.47,215.00,227.00
5.448,2725,3,75,526,523,383,21.692,10.49,212.00,227.51
5.450,2726,3,75,526,525,382,21.670,10.49,215.00,227.27
5.452,2727,2,75,526,524,383,21.655,10.47,215.00,226.77
5.454,2728,3,75,524,522,383,21.663,10.45,211.00,226.34
5.456,2729,3,75,526,523,385,21.677,10.45,214.00,226.48
5.458,2730,2,75,527,524,381,21.692,10.45,217.00,226.64
5.460,2731,3,75,526,524,383,21.684,10.47,214.00,227.07
5.462,2732,3,75,526,523,385,21.670,10.49,212.00,227.27
5.464,2733,3,75,528,525,383,21.655,10.48,212.00,226.94
5.466,2734,3,75,526,523,383,21.684,10.48,214.00,227.25
5.468,2735,2,75,525,523,383,21.692,10.46,214.00,226.81
5.470,2736,2,75,526,524,381,21.692,10.46,215.00,226.81
5.472,2737,3,75,527,524,381,21.692,10.47,215.00,227.16
5.474,2738,2,75,526,524,381,21.677,10.50,214.00,227.54
5.476,2739,2,75,527,524,382,21.663,10.49,214.00,227.20
5.478,2740,3,75,527,524,381,21.663,10.48,214.00,227.03
5.480,2741,2,75,527,524,384,21.655,10.46,209.00,226.42
5.482,2742,2,75,526,522,382,21.677,10.46,215.00,226.83
5.484,2743,3,75,525,523,382,21.677,10.47,214.00,227.00
5.486,2744,2,75,527,524,382,21.670,10.49,212.00,227.27
5.488,2745,3,75,526,524,384,21.641,10.48,212.00,226.80
5.490,2746,3,75,526,523,384,21.633,10.46,212.00,226.19
5.492,2747,2,75,527,524,383,21.648,10.46,212.00,226.35
5.494,2748,2,75,527,526,382,21.699,10.44,214.00,226.54
5.496,2749,2,75,528,524,384,21.670,10.46,212.00,226.75
5.498,2750,2,75,526,524,383,21.670,10.47,214.00,226.93
5.500,2751,3,75,527,524,384,21.677,10.48,214.00,227.17
5.502,2752,3,75,526,524,383,21.663,10.50,215.00,227.40
5.504,2753,2,75,528,526,382,21.677,10.46,215.00,226.83
5.506,2754,2,75,526,523,383,21.670,10.45,214.00,226.41
5.508,2755,2,75,526,525,384,21.684,10.43,212.00,226.19
5.510,2756,2,75,526,525,382,21.677,10.48,217.00,227.17
5.512,2757,3,75,529,525,384,21.655,10.48,214.00,226.94
5.514,2758,2,75,526,525,383,21.655,10.49,215.00,227.12
5.516,2759,2,75,527,524,383,21.655,10.49,215.00,227.12
5.518,2760,3,75,526,524,382,21.670,10.46,214.00,226.58
5.520,2761,2,75,526,523,383,21.670,10.44,212.00,226.23
5.522,2762,2,75,527,526,382,21.684,10.45,214.00,226.55
5.524,2763,3,75,527,525,382,21.670,10.49,214.00,227.27
5.526,2764,2,75,527,524,384,21.655,10.48,211.00,226.94
5.528,2765,2,75,529,525,383,21.655,10.46,212.00,226.60
5.530,2766,3,75,527,525,382,21.684,10.47,212.00,227.07
5.532,2767,2,75,527,524,383,21.684,10.46,214.00,226.90
5.534,2768,2,75,527,526,382,21.692,10.48,214.00,227.33
5.536,2769,3,75,526,523,385,21.670,10.46,211.00,226.75
5.538,2770,3,75,527,525,382,21.670,10.50,217.00,227.47
5.540,2771,2,75,527,524,382,21.648,10.48,215.00,226.87
5.542,2772,2,75,527,525,382,21.655,10.49,215.00,227.12
5.544,2773,2,75,528,525,383,21.663,10.44,212.00,226.16
5.546,2774,3,75,527,526,383,21.670,10.46,212.00,226.58
5.548,2775,3,75,527,524,384,21.670,10.47,212.00,226.93
5.550,2776,2,75,529,525,382,21.677,10.46,215.00,226.83
5.552,2777,3,75,527,524,382,21.655,10.49,212.00,227.12
5.554,2778,3,75,528,525,382,21.655,10.46,214.00,226.42
5.556,2779,3,75,527,524,383,21.663,10.46,214.00,226.68
5.558,2780,3,75,528,525,383,21.677,10.46,212.00,226.65
5.560,2781,2773,75,529,525,382,21.663,10.45,214.00,226.34
5.562,2782,2,75,528,526,382,21.677,10.48,215.00,227.17
5.564,2783,3,75,527,525,381,21.670,10.48,217.00,227.10
5.566,2784,2,75,527,525,382,21.670,10.48,214.00,227.10
5.568,2785,2,75,527,525,384,21.655,10.45,212.00,226.25
5.570,2786,3,75,528,526,383,21.663,10.45,212.00,226.34
5.572,2787,2,75,528,524,382,21.670,10.46,214.00,226.58
5.574,2788,2,75,527,525,381,21.677,10.49,215.00,227.35
5.576,2789,3,75,529,525,383,21.655,10.47,214.00,226.77
5.578,2790,2,75,528,525,382,21.655,10.48,214.00,226.94
5.580,2791,2,75,527,524,382,21.655,10.45,212.00,226.25
5.582,2792,3,75,528,525,382,21.663,10.46,215.00,226.51
5.584,2793,2,75,526,523,384,21.663,10.47,211.00,226.85
5.586,2794,2783,75,526,523,383,21.663,10.46,211.00,226.68
5.588,2795,2,75,528,524,383,21.663,10.49,212.00,227.20
5.590,2796,2,75,527,525,383,21.648,10.47,217.00,226.70
5.592,2797,3,75,527,526,382,21.648,10.46,214.00,226.52
5.594,2798,3,75,528,525,384,21.663,10.44,212.00,226.16
5.596,2799,2,75,527,523,382,21.677,10.44,214.00,226.31
5.598,2800,3,75,528,525,384,21.677,10.46,212.00,226.65
5.600,2801,3,75,528,526,383,21.648,10.47,214.00,226.70
5.602,2802,2,75,528,524,385,21.648,10.46,211.00,226.52
5.604,2803,2,75,527,526,383,21.655,10.46,214.00,226.60
5.606,2804,2,75,528,525,382,21.655,10.47,214.00,226.77
5.608,2805,2,75,527,525,383,21.626,10.45,214.00,225.95
5.610,2806,3,75,528,526,382,21.633,10.47,214.00,226.54
5.612,2807,2,75,529,525,382,21.633,10.48,215.00,226.71
5.614,2808,2,75,528,525,383,21.619,10.50,212.00,226.93
5.616,2809,2,75,528,526,383,21.626,10.47,214.00,226.47
5.618,2810,3,75,527,524,384,21.604,10.44,214.00,225.55
5.620,2811,3,75,528,523,383,21.648,10.45,214.00,226.18
5.622,2812,3,75,528,527,382,21.663,10.46,214.00,226.51
5.624,2813,2,75,528,526,383,21.641,10.48,212.00,226.80
5.626,2814,2,75,528,524,383,21.641,10.48,212.00,226.80
5.628,2815,3,75,529,525,381,21.633,10.51,214.00,227.25
5.630,2816,3,75,528,527,383,21.633,10.47,212.00,226.54
5.632,2817,3,75,529,526,382,21.655,10.46,214.00,226.60
5.634,2818,3,75,527,524,384,21.655,10.45,211.00,226.25
5.636,2819,3,75,526,524,384,21.648,10.46,211.00,226.52
5.638,2820,3,75,529,524,382,21.655,10.46,212.00,226.42
5.640,2821,3,75,529,526,384,21.641,10.46,211.00,226.45
5.642,2822,2,75,528,525,384,21.648,10.47,211.00,226.70
5.644,2823,3,75,530,525,382,21.655,10.44,214.00,226.08
5.646,2824,3,75,527,525,384,21.677,10.45,211.00,226.48
5.648,2825,2,75,528,524,382,21.677,10.46,215.00,226.65
5.650,2826,3,75,529,526,383,21.655,10.46,214.00,226.60
5.652,2827,3,75,528,526,382,21.655,10.48,214.00,226.94
5.654,2828,2,75,528,525,384,21.633,10.47,212.00,226.54
5.656,2829,2,75,526,523,384,21.670,10.46,209.00,226.75
5.658,2830,2,75,527,525,383,21.648,10.46,212.00,226.35
5.660,2831,2,75,528,525,384,21.663,10.45,212.00,226.34
5.662,2832,3,75,528,526,383,21.648,10.46,212.00,226.52
5.664,2833,2,75,528,527,385,21.619,10.48,212.00,226.57
5.666,2834,2,75,528,526,382,21.619,10.48,212.00,226.57
5.668,2835,3,75,528,526,384,21.648,10.46,214.00,226.52
5.670,2836,2,75,527,524,382,21.663,10.44,214.00,226.16
5.672,2837,2,75,529,526,383,21.648,10.43,215.00,225.81
5.674,2838,3,75,527,524,384,21.648,10.45,212.00,226.18
5.676,2839,108,75,528,526,384,21.626,10.48,214.00,226.64
5.678,2840,108,75,528,525,384,21.641,10.48,215.00,226.80
5.680,2841,3,75,528,525,384,21.619,10.47,211.00,226.39
5.682,2842,2,75,527,524,385,21.641,10.45,209.00,226.11
5.684,2843,2,75,528,525,383,21.648,10.42,212.00,225.64
5.686,2844,3,75,528,525,384,21.648,10.45,214.00,226.18
5.688,2845,2,75,527,524,383,21.633,10.45,214.00,226.02
5.690,2846,2,75,528,525,385,21.626,10.47,211.00,226.47
5.692,2847,2,75,528,526,381,21.655,10.47,215.00,226.77
5.694,2848,2,75,528,526,381,21.648,10.47,214.00,226.70
5.696,2849,3,75,528,526,382,21.684,10.43,215.00,226.19
5.698,2850,3,75,529,526,382,21.677,10.45,215.00,226.48
5.700,2851,2,75,528,526,381,21.684,10.47,214.00,227.07
5.702,2852,3,75,529,527,383,21.655,10.46,214.00,226.60
5.704,2853,3,75,527,523,384,21.619,10.48,208.00,226.57
5.706,2854,2,75,529,526,380,21.648,10.47,214.00,226.70
5.708,2855,3,75,529,526,382,21.670,10.47,214.00,226.93
5.710,2856,3,75,527,524,385,21.670,10.43,211.00,226.04
5.712,2857,2,75,528,526,383,21.655,10.46,212.00,226.42
5.714,2858,3,75,528,527,382,21.648,10.47,215.00,226.70
5.716,2859,3,75,528,526,383,21.633,10.49,212.00,226.89
5.718,2860,3,75,528,527,383,21.626,10.46,214.00,226.29
5.720,2861,3,75,530,526,382,21.641,10.43,215.00,225.74
5.722,2862,3,75,528,525,382,21.663,10.44,212.00,226.16
5.724,2863,3,75,528,525,385,21.655,10.45,211.00,226.25
5.726,2864,2,75,529,526,383,21.663,10.47,215.00,226.85
5.728,2865,2,75,529,525,385,21.633,10.47,214.00,226.54
5.730,2866,2,75,528,525,383,21.619,10.48,212.00,226.57
5.732,2867,2,75,527,525,383,21.633,10.44,211.00,225.85
5.734,2868,2,75,528,526,383,21.641,10.45,212.00,226.11
5.736,2869,2785,75,526,523,385,21.670,10.43,209.00,226.04
5.738,2870,3,75,528,526,382,21.655,10.46,212.00,226.42
5.740,2871,3,75,528,526,383,21.648,10.48,214.00,226.87
5.742,2872,3,75,527,523,384,21.611,10.47,211.00,226.31
5.744,2873,3,75,528,526,384,21.619,10.47,212.00,226.39
5.746,2874,2,75,527,525,381,21.641,10.45,214.00,226.11
5.748,2875,3,75,528,527,382,21.655,10.43,214.00,225.88
5.750,2876,3,75,530,526,382,21.648,10.46,212.00,226.52
5.752,2877,3,75,528,525,384,21.626,10.47,211.00,226.47
5.754,2878,3,75,528,525,384,21.611,10.46,211.00,225.96
5.756,2879,3,75,529,526,384,21.589,10.46,212.00,225.91
5.758,2880,3,75,529,525,382,21.626,10.46,214.00,226.29
5.760,2881,3,75,528,525,383,21.641,10.45,212.00,226.11
5.762,2882,2775,75,527,525,383,21.670,10.46,212.00,226.75
5.764,2883,2,75,529,527,382,21.655,10.46,212.00,226.42
5.766,2884,3,75,528,526,383,21.597,10.48,212.00,226.34
5.768,2885,2,75,527,524,385,21.589,10.45,208.00,225.56
5.770,2886,2,75,529,526,384,21.604,10.46,212.00,226.06
5.772,2887,3,75,528,525,383,21.626,10.44,212.00,225.78
5.774,2888,2,75,527,524,385,21.611,10.44,211.00,225.62
5.776,2889,2,75,528,525,384,21.633,10.44,211.00,225.85
5.778,2890,3,75,527,525,385,21.604,10.46,211.00,225.89
5.780,2891,2,75,529,525,386,21.597,10.47,212.00,226.16
5.782,2892,2,75,528,526,382,21.604,10.46,214.00,226.06
5.784,2893,2,75,530,525,385,21.604,10.45,208.00,225.72
5.786,2894,2,75,528,527,384,21.641,10.45,212.00,226.11
5.788,2895,2786,75,528,527,382,21.633,10.46,214.00,226.19
5.790,2896,2,75,529,526,382,21.626,10.47,214.00,226.47
5.792,2897,2,75,528,525,384,21.597,10.47,211.00,226.16
5.794,2898,3,75,529,525,383,21.611,10.46,217.00,226.14
5.796,2899,3,75,529,526,384,21.597,10.46,212.00,225.82
5.798,2900,2,75,528,526,384,21.633,10.43,212.00,225.65
5.800,2901,3,75,526,524,384,21.626,10.44,208.00,225.78
5.802,2902,3,75,527,525,382,21.648,10.46,212.00,226.35
5.804,2903,2,75,528,527,384,21.626,10.46,212.00,226.29
5.806,2904,3,75,529,526,383,21.633,10.49,212.00,226.89
5.808,2905,3,75,529,526,383,21.626,10.46,215.00,226.29
5.810,2906,3,75,528,527,383,21.641,10.46,215.00,226.45
5.812,2907,3,75,529,526,384,21.648,10.43,214.00,225.81
5.814,2908,2775,75,528,526,383,21.648,10.46,212.00,226.52
5.816,2909,2,75,528,525,386,21.611,10.46,208.00,225.96
5.818,2910,3,75,529,526,382,21.611,10.48,212.00,226.48
5.820,2911,2,75,528,528,384,21.597,10.46,211.00,225.99
5.822,2912,2,75,527,526,384,21.611,10.45,211.00,225.79
5.824,2913,3,75,529,525,384,21.633,10.43,214.00,225.65
5.826,2914,3,75,528,526,382,21.641,10.46,214.00,226.28
5.828,2915,3,75,529,527,383,21.626,10.45,212.00,225.95
5.830,2916,3,75,528,525,383,21.611,10.46,212.00,226.14
5.832,2917,3,75,526,523,386,21.560,10.47,208.00,225.78
5.834,2918,3,75,528,526,383,21.589,10.44,212.00,225.39
5.836,2919,3,75,529,525,384,21.589,10.43,214.00,225.19
5.838,2920,2,75,529,524,384,21.611,10.42,211.00,225.25
5.840,2921,2785,75,528,525,382,21.604,10.46,214.00,225.89
5.842,2922,2,75,529,526,383,21.604,10.45,214.00,225.72
5.844,2923,2,75,529,526,381,21.589,10.47,214.00,226.08
5.846,2924,3,75,527,526,384,21.589,10.46,212.00,225.91
5.848,2925,3,75,527,524,384,21.582,10.44,209.00,225.32
5.850,2926,2,75,530,525,383,21.604,10.45,211.00,225.72
5.852,2927,3,75,528,525,382,21.619,10.44,212.00,225.70
5.854,2928,3,75,529,527,383,21.611,10.48,214.00,226.48
5.856,2929,2,75,530,526,382,21.589,10.46,215.00,225.91
5.858,2930,3,75,528,527,382,21.575,10.48,212.00,226.11
5.860,2931,3,75,529,526,382,21.597,10.44,214.00,225.47
5.862,2932,2,75,529,524,384,21.589,10.45,211.00,225.56
5.864,2933,3,75,529,525,387,21.604,10.43,209.00,225.35
5.866,2934,2775,75,528,525,383,21.597,10.46,214.00,225.82
5.868,2935,2,75,528,525,383,21.611,10.46,214.00,226.14
5.870,2936,3,75,529,525,384,21.604,10.47,211.00,226.24
5.872,2937,2,75,528,526,385,21.589,10.45,211.00,225.56
5.874,2938,2,75,529,525,383,21.597,10.42,214.00,225.11
5.876,2939,3,75,529,525,384,21.597,10.45,211.00,225.65
5.878,2940,2,75,528,525,384,21.604,10.44,212.00,225.55
5.880,2941,2,75,531,527,384,21.589,10.45,211.00,225.56
5.882,2942,3,75,530,526,384,21.597,10.46,212.00,225.99
5.884,2943,3,75,530,526,381,21.582,10.46,214.00,225.83
5.886,2944,3,75,530,526,382,21.589,10.44,214.00,225.39
5.888,2945,3,75,529,526,382,21.597,10.44,212.00,225.47
5.890,2946,3,75,529,528,383,21.604,10.44,214.00,225.55
5.892,2947,2785,75,528,526,383,21.597,10.47,214.00,226.16
5.894,2948,3,75,529,525,384,21.575,10.46,211.00,225.59
5.896,2949,3,75,528,526,382,21.575,10.46,214.00,225.76
5.898,2950,2,75,530,526,382,21.589,10.46,212.00,225.91
5.900,2951,2,75,528,527,383,21.597,10.42,212.00,225.11
5.902,2952,3,75,528,525,384,21.597,10.45,212.00,225.65
5.904,2953,3,75,529,526,382,21.611,10.45,215.00,225.79
5.906,2954,3,75,527,524,385,21.589,10.46,212.00,225.91
5.908,2955,2,75,528,526,386,21.597,10.46,209.00,225.99
5.910,2956,3,75,529,526,384,21.589,10.46,212.00,225.73
5.912,2957,3,75,531,525,386,21.582,10.44,208.00,225.32
5.914,2958,2,75,529,526,384,21.604,10.43,212.00,225.35
5.916,2959,3,75,529,526,384,21.604,10.46,211.00,225.89
5.918,2960,2775,75,530,526,383,21.611,10.46,212.00,226.14
5.920,2961,2,75,529,527,384,21.582,10.48,215.00,226.18
5.922,2962,3,75,530,527,382,21.582,10.46,215.00,225.83
5.924,2963,2,75,530,527,382,21.567,10.46,215.00,225.50
5.926,2964,2,75,529,525,383,21.597,10.42,212.00,225.11
5.928,2965,3,75,529,525,387,21.597,10.43,208.00,225.28
5.930,2966,2,75,530,527,383,21.611,10.45,212.00,225.79
5.932,2967,2,75,529,526,383,21.611,10.46,212.00,226.14
5.934,2968,3,75,529,527,384,21.611,10.47,212.00,226.31
5.936,2969,2,75,530,527,384,21.589,10.44,212.00,225.39
5.938,2970,2,75,531,527,382,21.619,10.46,215.00,226.05
5.940,2971,3,75,529,526,382,21.619,10.44,212.00,225.70
5.942,2972,3,75,530,526,384,21.611,10.44,211.00,225.62
5.944,2973,2785,75,528,528,385,21.597,10.44,214.00,225.47
5.946,2974,3,75,529,527,383,21.604,10.48,215.00,226.41
5.948,2975,3,75,529,527,384,21.582,10.45,211.00,225.49
5.950,2976,3,75,529,527,383,21.589,10.45,214.00,225.56
5.952,2977,3,75,528,525,384,21.604,10.43,211.00,225.35
5.954,2978,2,75,529,525,383,21.597,10.43,212.00,225.28
5.956,2979,3,75,530,526,385,21.619,10.44,212.00,225.70
5.958,2980,3,75,529,526,384,21.589,10.46,211.00,225.73
5.960,2981,3,75,530,526,384,21.604,10.46,211.00,225.89
5.962,2982,3,75,531,526,385,21.597,10.46,211.00,225.82
5.964,2983,3,75,530,526,385,21.589,10.44,212.00,225.39
5.966,2984,2,75,528,526,385,21.611,10.41,212.00,224.91
5.968,2985,3,75,528,527,384,21.604,10.44,212.00,225.55
5.970,2986,2,75,530,526,384,21.619,10.47,214.00,226.39
5.972,2987,2,75,530,526,383,21.589,10.49,215.00,226.43
5.974,2988,3,75,531,527,383,21.575,10.46,211.00,225.59
5.976,2989,3,75,529,525,386,21.575,10.45,211.00,225.42
5.978,2990,3,75,529,527,382,21.604,10.43,211.00,225.35
5.980,2991,3,75,529,527,384,21.597,10.41,212.00,224.93
5.982,2992,3,75,531,526,384,21.611,10.44,214.00,225.62
5.984,2993,3,75,530,527,384,21.597,10.46,214.00,225.82
5.986,2994,3,75,528,526,382,21.619,10.47,215.00,226.39
5.988,2995,2,75,529,526,383,21.597,10.44,214.00,225.47
5.990,2996,2,75,529,526,384,21.611,10.45,212.00,225.79
5.992,2997,3,75,528,525,383,21.611,10.44,211.00,225.62
5.994,2998,3,75,529,528,384,21.597,10.45,212.00,225.65
5.996,2999,3,75,530,527,382,21.604,10.45,214.00,225.72
5.998,3000,3,75,529,526,384,21.597,10.47,214.00,226.16
6.000,3001,106,75,528,525,385,21.589,10.45,214.00,225.56
6.002,3002,3,0,530,527,382,21.604,10.45,215.00,225.72
6.004,3003,3,0,530,526,385,21.611,10.41,211.00,224.91
6.006,3004,2,0,529,525,384,21.611,10.43,211.00,225.42
6.008,3005,3,0,531,528,385,21.633,10.44,212.00,225.85
6.010,3006,3,0,529,526,384,21.604,10.46,211.00,226.06
6.012,3007,2,0,528,526,384,21.611,10.46,212.00,225.96
6.014,3008,3,0,528,527,384,21.567,10.45,214.00,225.33
6.016,3009,3,0,529,525,384,21.575,10.43,209.00,225.05
6.018,3010,2,0,530,527,384,21.611,10.43,211.00,225.42
6.020,3011,3,0,529,527,385,21.604,10.44,214.00,225.55
6.022,3012,2,0,530,528,383,21.582,10.46,212.00,225.66
6.024,3013,2,0,531,527,385,21.567,10.47,215.00,225.85
6.026,3014,3,0,530,527,383,21.582,10.44,212.00,225.32
6.028,3015,2,0,531,527,385,21.575,10.45,214.00,225.42
6.030,3016,2,0,530,526,384,21.597,10.41,214.00,224.76
6.032,3017,3,0,530,527,384,21.589,10.44,214.00,225.39
6.034,3018,3,0,528,526,384,21.589,10.44,214.00,225.39
6.036,3019,3,0,530,526,383,21.597,10.46,215.00,225.82
6.038,3020,3,0,530,525,384,21.575,10.46,215.00,225.59
6.040,3021,2,0,530,528,386,21.538,10.43,212.00,224.66
6.042,3022,2,0,530,527,384,21.567,10.44,212.00,225.16
6.044,3023,3,0,529,527,383,21.575,10.45,212.00,225.42
6.046,3024,2,0,531,527,384,21.582,10.45,215.00,225.49
6.048,3025,3,0,529,527,384,21.567,10.44,211.00,225.16
6.050,3026,3,0,530,527,384,21.567,10.46,214.00,225.68
6.052,3027,2,0,530,527,384,21.538,10.45,212.00,225.03
6.054,3028,3,0,529,526,385,21.560,10.44,214.00,225.09
6.056,3029,3,0,533,529,384,21.575,10.42,215.00,224.88
6.058,3030,2,0,530,527,384,21.589,10.44,215.00,225.39
6.060,3031,3,0,531,527,385,21.230,10.73,212.00,227.86
6.062,3032,3,0,530,527,384,18.285,10.93,215.00,199.84
6.064,3033,3,0,530,527,385,15.882,10.96,214.00,174.10
6.066,3034,3,0,530,526,384,13.912,10.97,214.00,152.61
6.068,3035,3,0,531,528,384,12.256,10.96,212.00,134.35
6.070,3036,97,0,532,528,383,10.901,10.98,215.00,119.67
6.072,3037,2,0,531,528,384,9.772,10.97,214.00,107.20
6.074,3038,2,0,531,528,384,8.813,10.96,214.00,96.61
6.076,3039,3,0,530,526,386,8.021,10.99,209.00,88.18
6.078,3040,2,0,532,528,384,7.362,10.97,215.00,80.76
6.080,3041,2,0,531,527,383,6.586,11.07,214.00,72.89
6.082,3042,3,0,530,527,385,5.604,11.07,211.00,62.03
6.084,3043,3,0,528,526,384,4.776,11.08,211.00,52.90
6.086,3044,3,0,529,526,386,4.065,11.08,212.00,45.02
6.088,3045,3,0,532,528,385,3.479,11.07,212.00,38.51
6.090,3046,3,0,529,527,385,2.981,11.08,212.00,33.04
6.092,3047,3,0,530,527,384,2.556,11.09,215.00,28.35
6.094,3048,3,0,531,528,385,2.197,11.09,214.00,24.37
6.096,3049,3,0,530,528,384,1.890,11.09,214.00,20.96
6.098,3050,3,0,530,527,383,1.633,11.09,214.00,18.11
6.100,3051,3,0,530,526,386,1.406,11.09,211.00,15.60
6.102,3052,3,0,531,528,384,1.216,11.10,214.00,13.50
6.104,3053,2,0,533,529,383,1.047,11.08,215.00,11.60
6.106,3054,2,0,531,528,384,0.930,11.11,215.00,10.33
6.108,3055,3,0,528,526,385,0.805,11.09,214.00,8.93
6.110,3056,3,0,531,527,384,0.710,11.10,215.00,7.88
6.112,3057,2,0,531,527,385,0.630,11.11,214.00,7.00
6.114,3058,3418,0,530,527,384,0.556,11.10,212.00,6.17
6.116,3059,3,0,530,527,384,0.505,11.10,214.00,5.61
6.118,3060,2,0,530,528,385,0.461,11.11,214.00,5.12
6.120,3061,2,0,532,528,385,0.395,11.09,212.00,4.38
6.122,3062,3,0,530,528,384,0.380,11.12,214.00,4.22
6.124,3063,3,0,530,527,382,0.336,11.10,214.00,3.73
6.126,3064,2,0,529,527,383,0.329,11.12,215.00,3.66
6.128,3065,2,0,531,528,384,0.300,11.10,214.00,3.33
6.130,3066,3,0,530,527,383,0.285,11.11,211.00,3.17
6.132,3067,3,0,528,525,385,0.241,11.10,212.00,2.68
6.134,3068,2,0,530,526,384,0.234,11.10,214.00,2.60
6.136,3069,2,0,528,526,384,0.227,11.11,214.00,2.52
6.138,3070,3,0,529,525,386,0.205,11.11,211.00,2.28
6.140,3071,3,0,529,527,383,0.212,11.10,211.00,2.35
6.142,3072,3,0,531,527,385,0.197,11.12,214.00,2.19
6.144,3073,3,0,530,525,384,0.175,11.10,214.00,1.94
6.146,3074,3,0,530,527,382,0.190,11.12,215.00,2.11
6.148,3075,3,0,529,526,383,0.168,11.11,214.00,1.87
6.150,3076,3,0,530,526,384,0.183,11.11,214.00,2.03
6.152,3077,3,0,532,529,384,0.168,11.12,215.00,1.87
6.154,3078,3,0,529,526,383,0.161,11.11,215.00,1.79
6.156,3079,3,0,528,526,385,0.153,11.09,212.00,1.70
6.158,3080,3,0,530,527,383,0.168,11.12,215.00,1.87
6.160,3081,3,0,532,527,382,0.161,11.12,215.00,1.79
6.162,3082,3,0,531,527,384,0.161,11.12,215.00,1.79
6.164,3083,3,0,530,527,382,0.153,11.12,215.00,1.70
6.166,3084,2,0,530,527,385,0.146,11.11,215.00,1.62
6.168,3085,2,0,532,528,383,0.153,11.12,215.00,1.70
6.170,3086,3,0,530,527,384,0.146,11.12,215.00,1.62
6.172,3087,3,0,529,526,386,0.146,11.11,211.00,1.62
6.174,3088,2,0,532,528,383,0.146,11.12,215.00,1.62
6.176,3089,2,0,532,527,382,0.146,11.12,217.00,1.62
6.178,3090,3,0,529,526,384,0.153,11.12,211.00,1.70
6.180,3091,3,0,530,527,384,0.146,11.12,217.00,1.62
6.182,3092,3,0,530,528,382,0.153,11.12,215.00,1.70
6.184,3093,3,0,532,528,382,0.146,11.12,215.00,1.62
6.186,3094,3,0,530,526,385,0.139,11.12,214.00,1.55
6.188,3095,2,0,530,527,383,0.146,11.13,217.00,1.63
6.190,3096,2,0,530,527,383,0.153,11.12,215.00,1.70
6.192,3097,3,0,532,528,382,0.146,11.12,218.00,1.62
6.194,3098,3,0,531,528,383,0.146,11.12,215.00,1.62
6.196,3099,4419,0,533,528,383,0.161,11.13,215.00,1.79
6.198,3100,3,0,530,527,384,0.139,11.12,214.00,1.55
6.200,3101,3,0,532,528,385,0.131,11.12,214.00,1.46
6.202,3102,3,0,532,530,382,0.153,11.13,215.00,1.70
6.204,3103,3,0,529,527,384,0.139,11.12,212.00,1.55
6.206,3104,2,0,531,528,382,0.146,11.12,215.00,1.62
6.208,3105,2,0,531,528,382,0.146,11.13,215.00,1.63
6.210,3106,2,0,532,528,383,0.146,11.12,217.00,1.62
6.212,3107,3,0,531,529,383,0.161,11.14,217.00,1.79
6.214,3108,3,0,530,527,384,0.124,11.12,214.00,1.38
6.216,3109,2,0,530,527,383,0.153,11.13,215.00,1.70
6.218,3110,2,0,530,528,383,0.139,11.13,215.00,1.55
6.220,3111,4723,0,529,527,383,0.139,11.12,212.00,1.55
6.222,3112,3,0,530,527,383,0.131,11.12,214.00,1.46
6.224,3113,3,0,530,527,383,0.153,11.13,214.00,1.70
6.226,3114,3,0,529,527,385,0.139,11.12,212.00,1.55
6.228,3115,3,0,529,527,382,0.131,11.13,215.00,1.46
6.230,3116,4859,0,532,528,383,0.131,11.12,217.00,1.46
6.232,3117,3,0,531,528,383,0.131,11.11,215.00,1.46
6.234,3118,3,0,530,527,383,0.131,11.12,215.00,1.46
6.236,3119,2,0,529,526,385,0.124,11.11,212.00,1.38
6.238,3120,2,0,530,527,383,0.131,11.13,217.00,1.46
6.240,3121,2,0,529,527,382,0.131,11.13,215.00,1.46
6.242,3122,3,0,529,527,384,0.139,11.12,215.00,1.55
6.244,3123,3,0,530,526,384,0.124,11.11,214.00,1.38
6.246,3124,2,0,531,527,385,0.124,11.12,214.00,1.38
6.248,3125,2,0,532,529,383,0.139,11.12,217.00,1.55
6.250,3126,2,0,531,528,381,0.139,11.14,217.00,1.55
6.252,3127,3,0,531,527,383,0.139,11.12,217.00,1.55
6.254,3128,3,0,531,528,382,0.153,11.14,217.00,1.70
6.256,3129,3,0,529,525,383,0.124,11.11,212.00,1.38
6.258,3130,2,0,530,527,382,0.139,11.13,214.00,1.55
6.260,3131,2,0,530,526,383,0.139,11.12,214.00,1.55
6.262,3132,2,0,530,526,385,0.131,11.12,215.00,1.46
6.264,3133,2,0,529,524,384,0.153,11.13,212.00,1.70
6.266,3134,2,0,531,527,382,0.146,11.13,217.00,1.63
6.268,3135,3,0,530,527,384,0.139,11.12,214.00,1.55
6.270,3136,3,0,529,525,384,0.131,11.12,215.00,1.46
6.272,3137,3,0,529,524,384,0.124,11.12,212.00,1.38
6.274,3138,4,0,529,527,383,0.131,11.12,214.00,1.46
6.276,3139,4,0,530,527,383,0.139,11.12,214.00,1.55
6.278,3140,4,0,529,526,384,0.139,11.13,214.00,1.55
6.280,3141,3,0,530,528,382,0.124,11.12,217.00,1.38
6.282,3142,3,0,531,526,383,0.146,11.12,214.00,1.62
6.284,3143,3,0,529,527,385,0.124,11.13,214.00,1.38
6.286,3144,3,0,530,528,382,0.139,11.12,217.00,1.55
6.288,3145,3,0,528,525,384,0.131,11.12,214.00,1.46
6.290,3146,3,0,528,526,385,0.124,11.11,212.00,1.38
6.292,3147,4,0,530,527,383,0.124,11.12,215.00,1.38
6.294,3148,4,0,529,526,383,0.124,11.12,215.00,1.38
6.296,3149,4,0,531,528,382,0.131,11.14,215.00,1.46
6.298,3150,2,0,530,526,383,0.124,11.12,217.00,1.38
6.300,3151,2,0,529,527,383,0.131,11.12,217.00,1.46
6.302,3152,2,0,530,527,382,0.131,11.13,217.00,1.46
6.304,3153,3,0,530,527,384,0.117,11.12,214.00,1.30
6.306,3154,3,0,531,526,384,0.131,11.12,214.00,1.46
6.308,3155,3,0,529,527,383,0.124,11.13,217.00,1.38
6.310,3156,3,0,530,527,383,0.124,11.13,215.00,1.38
6.312,3157,3,0,530,529,383,0.124,11.12,215.00,1.38
6.314,3158,3,0,531,526,384,0.124,11.12,215.00,1.38
6.316,3159,3,0,530,527,383,0.131,11.14,215.00,1.46
6.318,3160,3,0,530,527,383,0.131,11.13,215.00,1.46
6.320,3161,3,0,529,528,382,0.131,11.13,217.00,1.46
6.322,3162,3,0,531,528,384,0.131,11.13,214.00,1.46
6.324,3163,3,0,533,528,383,0.131,11.13,215.00,1.46
6.326,3164,3,0,530,527,383,0.131,11.13,215.00,1.46
6.328,3165,3,0,530,527,383,0.131,11.14,215.00,1.46
6.330,3166,3,0,531,527,384,0.131,11.13,214.00,1.46
6.332,3167,3,0,530,527,383,0.131,11.13,217.00,1.46
6.334,3168,3,0,530,526,383,0.131,11.14,215.00,1.46
6.336,3169,2,0,531,527,384,0.131,11.12,214.00,1.46
6.338,3170,2,0,530,527,384,0.117,11.12,215.00,1.30
6.340,3171,2,0,530,527,383,0.124,11.13,215.00,1.38
6.342,3172,6377,0,530,527,385,0.124,11.13,214.00,1.38
6.344,3173,3,0,531,527,383,0.131,11.13,215.00,1.46
6.346,3174,3,0,531,527,383,0.131,11.13,215.00,1.46
6.348,3175,3,0,530,527,383,0.153,11.15,215.00,1.71
6.350,3176,3,0,529,527,384,0.124,11.13,215.00,1.38
6.352,3177,3,0,529,528,384,0.131,11.13,215.00,1.46
6.354,3178,3,0,530,528,384,0.117,11.12,215.00,1.30
6.356,3179,3,0,529,526,383,0.131,11.14,215.00,1.46
6.358,3180,3,0,531,528,382,0.124,11.14,218.00,1.38
6.360,3181,3,0,531,526,385,0.124,11.13,214.00,1.38
6.362,3182,3,0,531,528,383,0.131,11.14,217.00,1.46
6.364,3183,3,0,530,526,385,0.124,11.13,214.00,1.38
6.366,3184,3,0,531,527,383,0.131,11.12,215.00,1.46
6.368,3185,3,0,530,526,383,0.124,11.14,217.00,1.38
6.370,3186,5,0,532,528,383,0.131,11.13,215.00,1.46
6.372,3187,2,0,529,527,384,0.117,11.12,215.00,1.30
6.374,3188,2,0,530,527,382,0.131,11.14,215.00,1.46
6.376,3189,2,0,529,527,383,0.153,11.14,212.00,1.70
6.378,3190,3,0,532,527,384,0.124,11.12,214.00,1.38
6.380,3191,3,0,531,526,384,0.131,11.14,215.00,1.46
6.382,3192,3,0,530,527,381,0.139,11.16,215.00,1.55
6.384,3193,3,0,531,526,383,0.124,11.14,215.00,1.38
6.386,3194,3,0,531,528,383,0.131,11.14,215.00,1.46
6.388,3195,3,0,531,528,384,0.131,11.13,215.00,1.46
6.390,3196,3,0,531,526,383,0.124,11.13,215.00,1.38
6.392,3197,7147,0,531,527,383,0.131,11.14,214.00,1.46
6.394,3198,3,0,530,526,382,0.124,11.13,214.00,1.38
6.396,3199,3,0,530,526,384,0.131,11.14,212.00,1.46
6.398,3200,3,0,530,526,384,0.131,11.13,214.00,1.46
6.400,3201,2,0,531,527,383,0.131,11.13,217.00,1.46
6.402,3202,2,0,529,527,384,0.131,11.13,215.00,1.46
6.404,3203,2,0,530,527,382,0.139,11.14,215.00,1.55
6.406,3204,2,0,528,526,384,0.139,11.13,215.00,1.55
6.408,3205,3,0,529,526,383,0.139,11.14,214.00,1.55
6.410,3206,3,0,531,528,382,0.131,11.13,215.00,1.46
6.412,3207,3,0,528,526,383,0.146,11.14,212.00,1.63
6.414,3208,3,0,528,526,385,0.124,11.12,214.00,1.38
6.416,3209,2,0,531,526,385,0.124,11.12,214.00,1.38
6.418,3210,2,0,530,527,382,0.131,11.13,215.00,1.46
6.420,3211,2,0,530,526,384,0.131,11.13,215.00,1.46
6.422,3212,2,0,530,527,383,0.124,11.13,215.00,1.38
6.424,3213,2,0,530,528,383,0.131,11.14,212.00,1.46
6.426,3214,2,0,529,526,383,0.124,11.13,217.00,1.38
6.428,3215,2,0,528,526,385,0.117,11.13,215.00,1.30
6.430,3216,2,0,529,528,383,0.146,11.14,215.00,1.63
6.432,3217,2,0,529,527,385,0.117,11.12,212.00,1.30
6.434,3218,2,0,528,526,384,0.124,11.12,214.00,1.38
6.436,3219,2,0,530,528,381,0.139,11.15,217.00,1.55
6.438,3220,2,0,529,526,384,0.117,11.13,215.00,1.30
6.440,3221,3,0,531,527,382,0.139,11.15,215.00,1.55
6.442,3222,3,0,530,527,383,0.139,11.15,214.00,1.55
6.444,3223,3,0,531,527,383,0.139,11.14,215.00,1.55
6.446,3224,3,0,530,528,383,0.139,11.14,215.00,1.55
6.448,3225,3,0,529,526,382,0.131,11.14,215.00,1.46
6.450,3226,2,0,530,527,385,0.117,11.12,215.00,1.30
6.452,3227,2,0,531,526,383,0.117,11.13,215.00,1.30
6.454,3228,2,0,530,528,382,0.124,11.13,217.00,1.38
6.456,3229,2,0,531,527,382,0.124,11.14,215.00,1.38
6.458,3230,3,0,530,528,383,0.139,11.14,215.00,1.55
6.460,3231,3,0,529,528,383,0.131,11.14,215.00,1.46
6.462,3232,3,0,531,527,383,0.139,11.15,217.00,1.55
6.464,3233,3,0,531,527,383,0.131,11.15,217.00,1.46
6.466,3234,3,0,530,527,385,0.131,11.13,215.00,1.46
6.468,3235,3,0,530,527,382,0.139,11.14,215.00,1.55
6.470,3236,3,0,530,527,383,0.124,11.13,215.00,1.38
6.472,3237,3,0,530,527,382,0.139,11.14,214.00,1.55
6.474,3238,3,0,532,528,382,0.131,11.14,215.00,1.46
6.476,3239,2,0,529,526,384,0.131,11.13,215.00,1.46
6.478,3240,2,0,529,528,383,0.131,11.14,215.00,1.46
6.480,3241,2,0,529,527,384,0.124,11.14,215.00,1.38
6.482,3242,2,0,528,526,384,0.124,11.13,215.00,1.38
6.484,3243,2,0,531,527,383,0.124,11.14,215.00,1.38
6.486,3244,2,0,529,528,382,0.131,11.15,217.00,1.46
6.488,3245,2,0,530,527,383,0.131,11.16,214.00,1.46
6.490,3246,2,0,529,527,384,0.124,11.14,215.00,1.38
6.492,3247,2,0,533,527,382,0.139,11.14,215.00,1.55
6.494,3248,3,0,530,526,383,0.139,11.14,215.00,1.55
6.496,3249,3,0,531,527,384,0.124,11.14,214.00,1.38
6.498,3250,3,0,530,526,384,0.124,11.12,214.00,1.38
6.500,3251,3,0,530,527,383,0.139,11.13,215.00,1.55
6.502,3252,5,0,529,526,385,0.124,11.12,212.00,1.38
6.504,3253,2,0,530,527,382,0.146,11.15,215.00,1.63
6.506,3254,2,0,530,526,383,0.117,11.14,215.00,1.30
6.508,3255,2,0,531,527,383,0.117,11.15,217.00,1.30
6.510,3256,2,0,529,527,383,0.131,11.14,214.00,1.46
6.512,3257,3,0,531,527,383,0.131,11.14,217.00,1.46
6.514,3258,3,0,531,527,383,0.117,11.15,218.00,1.30
6.516,3259,3,0,529,526,384,0.131,11.14,215.00,1.46
6.518,3260,3,0,529,526,384,0.124,11.13,214.00,1.38
6.520,3261,3,0,527,524,384,0.124,11.12,211.00,1.38
6.522,3262,2,0,528,525,384,0.131,11.14,212.00,1.46
6.524,3263,2,0,530,527,384,0.124,11.14,214.00,1.38
6.526,3264,2,0,529,527,383,0.139,11.14,215.00,1.55
6.528,3265,2,0,529,527,381,0.117,11.14,215.00,1.30
6.530,3266,2,0,529,526,382,0.117,11.14,217.00,1.30
6.532,3267,4,0,530,527,382,0.124,11.15,215.00,1.38
6.534,3268,4,0,531,527,382,0.131,11.16,218.00,1.46
6.536,3269,4,0,528,524,383,0.131,11.13,211.00,1.46
6.538,3270,4,0,531,527,384,0.131,11.14,214.00,1.46
6.540,3271,4,0,532,528,384,0.139,11.14,214.00,1.55
6.542,3272,3,0,529,527,382,0.131,11.14,214.00,1.46
6.544,3273,3,0,529,527,382,0.131,11.16,215.00,1.46
6.546,3274,3,0,530,526,382,0.131,11.15,215.00,1.46
6.548,3275,3,0,528,525,383,0.139,11.13,214.00,1.55
6.550,3276,3,0,532,526,383,0.124,11.14,217.00,1.38
6.552,3277,3,0,529,526,383,0.131,11.14,214.00,1.46
6.554,3278,3,0,530,527,382,0.131,11.15,215.00,1.46
6.556,3279,3,0,530,526,384,0.131,11.15,215.00,1.46
6.558,3280,3,0,530,526,385,0.124,11.14,214.00,1.38
6.560,3281,3,0,529,527,384,0.124,11.13,217.00,1.38
6.562,3282,2,0,528,526,383,0.117,11.13,214.00,1.30
6.564,3283,3,0,529,527,382,0.131,11.15,215.00,1.46
6.566,3284,3,0,530,526,383,0.124,11.15,214.00,1.38
6.568,3285,3,0,528,525,385,0.117,11.12,212.00,1.30
6.570,3286,3,0,531,527,384,0.117,11.13,214.00,1.30
6.572,3287,3,0,531,527,383,0.131,11.14,215.00,1.46
6.574,3288,3,0,530,526,385,0.124,11.14,214.00,1.38
6.576,3289,3,0,531,526,383,0.124,11.13,217.00,1.38
6.578,3290,3,0,531,527,384,0.131,11.15,217.00,1.46
6.580,3291,3,0,530,525,382,0.124,11.13,215.00,1.38
6.582,3292,3,0,530,526,384,0.124,11.14,212.00,1.38
6.584,3293,6,0,530,525,384,0.131,11.14,214.00,1.46
6.586,3294,3,0,531,526,382,0.131,11.15,217.00,1.46
6.588,3295,3,0,531,527,383,0.124,11.15,217.00,1.38
6.590,3296,3,0,529,525,384,0.124,11.13,212.00,1.38
6.592,3297,3,0,530,527,383,0.131,11.15,217.00,1.46
6.594,3298,3,0,530,528,384,0.124,11.13,215.00,1.38
6.596,3299,3,0,530,527,383,0.124,11.13,217.00,1.38
6.598,3300,3,0,528,526,383,0.139,11.14,215.00,1.55
6.600,3301,3,0,528,525,384,0.124,11.13,211.00,1.38
6.602,3302,3,0,529,527,384,0.131,11.14,212.00,1.46
6.604,3303,3,0,530,528,383,0.139,11.14,214.00,1.55
6.606,3304,3,0,530,528,382,0.139,11.15,215.00,1.55
6.608,3305,2,0,529,526,383,0.131,11.14,214.00,1.46
6.610,3306,2,0,530,528,384,0.124,11.14,217.00,1.38
6.612,3307,2,0,530,526,384,0.131,11.14,214.00,1.46
6.614,3308,2,0,530,526,384,0.124,11.13,212.00,1.38
6.616,3309,2,0,530,525,384,0.124,11.13,214.00,1.38
6.618,3310,5,0,528,526,383,0.131,11.14,214.00,1.46
6.620,3311,2,0,531,526,384,0.124,11.14,214.00,1.38
6.622,3312,2,0,531,527,382,0.124,11.14,217.00,1.38
6.624,3313,2,0,529,527,382,0.124,11.14,214.00,1.38
6.626,3314,2,0,531,526,384,0.131,11.15,218.00,1.46
6.628,3315,2,0,529,528,383,0.139,11.15,215.00,1.55
6.630,3316,3,0,530,528,383,0.087,11.08,214.00,0.96
6.632,3317,3,0,528,524,384,0.131,11.15,209.00,1.46
6.634,3318,3,0,529,526,384,0.124,11.15,214.00,1.38
6.636,3319,3,0,530,526,383,0.131,11.14,214.00,1.46
6.638,3320,3,0,529,528,383,0.131,11.14,214.00,1.46
6.640,3321,3,0,531,526,383,0.139,11.15,217.00,1.55
6.642,3322,3,0,530,528,381,0.131,11.15,218.00,1.46
6.644,3323,3,0,530,526,384,0.124,11.15,215.00,1.38
6.646,3324,3,0,528,526,384,0.131,11.13,212.00,1.46
6.648,3325,3,0,528,524,387,0.124,11.13,209.00,1.38
6.650,3326,3,0,530,526,384,0.131,11.15,215.00,1.46
6.652,3327,3,0,529,525,384,0.124,11.14,214.00,1.38
6.654,3328,3,0,530,526,384,0.124,11.14,212.00,1.38
6.656,3329,2,0,529,527,383,0.124,11.13,212.00,1.38
6.658,3330,2,0,529,527,382,0.139,11.15,215.00,1.55
6.660,3331,2,0,529,527,382,0.124,11.15,215.00,1.38
6.662,3332,2,0,529,527,384,0.131,11.14,214.00,1.46
6.664,3333,2,0,528,526,383,0.124,11.13,214.00,1.38
6.666,3334,2,0,529,526,384,0.117,11.13,214.00,1.30
6.668,3335,6,0,529,526,383,0.131,11.14,214.00,1.46
6.670,3336,3,0,528,526,383,0.124,11.13,214.00,1.38
6.672,3337,3,0,529,526,382,0.131,11.14,215.00,1.46
6.674,3338,3,0,529,526,383,0.124,11.15,215.00,1.38
6.676,3339,3,0,529,526,383,0.131,11.15,214.00,1.46
6.678,3340,3,0,529,526,383,0.131,11.14,215.00,1.46
6.680,3341,3,0,527,525,385,0.131,11.15,211.00,1.46
6.682,3342,2,0,530,526,382,0.131,11.14,215.00,1.46
6.684,3343,2,0,528,526,384,0.131,11.14,212.00,1.46
6.686,3344,2,0,529,526,383,0.139,11.15,212.00,1.55
6.688,3345,2,0,529,525,384,0.117,11.14,212.00,1.30
6.690,3346,2,0,528,527,382,0.109,11.13,217.00,1.21
6.692,3347,2,0,529,526,382,0.139,11.14,215.00,1.55
6.694,3348,3,0,528,525,384,0.124,11.13,212.00,1.38
6.696,3349,2,0,526,522,385,0.124,11.14,209.00,1.38
6.698,3350,2,0,529,524,383,0.124,11.14,214.00,1.38
6.700,3351,2,0,529,526,383,0.124,11.13,214.00,1.38
6.702,3352,2,0,528,526,384,0.124,11.15,214.00,1.38
6.704,3353,2,0,529,525,382,0.131,11.15,214.00,1.46
6.706,3354,2,0,528,525,384,0.117,11.14,214.00,1.30
6.708,3355,2,0,529,525,383,0.131,11.15,215.00,1.46
6.710,3356,2,0,528,525,384,0.131,11.13,212.00,1.46
6.712,3357,2,0,527,524,385,0.124,11.15,211.00,1.38
6.714,3358,2,0,530,527,383,0.117,11.13,212.00,1.30
6.716,3359,2,0,529,525,384,0.117,11.14,214.00,1.30
6.718,3360,2,0,531,525,384,0.124,11.13,214.00,1.38
6.720,3361,2,0,530,525,383,0.124,11.14,214.00,1.38
6.722,3362,2,0,530,527,381,0.131,11.16,217.00,1.46
6.724,3363,2,0,530,527,383,0.139,11.15,217.00,1.55
6.726,3364,2,0,529,525,383,0.124,11.13,212.00,1.38
6.728,3365,2,0,529,525,385,0.124,11.14,209.00,1.38
6.730,3366,2,0,529,525,384,0.117,11.14,215.00,1.30
6.732,3367,2,0,529,526,383,0.146,11.16,214.00,1.63
6.734,3368,2,0,530,527,383,0.139,11.16,215.00,1.55
6.736,3369,2,0,530,526,384,0.131,11.14,214.00,1.46
6.738,3370,2,0,528,526,384,0.109,11.13,215.00,1.21
6.740,3371,2,0,529,526,384,0.124,11.15,214.00,1.38
6.742,3372,2,0,530,526,383,0.124,11.14,214.00,1.38
6.744,3373,2,0,528,524,384,0.124,11.13,211.00,1.38
6.746,3374,2,0,530,527,384,0.117,11.14,215.00,1.30
6.748,3375,2,0,528,526,384,0.131,11.15,214.00,1.46
6.750,3376,2,0,529,526,383,0.131,11.14,214.00,1.46
6.752,3377,5,0,528,526,383,0.131,11.16,214.00,1.46
6.754,3378,3,0,528,526,383,0.124,11.14,215.00,1.38
6.756,3379,3,0,528,525,384,0.124,11.16,215.00,1.38
6.758,3380,3,0,529,526,384,0.124,11.14,214.00,1.38
6.760,3381,3,0,528,525,386,0.117,11.14,209.00,1.30
6.762,3382,3,0,530,525,384,0.124,11.14,214.00,1.38
6.764,3383,3,0,529,526,384,0.139,11.16,214.00,1.55
6.766,3384,3,0,528,525,384,0.124,11.13,212.00,1.38
6.768,3385,2,0,529,525,384,0.117,11.15,214.00,1.30
6.770,3386,2,0,530,525,384,0.139,11.16,215.00,1.55
6.772,3387,2,0,530,525,384,0.131,11.15,214.00,1.46
6.774,3388,2,0,528,526,383,0.117,11.14,217.00,1.30
6.776,3389,2,0,527,525,383,0.117,11.14,211.00,1.30
6.778,3390,2,0,528,526,384,0.131,11.15,214.00,1.46
6.780,3391,2,0,528,526,384,0.124,11.14,214.00,1.38
6.782,3392,2,0,530,526,384,0.131,11.14,214.00,1.46
6.784,3393,3,0,530,527,384,0.131,11.15,214.00,1.46
6.786,3394,3,0,532,525,384,0.131,11.15,214.00,1.46
6.788,3395,3,0,529,524,383,0.124,11.14,215.00,1.38
6.790,3396,3,0,529,527,384,0.131,11.14,214.00,1.46
6.792,3397,3,0,529,525,385,0.124,11.13,211.00,1.38
6.794,3398,3,0,528,526,384,0.131,11.14,214.00,1.46
6.796,3399,3,0,528,525,382,0.131,11.15,214.00,1.46
6.798,3400,3,0,530,526,384,0.124,11.14,214.00,1.38
6.800,3401,3,0,527,524,383,0.131,11.15,212.00,1.46
6.802,3402,3,0,528,526,383,0.124,11.15,215.00,1.38
6.804,3403,3,0,529,526,383,0.131,11.14,215.00,1.46
6.806,3404,3,0,528,525,384,0.131,11.14,212.00,1.46
6.808,3405,3,0,527,525,384,0.124,11.14,211.00,1.38
6.810,3406,3,0,529,526,384,0.117,11.14,215.00,1.30
6.812,3407,3,0,528,527,383,0.124,11.15,214.00,1.38
6.814,3408,3,0,529,525,384,0.124,11.14,215.00,1.38
6.816,3409,5,0,529,526,384,0.124,11.15,215.00,1.38
6.818,3410,3,0,529,525,385,0.131,11.15,214.00,1.46
6.820,3411,3,0,528,525,385,0.117,11.13,214.00,1.30
6.822,3412,3,0,528,525,384,0.109,11.14,214.00,1.21
6.824,3413,3,0,528,525,384,0.109,11.12,214.00,1.21
6.826,3414,3,0,529,526,384,0.131,11.15,215.00,1.46
6.828,3415,3,0,529,526,382,0.124,11.15,214.00,1.38
6.830,3416,3,0,528,525,384,0.131,11.15,214.00,1.46
6.832,3417,3,0,528,525,384,0.124,11.14,214.00,1.38
6.834,3418,2,0,531,527,384,0.139,11.14,215.00,1.55
6.836,3419,2,0,529,526,382,0.131,11.16,214.00,1.46
6.838,3420,2,0,529,526,383,0.124,11.15,214.00,1.38
6.840,3421,2,0,531,527,384,0.124,11.14,214.00,1.38
6.842,3422,2,0,530,526,384,0.124,11.14,217.00,1.38
6.844,3423,2,0,528,526,384,0.131,11.15,215.00,1.46
6.846,3424,2,0,529,526,383,0.139,11.16,214.00,1.55
6.848,3425,2,0,528,525,384,0.124,11.13,214.00,1.38
6.850,3426,2,0,529,526,384,0.124,11.15,215.00,1.38
6.852,3427,3,0,528,526,383,0.131,11.15,214.00,1.46
6.854,3428,3,0,527,525,384,0.124,11.13,214.00,1.38
6.856,3429,3,0,529,524,385,0.131,11.15,214.00,1.46
6.858,3430,3,0,530,525,384,0.117,11.13,214.00,1.30
6.860,3431,3,0,530,525,384,0.117,11.14,212.00,1.30
6.862,3432,3,0,529,525,383,0.117,11.14,215.00,1.30
6.864,3433,3,0,528,526,384,0.124,11.14,214.00,1.38
6.866,3434,3,0,530,527,383,0.124,11.16,214.00,1.38
6.868,3435,3,0,528,525,383,0.124,11.14,214.00,1.38
6.870,3436,5,0,529,525,382,0.124,11.15,215.00,1.38
6.872,3437,2,0,527,525,384,0.131,11.14,212.00,1.46
6.874,3438,2,0,528,525,384,0.117,11.14,215.00,1.30
6.876,3439,2,0,528,526,384,0.146,11.15,212.00,1.63
6.878,3440,2,0,529,525,385,0.117,11.14,214.00,1.30
6.880,3441,2,0,529,526,383,0.131,11.15,214.00,1.46
6.882,3442,2,0,528,525,385,0.117,11.14,212.00,1.30
6.884,3443,2,0,531,526,384,0.131,11.15,212.00,1.46
6.886,3444,2,0,530,527,382,0.131,11.15,217.00,1.46
6.888,3445,2,0,529,526,384,0.131,11.14,212.00,1.46
6.890,3446,3,0,531,528,385,0.124,11.14,214.00,1.38
6.892,3447,3,0,529,527,384,0.117,11.15,217.00,1.30
6.894,3448,3,0,529,525,384,0.124,11.14,212.00,1.38
6.896,3449,3,0,530,526,383,0.131,11.16,214.00,1.46
6.898,3450,3,0,528,528,382,0.131,11.16,215.00,1.46
6.900,3451,3,0,529,525,383,0.124,11.14,214.00,1.38
6.902,3452,3,0,528,525,383,0.124,11.15,212.00,1.38
6.904,3453,3,0,528,525,386,0.117,11.14,209.00,1.30
6.906,3454,3,0,529,525,384,0.117,11.14,214.00,1.30
6.908,3455,3,0,528,525,384,0.124,11.15,214.00,1.38
6.910,3456,2,0,530,526,384,0.153,11.16,214.00,1.71
6.912,3457,2,0,530,525,383,0.131,11.14,214.00,1.46
6.914,3458,2,0,529,526,384,0.124,11.16,215.00,1.38
6.916,3459,2,0,527,526,384,0.131,11.16,214.00,1.46
6.918,3460,2,0,529,525,383,0.124,11.14,212.00,1.38
6.920,3461,2,0,530,528,385,0.117,11.14,214.00,1.30
6.922,3462,2,0,528,526,384,0.117,11.14,215.00,1.30
6.924,3463,2,0,529,526,384,0.131,11.15,214.00,1.46
6.926,3464,2,0,529,524,384,0.131,11.16,214.00,1.46
6.928,3465,2,0,529,526,384,0.124,11.15,215.00,1.38
6.930,3466,3,0,529,526,384,0.131,11.15,214.00,1.46
6.932,3467,3,0,529,525,385,0.117,11.15,214.00,1.30
6.934,3468,3,0,530,526,383,0.131,11.16,217.00,1.46
6.936,3469,3,0,528,526,385,0.117,11.14,212.00,1.30
6.938,3470,3,0,529,525,384,0.124,11.16,215.00,1.38
6.940,3471,3,0,528,526,385,0.131,11.15,215.00,1.46
6.942,3472,3,0,528,526,383,0.131,11.15,215.00,1.46
6.944,3473,3,0,528,526,384,0.117,11.14,214.00,1.30
6.946,3474,3,0,528,524,382,0.117,11.15,217.00,1.30
6.948,3475,3,0,527,524,384,0.117,11.15,214.00,1.30
6.950,3476,3,0,529,527,383,0.117,11.15,214.00,1.30
6.952,3477,3,0,529,525,384,0.117,11.15,212.00,1.30
6.954,3478,3,0,529,525,386,0.117,11.15,214.00,1.30
6.956,3479,3,0,529,524,384,0.117,11.14,215.00,1.30
6.958,3480,3,0,528,526,383,0.124,11.15,215.00,1.38
6.960,3481,3,0,528,525,384,0.117,11.15,214.00,1.30
6.962,3482,3,0,528,525,382,0.117,11.14,214.00,1.30
6.964,3483,3,0,529,527,383,0.117,11.15,215.00,1.30
6.966,3484,3,0,530,526,382,0.131,11.15,215.00,1.46
6.968,3485,3,0,529,526,384,0.124,11.16,214.00,1.38
6.970,3486,3,0,528,525,384,0.109,11.13,215.00,1.21
6.972,3487,3,0,528,526,384,0.124,11.15,214.00,1.38
6.974,3488,3,0,527,524,384,0.117,11.16,215.00,1.31
6.976,3489,3,0,530,524,384,0.117,11.14,214.00,1.30
6.978,3490,3,0,527,524,383,0.124,11.15,214.00,1.38
6.980,3491,3,0,528,526,383,0.124,11.15,214.00,1.38
6.982,3492,3,0,528,525,384,0.117,11.14,215.00,1.30
6.984,3493,3,0,529,527,384,0.117,11.15,212.00,1.30
6.986,3494,3,0,529,526,384,0.131,11.16,215.00,1.46
6.988,3495,3,0,527,525,384,0.117,11.14,215.00,1.30
6.990,3496,3,0,528,525,383,0.117,11.15,217.00,1.30
6.992,3497,3,0,529,526,384,0.117,11.14,215.00,1.30
6.994,3498,3,0,528,526,383,0.139,11.15,214.00,1.55
6.996,3499,3,0,527,524,383,0.117,11.15,214.00,1.30
6.998,3500,3,0,529,525,383,0.124,11.14,215.00,1.38
7.000,3501,3,0,529,526,386,0.109,11.14,214.00,1.21
7.002,3502,3,0,527,524,385,0.124,11.14,212.00,1.38
7.004,3503,3,0,529,525,385,0.131,11.15,214.00,1.46
7.006,3504,3,0,529,526,382,0.131,11.16,214.00,1.46
7.008,3505,3,0,528,525,385,0.124,11.15,214.00,1.38
7.010,3506,3,0,529,524,384,0.124,11.15,214.00,1.38
7.012,3507,3,0,529,526,383,0.117,11.14,215.00,1.30
7.014,3508,3,0,529,525,384,0.124,11.13,214.00,1.38
7.016,3509,3,0,529,526,383,0.124,11.14,215.00,1.38
7.018,3510,3,0,528,525,385,0.124,11.15,214.00,1.38
7.020,3511,3,0,529,526,383,0.131,11.16,217.00,1.46
7.022,3512,3,0,528,525,383,0.117,11.15,215.00,1.30
7.024,3513,2,0,528,526,383,0.124,11.15,215.00,1.38
7.026,3514,6,0,529,526,383,0.117,11.16,214.00,1.31
7.028,3515,6,0,527,523,384,0.124,11.15,212.00,1.38
7.030,3516,6,0,530,525,386,0.131,11.16,214.00,1.46
7.032,3517,6,0,529,526,382,0.117,11.15,217.00,1.30
7.034,3518,6,0,528,525,385,0.131,11.16,215.00,1.46
7.036,3519,6,0,529,525,384,0.124,11.16,215.00,1.38
7.038,3520,6,0,529,526,383,0.124,11.15,215.00,1.38
7.040,3521,6,0,528,525,384,0.117,11.14,214.00,1.30
7.042,3522,6,0,528,526,384,0.131,11.15,212.00,1.46
7.044,3523,6,0,529,528,382,0.131,11.16,215.00,1.46
7.046,3524,6,0,528,527,382,0.139,11.16,217.00,1.55
7.048,3525,6,0,530,526,385,0.124,11.15,214.00,1.38
7.050,3526,2,0,530,526,384,0.131,11.15,217.00,1.46
7.052,3527,3,0,528,526,383,0.131,11.16,215.00,1.46
7.054,3528,3,0,528,525,385,0.139,11.15,215.00,1.55
7.056,3529,3,0,529,525,383,0.124,11.15,214.00,1.38
7.058,3530,3,0,528,526,382,0.131,11.16,215.00,1.46
7.060,3531,3,0,530,526,382,0.131,11.16,215.00,1.46
7.062,3532,3,0,529,526,384,0.131,11.15,215.00,1.46
7.064,3533,3,0,530,527,385,0.117,11.15,215.00,1.30
7.066,3534,3,0,530,527,382,0.131,11.15,217.00,1.46
7.068,3535,3,0,529,525,384,0.117,11.13,215.00,1.30
7.070,3536,3,0,528,524,383,0.124,11.16,217.00,1.38
7.072,3537,3,0,528,524,384,0.117,11.16,215.00,1.31
7.074,3538,3,0,528,524,384,0.131,11.16,214.00,1.46
7.076,3539,3,0,529,526,383,0.131,11.16,217.00,1.46
7.078,3540,3,0,528,524,384,0.117,11.14,215.00,1.30
7.080,3541,3,0,531,527,382,0.117,11.16,217.00,1.31
7.082,3542,3,0,527,525,384,0.124,11.15,214.00,1.38
7.084,3543,3,0,530,525,383,0.109,11.14,215.00,1.21
7.086,3544,3,0,528,525,383,0.117,11.14,215.00,1.30
7.088,3545,3,0,528,525,383,0.131,11.16,214.00,1.46
7.090,3546,3,0,527,525,384,0.124,11.15,212.00,1.38
7.092,3547,3,0,529,524,385,0.124,11.15,214.00,1.38
7.094,3548,3,0,529,526,384,0.124,11.15,214.00,1.38
7.096,3549,3,0,530,527,385,0.124,11.16,215.00,1.38
7.098,3550,3,0,528,525,385,0.124,11.16,214.00,1.38
7.100,3551,3,0,528,525,383,0.124,11.16,215.00,1.38
7.102,3552,3,0,528,525,384,0.117,11.15,215.00,1.30
7.104,3553,3,0,527,526,384,0.131,11.16,212.00,1.46
7.106,3554,3,0,528,525,385,0.124,11.14,212.00,1.38
7.108,3555,3,0,527,525,383,0.117,11.14,217.00,1.30
7.110,3556,2,0,527,526,384,0.109,11.14,215.00,1.21
7.112,3557,2,0,529,526,385,0.131,11.16,215.00,1.46
7.114,3558,2,0,529,526,383,0.131,11.15,215.00,1.46
7.116,3559,2,0,529,524,384,0.117,11.15,215.00,1.30
7.118,3560,2,0,528,525,383,0.124,11.16,217.00,1.38
7.120,3561,2,0,528,524,384,0.117,11.16,215.00,1.31
7.122,3562,2,0,528,524,384,0.124,11.16,214.00,1.38
7.124,3563,2,0,530,525,383,0.109,11.14,215.00,1.21
7.126,3564,2,0,529,527,382,0.124,11.16,217.00,1.38
7.128,3565,2,0,530,526,384,0.117,11.15,215.00,1.30
7.130,3566,2,0,528,524,385,0.124,11.16,215.00,1.38
7.132,3567,2,0,528,524,385,0.117,11.15,215.00,1.30
7.134,3568,2,0,528,526,384,0.124,11.14,212.00,1.38
7.136,3569,2,0,530,526,381,0.139,11.16,217.00,1.55
7.138,3570,2,0,527,524,385,0.124,11.14,214.00,1.38
7.140,3571,3,0,530,526,384,0.124,11.16,215.00,1.38
7.142,3572,2,0,529,526,384,0.124,11.15,215.00,1.38
7.144,3573,2,0,529,527,382,0.117,11.16,220.00,1.31
7.146,3574,2,0,528,525,385,0.117,11.15,215.00,1.30
7.148,3575,2,0,530,525,385,0.124,11.15,215.00,1.38
7.150,3576,2,0,529,524,384,0.117,11.14,215.00,1.30
7.152,3577,2,0,529,526,383,0.124,11.16,215.00,1.38
7.154,3578,2,0,529,526,384,0.124,11.15,214.00,1.38
7.156,3579,2,0,529,526,384,0.124,11.16,215.00,1.38
7.158,3580,2,0,527,526,384,0.124,11.16,215.00,1.38
7.160,3581,2,0,530,527,383,0.139,11.16,217.00,1.55
7.162,3582,2,0,527,524,384,0.124,11.15,212.00,1.38
7.164,3583,2,0,529,525,385,0.117,11.15,215.00,1.30
7.166,3584,2,0,529,527,383,0.131,11.16,215.00,1.46
7.168,3585,2,0,529,526,383,0.124,11.16,217.00,1.38
7.170,3586,2,0,527,524,384,0.131,11.16,212.00,1.46
7.172,3587,2,0,528,525,383,0.131,11.16,215.00,1.46
7.174,3588,2,0,529,527,381,0.139,11.16,217.00,1.55
7.176,3589,2,0,530,527,384,0.117,11.15,217.00,1.30
7.178,3590,3,0,528,525,383,0.124,11.16,214.00,1.38
7.180,3591,3,0,527,525,384,0.131,11.16,217.00,1.46
7.182,3592,3,0,528,525,383,0.124,11.16,217.00,1.38
7.184,3593,3,0,529,526,384,0.117,11.15,215.00,1.30
7.186,3594,3,0,529,525,384,0.117,11.15,214.00,1.30
7.188,3595,3,0,529,527,381,0.139,11.16,217.00,1.55
7.190,3596,3,0,529,527,384,0.139,11.16,215.00,1.55
7.192,3597,3,0,530,526,382,0.117,11.16,218.00,1.31
7.194,3598,3,0,529,525,384,0.131,11.16,215.00,1.46
7.196,3599,3,0,526,524,385,0.131,11.15,214.00,1.46
7.198,3600,3,0,528,524,385,0.131,11.15,211.00,1.46
7.200,3601,3,0,529,525,386,0.117,11.15,215.00,1.30
7.202,3602,3,0,530,525,383,0.117,11.15,214.00,1.30
7.204,3603,3,0,529,526,383,0.131,11.15,215.00,1.46
7.206,3604,3,0,529,527,383,0.124,11.15,217.00,1.38
7.208,3605,3,0,530,525,384,0.109,11.15,218.00,1.22
7.210,3606,3,0,529,526,383,0.117,11.16,217.00,1.31
7.212,3607,3,0,529,524,382,0.131,11.16,217.00,1.46
7.214,3608,3,0,527,526,383,0.131,11.16,217.00,1.46
7.216,3609,2,0,530,526,382,0.124,11.15,218.00,1.38
7.218,3610,2,0,528,525,384,0.131,11.14,214.00,1.46
7.220,3611,2,0,530,525,384,0.131,11.16,214.00,1.46
7.222,3612,2,0,529,524,386,0.124,11.15,212.00,1.38
7.224,3613,2,0,530,525,382,0.124,11.15,217.00,1.38
7.226,3614,2,0,530,525,383,0.124,11.16,215.00,1.38
7.228,3615,2,0,530,525,383,0.124,11.16,217.00,1.38
7.230,3616,2,0,529,525,385,0.124,11.16,214.00,1.38
7.232,3617,2,0,530,525,385,0.124,11.15,215.00,1.38
7.234,3618,2,0,527,523,385,0.131,11.15,212.00,1.46
7.236,3619,2,0,529,526,384,0.146,11.16,214.00,1.63
7.238,3620,2,0,530,526,384,0.124,11.16,215.00,1.38
7.240,3621,2,0,529,526,384,0.124,11.14,217.00,1.38
7.242,3622,2,0,528,524,384,0.117,11.15,215.00,1.30
7.244,3623,2,0,528,525,383,0.124,11.16,217.00,1.38
7.246,3624,2,0,528,524,384,0.124,11.16,214.00,1.38
7.248,3625,2,0,528,525,382,0.131,11.16,217.00,1.46
7.250,3626,2,0,528,523,385,0.117,11.15,212.00,1.30
7.252,3627,2,0,530,526,385,0.117,11.15,215.00,1.30
7.254,3628,2,0,528,526,385,0.124,11.15,214.00,1.38
7.256,3629,3,0,530,526,382,0.124,11.15,217.00,1.38
7.258,3630,3,0,529,527,384,0.124,11.16,215.00,1.38
7.260,3631,3,0,528,524,383,0.131,11.16,214.00,1.46
7.262,3632,3,0,529,526,383,0.139,11.17,215.00,1.55
7.264,3633,3,0,527,524,384,0.124,11.16,215.00,1.38
7.266,3634,3,0,528,524,384,0.117,11.16,214.00,1.31
7.268,3635,3,0,529,525,384,0.131,11.16,215.00,1.46
7.270,3636,3,0,527,525,384,0.117,11.16,214.00,1.31
7.272,3637,3,0,530,525,383,0.139,11.16,215.00,1.55
7.274,3638,3,0,530,525,382,0.139,11.15,215.00,1.55
7.276,3639,3,0,529,525,384,0.124,11.16,214.00,1.38
7.278,3640,3,0,528,526,384,0.117,11.16,215.00,1.31
7.280,3641,3,0,528,525,385,0.124,11.16,215.00,1.38
7.282,3642,3,0,529,525,385,0.109,11.14,214.00,1.21
7.284,3643,3,0,529,526,384,0.131,11.16,215.00,1.46
7.286,3644,3,0,530,525,384,0.131,11.16,215.00,1.46
7.288,3645,3,0,527,524,385,0.117,11.14,212.00,1.30
7.290,3646,3,0,528,524,383,0.124,11.16,215.00,1.38
7.292,3647,3,0,528,527,382,0.124,11.16,217.00,1.38
7.294,3648,3,0,528,525,384,0.117,11.16,215.00,1.31
7.296,3649,3,0,529,525,386,0.117,11.16,215.00,1.31
7.298,3650,3,0,528,525,384,0.109,11.15,214.00,1.22
7.300,3651,3,0,529,526,382,0.131,11.16,215.00,1.46
7.302,3652,3,0,528,525,383,0.124,11.16,215.00,1.38
7.304,3653,3,0,530,525,383,0.139,11.17,217.00,1.55
7.306,3654,3,0,529,527,382,0.124,11.16,217.00,1.38
7.308,3655,2,0,528,525,383,0.124,11.16,215.00,1.38
7.310,3656,2,0,528,525,385,0.131,11.16,214.00,1.46
7.312,3657,2,0,531,525,384,0.139,11.15,214.00,1.55
7.314,3658,2,0,528,525,384,0.124,11.16,214.00,1.38
7.316,3659,2,0,528,525,384,0.131,11.16,212.00,1.46
7.318,3660,2,0,529,527,383,0.131,11.16,214.00,1.46
7.320,3661,2,0,530,527,384,0.131,11.16,220.00,1.46
7.322,3662,2,0,528,525,385,0.131,11.16,215.00,1.46
7.324,3663,2,0,528,526,382,0.139,11.16,215.00,1.55
7.326,3664,2,0,530,528,382,0.139,11.17,217.00,1.55
7.328,3665,2,0,530,526,383,0.139,11.17,215.00,1.55
7.330,3666,2,0,528,524,386,0.131,11.15,212.00,1.46
7.332,3667,2,0,529,526,383,0.139,11.17,217.00,1.55
7.334,3668,2,0,528,526,383,0.131,11.16,215.00,1.46
7.336,3669,2,0,529,526,383,0.117,11.16,217.00,1.31
7.338,3670,2,0,529,525,384,0.124,11.16,214.00,1.38
7.340,3671,2,0,529,526,385,0.117,11.15,215.00,1.30
7.342,3672,2,0,530,527,383,0.139,11.18,217.00,1.55
7.344,3673,2,0,529,525,383,0.131,11.16,215.00,1.46
7.346,3674,2,0,529,525,384,0.117,11.16,214.00,1.31
7.348,3675,2,0,531,525,383,0.139,11.16,214.00,1.55
7.350,3676,2,0,529,526,384,0.131,11.16,217.00,1.46
7.352,3677,2,0,529,526,382,0.131,11.16,218.00,1.46
7.354,3678,2,0,529,525,384,0.131,11.16,212.00,1.46
7.356,3679,2,0,530,526,384,0.131,11.16,212.00,1.46
7.358,3680,2,0,530,526,385,0.124,11.16,215.00,1.38
7.360,3681,2,0,528,525,384,0.124,11.16,215.00,1.38
7.362,3682,3,0,528,525,385,0.131,11.15,214.00,1.46
7.364,3683,3,0,529,526,384,0.139,11.16,212.00,1.55
7.366,3684,3,0,529,524,384,0.124,11.16,214.00,1.38
7.368,3685,3,0,530,526,381,0.124,11.16,218.00,1.38
7.370,3686,3,0,529,527,382,0.131,11.16,215.00,1.46
7.372,3687,3,0,530,526,385,0.124,11.16,215.00,1.38
7.374,3688,3,0,527,524,385,0.117,11.16,215.00,1.31
7.376,3689,3,0,528,524,385,0.124,11.15,215.00,1.38
7.378,3690,3,0,528,526,383,0.117,11.16,215.00,1.31
7.380,3691,3,0,531,526,382,0.146,11.17,217.00,1.63
7.382,3692,3,0,529,526,383,0.131,11.16,217.00,1.46
7.384,3693,3,0,530,526,383,0.117,11.16,214.00,1.31
7.386,3694,3,0,530,525,384,0.124,11.16,215.00,1.38
7.388,3695,3,0,528,526,383,0.124,11.15,217.00,1.38
7.390,3696,3,0,526,525,384,0.117,11.16,215.00,1.31
7.392,3697,3,0,529,526,384,0.117,11.16,215.00,1.31
7.394,3698,3,0,529,526,384,0.131,11.16,217.00,1.46
7.396,3699,3,0,528,525,384,0.131,11.16,214.00,1.46
7.398,3700,3,0,528,526,384,0.109,11.15,215.00,1.22
7.400,3701,3,0,528,524,384,0.131,11.16,214.00,1.46
7.402,3702,3,0,527,525,384,0.117,11.16,214.00,1.31
7.404,3703,3,0,530,525,382,0.131,11.16,215.00,1.46
7.406,3704,3,0,529,525,384,0.139,11.16,214.00,1.55
7.408,3705,3,0,527,524,385,0.124,11.15,215.00,1.38
7.410,3706,3,0,529,524,384,0.117,11.15,214.00,1.30
7.412,3707,3,0,529,526,384,0.139,11.16,214.00,1.55
7.414,3708,3,0,529,524,386,0.131,11.16,215.00,1.46
7.416,3709,3,0,530,528,384,0.131,11.16,218.00,1.46
7.418,3710,3,0,528,525,384,0.117,11.15,214.00,1.30
7.420,3711,3,0,527,527,383,0.131,11.16,215.00,1.46
7.422,3712,3,0,528,527,384,0.131,11.16,215.00,1.46
7.424,3713,3,0,528,525,383,0.124,11.15,215.00,1.38
7.426,3714,3,0,528,526,383,0.131,11.16,214.00,1.46
7.428,3715,3,0,528,527,382,0.139,11.17,215.00,1.55
7.430,3716,3,0,529,527,382,0.131,11.16,215.00,1.46
7.432,3717,3,0,528,525,383,0.117,11.16,215.00,1.31
7.434,3718,3,0,530,526,382,0.124,11.16,218.00,1.38
7.436,3719,2,0,529,526,383,0.124,11.16,214.00,1.38
7.438,3720,2,0,528,526,383,0.117,11.16,214.00,1.31
7.440,3721,3,0,530,526,384,0.117,11.16,214.00,1.31
7.442,3722,3,0,529,524,385,0.124,11.15,214.00,1.38
7.444,3723,3,0,528,524,383,0.124,11.16,212.00,1.38
7.446,3724,3,0,530,524,384,0.131,11.16,215.00,1.46
7.448,3725,3,0,530,525,383,0.124,11.15,215.00,1.38
7.450,3726,3,0,529,525,383,0.124,11.16,214.00,1.38
7.452,3727,3,0,528,525,385,0.124,11.15,212.00,1.38
7.454,3728,3,0,529,525,383,0.131,11.16,214.00,1.46
7.456,3729,3,0,528,526,383,0.131,11.16,217.00,1.46
7.458,3730,3,0,528,526,384,0.124,11.16,215.00,1.38
7.460,3731,3,0,529,525,385,0.117,11.15,214.00,1.30
7.462,3732,3,0,530,527,383,0.139,11.16,215.00,1.55
7.464,3733,3,0,530,526,383,0.139,11.16,215.00,1.55
7.466,3734,3,0,528,527,384,0.139,11.16,215.00,1.55
7.468,3735,3,0,527,525,382,0.139,11.16,215.00,1.55
7.470,3736,3,0,528,525,383,0.139,11.17,214.00,1.55
7.472,3737,3,0,529,525,383,0.139,11.16,212.00,1.55
7.474,3738,3,0,529,525,383,0.124,11.16,217.00,1.38
7.476,3739,3,0,527,524,384,0.139,11.16,214.00,1.55
7.478,3740,3,0,528,525,384,0.139,11.16,214.00,1.55
7.480,3741,3,0,529,524,382,0.131,11.16,214.00,1.46
7.482,3742,3,0,528,524,385,0.117,11.14,212.00,1.30
7.484,3743,3,0,530,526,382,0.131,11.16,217.00,1.46
7.486,3744,3,0,528,524,384,0.139,11.16,211.00,1.55
7.488,3745,3,0,529,525,384,0.131,11.16,214.00,1.46
7.490,3746,3,0,529,526,382,0.131,11.16,217.00,1.46
7.492,3747,3,0,527,525,384,0.117,11.15,212.00,1.30
7.494,3748,3,0,529,526,384,0.131,11.16,215.00,1.46
7.496,3749,3,0,528,525,383,0.131,11.16,215.00,1.46
7.498,3750,3,0,529,525,383,0.131,11.17,214.00,1.46
7.500,3751,3,0,527,524,385,0.117,11.16,214.00,1.31
7.502,3752,3,0,530,525,383,0.131,11.16,215.00,1.46
7.504,3753,3,0,529,526,382,0.131,11.16,215.00,1.46
7.506,3754,3,0,527,524,385,0.117,11.15,214.00,1.30
7.508,3755,3,0,528,523,384,0.109,11.14,214.00,1.21
7.510,3756,3,0,528,525,384,0.124,11.15,212.00,1.38
7.512,3757,3,0,528,524,382,0.124,11.16,215.00,1.38
7.514,3758,3,0,529,525,384,0.124,11.16,212.00,1.38
7.516,3759,3,0,527,524,384,0.109,11.14,214.00,1.21
7.518,3760,3,0,528,525,384,0.131,11.16,212.00,1.46
7.520,3761,3,0,528,525,384,0.139,11.17,212.00,1.55
7.522,3762,3,0,529,525,383,0.117,11.15,215.00,1.30
7.524,3763,3,0,529,524,383,0.131,11.17,214.00,1.46
7.526,3764,3,0,527,525,384,0.117,11.15,214.00,1.30
7.528,3765,3,0,527,525,383,0.131,11.17,214.00,1.46
7.530,3766,3,0,529,524,383,0.124,11.16,214.00,1.38
7.532,3767,3,0,528,526,382,0.139,11.16,215.00,1.55
7.534,3768,3,0,529,526,381,0.139,11.16,215.00,1.55
7.536,3769,3,0,528,524,383,0.117,11.16,217.00,1.31
7.538,3770,3,0,528,524,384,0.117,11.16,215.00,1.31
7.540,3771,3,0,528,526,384,0.124,11.16,215.00,1.38
7.542,3772,3,0,530,527,382,0.139,11.17,217.00,1.55
7.544,3773,3,0,527,522,385,0.117,11.16,212.00,1.31
7.546,3774,2,0,528,525,385,0.109,11.15,214.00,1.22
7.548,3775,2,0,528,525,382,0.117,11.17,217.00,1.31
7.550,3776,2,0,530,525,383,0.131,11.16,215.00,1.46
7.552,3777,2,0,527,524,384,0.124,11.16,217.00,1.38
7.554,3778,2,0,527,523,384,0.102,11.15,217.00,1.14
7.556,3779,3,0,527,523,384,0.117,11.15,212.00,1.30
7.558,3780,3,0,529,524,383,0.117,11.16,215.00,1.31
7.560,3781,3,0,529,525,382,0.124,11.17,215.00,1.39
7.562,3782,3,0,529,525,384,0.124,11.16,212.00,1.38
7.564,3783,3,0,529,525,383,0.124,11.16,214.00,1.38
7.566,3784,3,0,527,525,383,0.117,11.17,214.00,1.31
7.568,3785,3,0,529,524,383,0.131,11.16,214.00,1.46
7.570,3786,3,0,528,524,384,0.124,11.16,215.00,1.38
7.572,3787,3,0,528,525,384,0.131,11.16,214.00,1.46
7.574,3788,3,0,529,525,384,0.131,11.16,214.00,1.46
7.576,3789,3,0,529,526,384,0.124,11.16,215.00,1.38
7.578,3790,3,0,529,526,383,0.124,11.16,217.00,1.38
7.580,3791,3,0,528,525,384,0.124,11.16,215.00,1.38
7.582,3792,3,0,528,526,385,0.131,11.16,211.00,1.46
7.584,3793,3,0,529,525,384,0.117,11.16,214.00,1.31
7.586,3794,3,0,528,523,386,0.117,11.16,214.00,1.31
7.588,3795,3,0,527,525,384,0.131,11.16,215.00,1.46
7.590,3796,3,0,530,525,383,0.131,11.16,215.00,1.46
7.592,3797,3,0,528,526,383,0.131,11.16,214.00,1.46
7.594,3798,3,0,529,527,383,0.131,11.16,215.00,1.46
7.596,3799,3,0,529,525,382,0.124,11.16,212.00,1.38
7.598,3800,3,0,528,525,384,0.117,11.16,215.00,1.31
7.600,3801,3,0,528,526,384,0.124,11.16,215.00,1.38
7.602,3802,3,0,528,524,383,0.124,11.17,215.00,1.39
7.604,3803,3,0,529,525,382,0.131,11.17,215.00,1.46
7.606,3804,3,0,529,525,384,0.131,11.18,218.00,1.46
7.608,3805,3,0,528,526,383,0.131,11.16,214.00,1.46
7.610,3806,3,0,529,525,383,0.131,11.18,214.00,1.46
7.612,3807,3,0,529,526,383,0.153,11.15,217.00,1.71
7.614,3808,3,0,530,524,384,0.124,11.16,214.00,1.38
7.616,3809,3,0,528,525,384,0.124,11.16,215.00,1.38
7.618,3810,3,0,529,525,384,0.131,11.16,212.00,1.46
7.620,3811,3,0,529,525,384,0.131,11.16,214.00,1.46
7.622,3812,3,0,528,524,384,0.124,11.16,212.00,1.38
7.624,3813,3,0,529,524,384,0.124,11.16,215.00,1.38
7.626,3814,3,0,528,526,382,0.131,11.16,214.00,1.46
7.628,3815,3,0,526,524,385,0.131,11.16,211.00,1.46
7.630,3816,3,0,530,526,382,0.117,11.16,215.00,1.31
7.632,3817,3,0,527,524,384,0.131,11.16,214.00,1.46
7.634,3818,3,0,529,526,382,0.131,11.16,214.00,1.46
7.636,3819,3,0,528,524,382,0.124,11.16,215.00,1.38
7.638,3820,3,0,530,525,383,0.124,11.16,215.00,1.38
7.640,3821,3,0,527,525,382,0.139,11.17,214.00,1.55
7.642,3822,3,0,527,524,384,0.124,11.17,214.00,1.39
7.644,3823,3,0,527,524,384,0.131,11.16,212.00,1.46
7.646,3824,3,0,529,525,383,0.117,11.17,217.00,1.31
7.648,3825,3,0,528,525,384,0.131,11.16,212.00,1.46
7.650,3826,3,0,530,526,383,0.117,11.16,215.00,1.31
7.652,3827,3,0,528,524,384,0.124,11.16,215.00,1.38
7.654,3828,3,0,530,525,385,0.109,11.16,217.00,1.22
7.656,3829,3,0,528,523,384,0.131,11.16,212.00,1.46
7.658,3830,3,0,528,523,384,0.124,11.16,211.00,1.38
7.660,3831,3,0,527,523,384,0.117,11.16,212.00,1.31
7.662,3832,3,0,527,523,384,0.109,11.14,214.00,1.21
7.664,3833,3,0,528,525,383,0.117,11.16,215.00,1.31
7.666,3834,3,0,528,527,382,0.131,11.16,215.00,1.46
7.668,3835,3,0,529,525,381,0.109,11.15,217.00,1.22
7.670,3836,3,0,528,525,384,0.117,11.16,214.00,1.31
7.672,3837,3,0,529,526,383,0.117,11.16,212.00,1.31
7.674,3838,3,0,528,524,384,0.117,11.16,215.00,1.31
7.676,3839,3,0,526,524,385,0.124,11.16,214.00,1.38
7.678,3840,3,0,527,523,384,0.109,11.15,214.00,1.22
7.680,3841,3,0,528,523,384,0.109,11.15,214.00,1.22
7.682,3842,3,0,528,527,384,0.124,11.16,212.00,1.38
7.684,3843,3,0,526,523,384,0.124,11.16,215.00,1.38
7.686,3844,3,0,529,525,384,0.131,11.16,215.00,1.46
7.688,3845,3,0,528,525,383,0.131,11.16,212.00,1.46
7.690,3846,3,0,527,525,383,0.124,11.15,212.00,1.38
7.692,3847,3,0,527,523,383,0.131,11.17,214.00,1.46
7.694,3848,3,0,528,524,384,0.124,11.16,211.00,1.38
7.696,3849,3,0,529,525,383,0.131,11.16,215.00,1.46
7.698,3850,3,0,529,525,384,0.117,11.16,211.00,1.31
7.700,3851,3,0,527,524,385,0.109,11.14,212.00,1.21
7.702,3852,3,0,530,526,384,0.124,11.17,217.00,1.39
7.704,3853,3,0,526,524,386,0.109,11.16,212.00,1.22
7.706,3854,3,0,527,525,384,0.131,11.16,214.00,1.46
7.708,3855,3,0,528,523,385,0.109,11.14,212.00,1.21
7.710,3856,3,0,529,525,384,0.139,11.17,215.00,1.55
7.712,3857,3,0,528,523,385,0.131,11.16,212.00,1.46
7.714,3858,3,0,527,523,384,0.117,11.16,212.00,1.31
7.716,3859,3,0,528,527,384,0.131,11.16,214.00,1.46
7.718,3860,3,0,528,523,384,0.109,11.16,215.00,1.22
7.720,3861,3,0,527,525,384,0.109,11.16,215.00,1.22
7.722,3862,3,0,528,524,384,0.124,11.16,214.00,1.38
7.724,3863,3,0,526,522,385,0.124,11.16,212.00,1.38
7.726,3864,3,0,527,523,384,0.117,11.16,214.00,1.31
7.728,3865,3,0,527,525,384,0.117,11.16,214.00,1.31
7.730,3866,3,0,528,524,384,0.124,11.16,214.00,1.38
7.732,3867,3,0,528,526,382,0.131,11.17,215.00,1.46
7.734,3868,3,0,528,524,382,0.124,11.16,215.00,1.38
7.736,3869,3,0,527,524,384,0.117,11.16,215.00,1.31
7.738,3870,3,0,527,523,385,0.117,11.16,211.00,1.31
7.740,3871,3,0,530,526,383,0.124,11.15,217.00,1.38
7.742,3872,3,0,528,524,385,0.117,11.16,214.00,1.31
7.744,3873,3,0,529,523,383,0.124,11.16,214.00,1.38
7.746,3874,3,0,527,524,384,0.124,11.16,212.00,1.38
7.748,3875,3,0,529,527,382,0.124,11.17,217.00,1.39
7.750,3876,3,0,528,524,384,0.117,11.16,214.00,1.31
7.752,3877,3,0,527,522,385,0.109,11.15,211.00,1.22
7.754,3878,3,0,529,525,384,0.117,11.16,214.00,1.31
7.756,3879,3,0,528,524,384,0.117,11.16,217.00,1.31
7.758,3880,3,0,527,523,384,0.124,11.16,211.00,1.38
7.760,3881,3,0,529,525,384,0.131,11.17,214.00,1.46
7.762,3882,3,0,529,524,384,0.124,11.16,214.00,1.38
7.764,3883,3,0,529,526,381,0.131,11.17,217.00,1.46
7.766,3884,3,0,528,524,382,0.117,11.16,217.00,1.31
7.768,3885,3,0,527,524,385,0.117,11.16,214.00,1.31
7.770,3886,3,0,527,523,385,0.109,11.15,211.00,1.22
7.772,3887,3,0,528,524,384,0.131,11.17,212.00,1.46
7.774,3888,3,0,527,524,383,0.131,11.17,214.00,1.46
7.776,3889,3,0,526,524,384,0.102,11.14,212.00,1.14
7.778,3890,3,0,528,524,386,0.109,11.16,214.00,1.22
7.780,3891,3,0,529,526,381,0.131,11.17,217.00,1.46
7.782,3892,3,0,528,526,385,0.131,11.17,212.00,1.46
7.784,3893,3,0,528,525,383,0.124,11.16,215.00,1.38
7.786,3894,3,0,529,524,384,0.117,11.16,215.00,1.31
7.788,3895,3,0,529,523,382,0.124,11.16,217.00,1.38
7.790,3896,3,0,527,526,383,0.131,11.17,215.00,1.46
7.792,3897,3,0,528,524,383,0.124,11.17,217.00,1.39
7.794,3898,3,0,528,525,382,0.131,11.17,215.00,1.46
7.796,3899,3,0,527,524,383,0.131,11.17,215.00,1.46
7.798,3900,3,0,529,525,381,0.131,11.17,218.00,1.46
7.800,3901,3,0,528,523,383,0.117,11.16,214.00,1.31
7.802,3902,3,0,527,523,384,0.117,11.16,214.00,1.31
7.804,3903,3,0,528,521,383,0.124,11.15,209.00,1.38
7.806,3904,3,0,527,524,386,0.117,11.16,214.00,1.31
7.808,3905,3,0,526,523,384,0.109,11.15,214.00,1.22
7.810,3906,3,0,528,523,385,0.109,11.16,214.00,1.22
7.812,3907,3,0,529,524,384,0.124,11.16,215.00,1.38
7.814,3908,3,0,530,525,383,0.124,11.16,217.00,1.38
7.816,3909,3,0,527,524,383,0.124,11.16,215.00,1.38
7.818,3910,3,0,529,525,384,0.124,11.16,215.00,1.38
7.820,3911,3,0,529,527,382,0.102,11.15,215.00,1.14
7.822,3912,3,0,527,525,384,0.117,11.17,214.00,1.31
7.824,3913,3,0,527,524,385,0.109,11.16,212.00,1.22
7.826,3914,3,0,529,524,384,0.124,11.16,215.00,1.38
7.828,3915,3,0,527,524,384,0.117,11.15,215.00,1.30
7.830,3916,3,0,528,525,382,0.117,11.16,215.00,1.31
7.832,3917,3,0,528,524,384,0.124,11.16,215.00,1.38
7.834,3918,3,0,528,524,384,0.117,11.16,215.00,1.31
7.836,3919,3,0,527,523,384,0.124,11.17,214.00,1.39
7.838,3920,3,0,527,523,385,0.124,11.16,214.00,1.38
7.840,3921,3,0,528,524,384,0.131,11.16,214.00,1.46
7.842,3922,3,0,527,524,384,0.124,11.16,215.00,1.38
7.844,3923,3,0,529,525,385,0.131,11.18,214.00,1.46
7.846,3924,3,0,528,525,384,0.131,11.18,215.00,1.46
7.848,3925,3,0,528,523,386,0.117,11.16,212.00,1.31
7.850,3926,3,0,528,524,387,0.109,11.15,212.00,1.22
7.852,3927,3,0,527,523,385,0.117,11.16,212.00,1.31
7.854,3928,3,0,528,524,385,0.131,11.18,215.00,1.46
7.856,3929,3,0,528,526,385,0.124,11.17,215.00,1.39
7.858,3930,3,0,528,524,385,0.117,11.16,214.00,1.31
7.860,3931,3,0,529,526,383,0.139,11.16,214.00,1.55
7.862,3932,3,0,529,524,384,0.131,11.16,212.00,1.46
7.864,3933,3,0,528,523,385,0.124,11.17,214.00,1.39
7.866,3934,3,0,528,525,386,0.117,11.16,214.00,1.31
7.868,3935,3,0,528,524,385,0.131,11.16,211.00,1.46
7.870,3936,3,0,529,524,385,0.131,11.16,215.00,1.46
7.872,3937,3,0,529,525,384,0.124,11.16,215.00,1.38
7.874,3938,3,0,527,523,385,0.117,11.16,214.00,1.31
7.876,3939,3,0,527,524,383,0.139,11.18,214.00,1.55
7.878,3940,3,0,527,524,384,0.117,11.16,214.00,1.31
7.880,3941,3,0,528,524,384,0.124,11.17,215.00,1.39
7.882,3942,3,0,529,525,384,0.124,11.17,215.00,1.39
7.884,3943,3,0,528,523,385,0.117,11.15,214.00,1.30
7.886,3944,3,0,528,525,384,0.124,11.16,215.00,1.38
7.888,3945,3,0,528,524,385,0.124,11.16,214.00,1.38
7.890,3946,3,0,530,525,385,0.131,11.16,215.00,1.46
7.892,3947,3,0,527,524,384,0.146,11.18,214.00,1.63
7.894,3948,3,0,527,525,386,0.131,11.17,214.00,1.46
7.896,3949,3,0,530,523,386,0.124,11.16,217.00,1.38
7.898,3950,3,0,532,525,383,0.124,11.17,217.00,1.39
7.900,3951,3,0,530,527,383,0.117,11.17,217.00,1.31
7.902,3952,3,0,527,525,385,0.117,11.16,214.00,1.31
7.904,3953,3,0,530,525,384,0.131,11.16,217.00,1.46
7.906,3954,3,0,529,525,384,0.124,11.16,217.00,1.38
7.908,3955,3,0,528,524,384,0.146,11.18,214.00,1.63
7.910,3956,3,0,528,524,384,0.124,11.16,215.00,1.38
7.912,3957,3,0,527,522,385,0.124,11.17,212.00,1.39
7.914,3958,3,0,529,527,382,0.124,11.17,217.00,1.39
7.916,3959,3,0,527,523,384,0.139,11.17,212.00,1.55
7.918,3960,3,0,528,524,384,0.131,11.17,215.00,1.46
7.920,3961,3,0,527,524,383,0.124,11.16,215.00,1.38
7.922,3962,3,0,529,524,383,0.117,11.17,217.00,1.31
7.924,3963,3,0,528,524,385,0.131,11.17,211.00,1.46
7.926,3964,3,0,528,524,384,0.124,11.16,211.00,1.38
7.928,3965,3,0,527,525,385,0.117,11.16,214.00,1.31
7.930,3966,3,0,529,524,383,0.117,11.17,215.00,1.31
7.932,3967,3,0,528,524,385,0.117,11.16,215.00,1.31
7.934,3968,3,0,529,525,383,0.124,11.17,217.00,1.39
7.936,3969,3,0,527,526,384,0.117,11.16,215.00,1.31
7.938,3970,3,0,526,524,382,0.117,11.16,217.00,1.31
7.940,3971,3,0,528,524,384,0.117,11.16,214.00,1.31
7.942,3972,3,0,528,525,383,0.124,11.16,214.00,1.38
7.944,3973,3,0,529,525,384,0.117,11.16,215.00,1.31
7.946,3974,3,0,528,524,383,0.124,11.17,217.00,1.39
7.948,3975,3,0,526,522,385,0.124,11.16,211.00,1.38
7.950,3976,3,0,528,524,383,0.124,11.16,217.00,1.38
7.952,3977,3,0,528,524,384,0.117,11.16,215.00,1.31
7.954,3978,3,0,527,524,385,0.131,11.18,214.00,1.46
7.956,3979,3,0,528,523,384,0.124,11.16,211.00,1.38
7.958,3980,3,0,528,526,384,0.117,11.16,214.00,1.31
7.960,3981,3,0,529,524,383,0.131,11.17,217.00,1.46
7.962,3982,3,0,529,524,383,0.117,11.18,217.00,1.31
7.964,3983,3,0,528,524,386,0.117,11.16,215.00,1.31
7.966,3984,3,0,529,523,383,0.124,11.17,217.00,1.39
7.968,3985,3,0,528,524,384,0.117,11.16,214.00,1.31
7.970,3986,3,0,527,524,383,0.117,11.17,215.00,1.31
7.972,3987,3,0,527,524,384,0.124,11.16,214.00,1.38
7.974,3988,3,0,529,522,385,0.131,11.16,211.00,1.46
7.976,3989,3,0,528,523,383,0.109,11.16,215.00,1.22
7.978,3990,3,0,528,524,384,0.117,11.16,217.00,1.31
7.980,3991,3,0,530,525,384,0.109,11.15,217.00,1.22
7.982,3992,3,0,529,525,384,0.117,11.16,217.00,1.31
7.984,3993,3,0,527,525,385,0.117,11.16,214.00,1.31
7.986,3994,3,0,527,524,386,0.124,11.16,214.00,1.38
7.988,3995,3,0,527,523,383,0.124,11.16,214.00,1.38
7.990,3996,3,0,527,524,384,0.131,11.18,214.00,1.46
7.992,3997,3,0,528,524,385,0.117,11.16,215.00,1.31
7.994,3998,3,0,529,525,384,0.131,11.16,217.00,1.46
7.996,3999,3,0,528,524,384,0.124,11.16,212.00,1.38
7.998,4000,3,0,527,524,385,0.124,11.16,214.00,1.38
8.000,4001,3,0,528,523,384,0.124,11.16,214.00,1.38
8.002,4002,3,0,527,525,384,0.124,11.16,215.00,1.38
8.004,4003,3,0,528,524,384,0.124,11.16,215.00,1.38
8.006,4004,3,0,530,526,383,0.124,11.17,214.00,1.39
8.008,4005,3,0,528,524,382,0.146,11.18,214.00,1.63
8.010,4006,3,0,528,523,384,0.117,11.18,215.00,1.31
8.012,4007,3,0,530,526,383,0.117,11.16,217.00,1.31
8.014,4008,3,0,528,525,385,0.139,11.16,215.00,1.55
8.016,4009,3,0,527,524,385,0.117,11.16,215.00,1.31
8.018,4010,3,0,527,524,385,0.117,11.16,215.00,1.31
8.020,4011,3,0,526,522,385,0.117,11.15,212.00,1.30
8.022,4012,3,0,526,521,386,0.124,11.16,209.00,1.38
8.024,4013,3,0,528,523,385,0.124,11.16,214.00,1.38
8.026,4014,3,0,528,524,384,0.124,11.17,217.00,1.39
8.028,4015,3,0,528,524,386,0.124,11.16,212.00,1.38
8.030,4016,3,0,530,523,383,0.117,11.16,217.00,1.31
8.032,4017,3,0,528,525,384,0.139,11.17,215.00,1.55
8.034,4018,3,0,529,524,383,0.124,11.16,217.00,1.38
8.036,4019,3,0,527,525,384,0.124,11.16,214.00,1.38
8.038,4020,3,0,527,524,385,0.117,11.15,212.00,1.30
8.040,4021,3,0,528,524,384,0.124,11.18,217.00,1.39
8.042,4022,3,0,528,524,385,0.117,11.18,215.00,1.31
8.044,4023,3,0,527,524,385,0.124,11.16,214.00,1.38
8.046,4024,3,0,527,524,384,0.117,11.17,217.00,1.31
8.048,4025,3,0,527,524,383,0.124,11.16,215.00,1.38
8.050,4026,3,0,528,525,383,0.117,11.16,217.00,1.31
8.052,4027,3,0,526,523,386,0.109,11.16,212.00,1.22
8.054,4028,3,0,526,524,385,0.117,11.16,214.00,1.31
8.056,4029,3,0,528,524,384,0.131,11.17,215.00,1.46
8.058,4030,3,0,527,523,385,0.124,11.17,215.00,1.39
8.060,4031,3,0,529,525,385,0.124,11.16,215.00,1.38
8.062,4032,3,0,529,524,384,0.124,11.16,214.00,1.38
8.064,4033,3,0,527,523,384,0.117,11.16,215.00,1.31
8.066,4034,3,0,528,526,383,0.131,11.17,215.00,1.46
8.068,4035,3,0,527,523,386,0.124,11.16,212.00,1.38
8.070,4036,3,0,527,524,384,0.124,11.16,214.00,1.38
8.072,4037,3,0,528,523,383,0.124,11.17,215.00,1.39
8.074,4038,3,0,528,526,382,0.124,11.17,215.00,1.39
8.076,4039,3,0,530,523,386,0.117,11.16,214.00,1.31
8.078,4040,3,0,527,523,383,0.117,11.17,217.00,1.31
8.080,4041,3,0,528,525,385,0.124,11.16,215.00,1.38
8.082,4042,3,0,528,525,385,0.131,11.17,215.00,1.46
8.084,4043,3,0,527,523,385,0.117,11.16,214.00,1.31
8.086,4044,3,0,527,523,384,0.124,11.17,214.00,1.39
8.088,4045,3,0,529,525,382,0.117,11.17,217.00,1.31
8.090,4046,3,0,527,525,384,0.124,11.17,214.00,1.39
8.092,4047,3,0,529,524,385,0.117,11.16,212.00,1.31
8.094,4048,3,0,528,524,383,0.117,11.17,217.00,1.31
8.096,4049,3,0,527,523,384,0.117,11.17,217.00,1.31
8.098,4050,3,0,529,524,384,0.124,11.16,212.00,1.38
8.100,4051,3,0,527,523,386,0.109,11.15,212.00,1.22
8.102,4052,3,0,528,523,385,0.109,11.15,214.00,1.22
8.104,4053,3,0,528,524,383,0.117,11.16,215.00,1.31
8.106,4054,3,0,527,523,385,0.131,11.16,215.00,1.46
8.108,4055,3,0,530,525,383,0.124,11.17,217.00,1.39
8.110,4056,3,0,528,525,383,0.124,11.16,215.00,1.38
8.112,4057,3,0,528,524,383,0.117,11.17,217.00,1.31
8.114,4058,3,0,528,523,386,0.117,11.16,215.00,1.31
8.116,4059,3,0,528,524,385,0.117,11.16,217.00,1.31
8.118,4060,3,0,528,524,383,0.117,11.16,217.00,1.31
8.120,4061,3,0,527,524,385,0.117,11.16,214.00,1.31
8.122,4062,3,0,527,524,383,0.131,11.17,217.00,1.46
8.124,4063,3,0,530,526,385,0.124,11.16,214.00,1.38
8.126,4064,3,0,527,524,383,0.117,11.16,217.00,1.31
8.128,4065,3,0,528,524,384,0.117,11.16,214.00,1.31
8.130,4066,3,0,527,523,385,0.131,11.16,215.00,1.46
8.132,4067,3,0,526,524,384,0.109,11.16,215.00,1.22
8.134,4068,3,0,529,525,384,0.139,11.18,215.00,1.55
8.136,4069,3,0,528,524,384,0.117,11.17,214.00,1.31
8.138,4070,3,0,529,524,384,0.124,11.16,212.00,1.38
8.140,4071,3,0,530,524,385,0.124,11.16,215.00,1.38
8.142,4072,3,0,530,525,383,0.131,11.18,215.00,1.46
8.144,4073,3,0,527,525,384,0.117,11.16,214.00,1.31
8.146,4074,3,0,528,525,382,0.131,11.17,214.00,1.46
8.148,4075,3,0,527,525,383,0.117,11.16,215.00,1.31
8.150,4076,3,0,527,523,384,0.117,11.16,214.00,1.31
8.152,4077,3,0,529,524,384,0.124,11.16,214.00,1.38
8.154,4078,3,0,528,525,384,0.124,11.16,214.00,1.38
8.156,4079,3,0,529,523,385,0.117,11.16,214.00,1.31
8.158,4080,3,0,528,525,384,0.146,11.18,215.00,1.63
8.160,4081,3,0,528,526,382,0.131,11.18,218.00,1.46
8.162,4082,3,0,528,526,383,0.139,11.18,215.00,1.55
8.164,4083,3,0,528,524,385,0.117,11.16,214.00,1.31
8.166,4084,3,0,528,523,385,0.124,11.16,212.00,1.38
8.168,4085,3,0,528,525,383,0.131,11.16,214.00,1.46
8.170,4086,3,0,529,524,384,0.124,11.16,215.00,1.38
8.172,4087,3,0,529,525,385,0.124,11.16,214.00,1.38
8.174,4088,3,0,527,524,384,0.131,11.17,214.00,1.46
8.176,4089,3,0,528,523,385,0.124,11.17,215.00,1.39
8.178,4090,3,0,528,524,384,0.124,11.17,214.00,1.39
8.180,4091,3,0,527,522,384,0.124,11.16,214.00,1.38
8.182,4092,3,0,527,523,385,0.109,11.16,214.00,1.22
8.184,4093,3,0,529,524,384,0.146,11.18,215.00,1.63
8.186,4094,3,0,529,523,384,0.131,11.17,212.00,1.46
8.188,4095,3,0,527,524,386,0.117,11.17,214.00,1.31
8.190,4096,3,0,528,523,384,0.131,11.17,212.00,1.46
8.192,4097,3,0,529,524,383,0.124,11.16,215.00,1.38
8.194,4098,3,0,528,524,384,0.124,11.17,215.00,1.39
8.196,4099,3,0,526,521,385,0.109,11.16,211.00,1.22
8.198,4100,3,0,527,522,383,0.139,11.18,214.00,1.55
8.200,4101,3,0,528,524,385,0.124,11.17,215.00,1.39
8.202,4102,3,0,528,525,383,0.124,11.16,217.00,1.38
8.204,4103,3,0,530,525,383,0.124,11.17,217.00,1.39
8.206,4104,3,0,528,526,383,0.131,11.17,215.00,1.46
8.208,4105,3,0,528,524,383,0.117,11.16,217.00,1.31
8.210,4106,3,0,528,526,383,0.131,11.17,215.00,1.46
8.212,4107,3,0,528,524,385,0.109,11.17,215.00,1.22
8.214,4108,3,0,526,522,385,0.117,11.18,214.00,1.31
8.216,4109,3,0,528,523,383,0.131,11.18,217.00,1.46
8.218,4110,3,0,528,526,382,0.139,11.18,217.00,1.55
8.220,4111,3,0,529,525,383,0.124,11.16,217.00,1.38
8.222,4112,3,0,528,523,384,0.124,11.17,214.00,1.39
8.224,4113,3,0,527,524,385,0.124,11.16,215.00,1.38
8.226,4114,3,0,528,523,385,0.117,11.17,215.00,1.31
8.228,4115,3,0,527,522,386,0.117,11.16,215.00,1.31
8.230,4116,3,0,528,523,383,0.139,11.16,217.00,1.55
8.232,4117,3,0,529,525,383,0.124,11.16,215.00,1.38
8.234,4118,3,0,529,524,383,0.124,11.16,215.00,1.38
8.236,4119,3,0,530,525,384,0.139,11.17,217.00,1.55
8.238,4120,3,0,528,524,383,0.139,11.17,215.00,1.55
8.240,4121,3,0,526,524,383,0.117,11.16,215.00,1.31
8.242,4122,3,0,529,524,383,0.124,11.17,214.00,1.39
8.244,4123,3,0,527,523,385,0.109,11.16,215.00,1.22
8.246,4124,3,0,528,523,384,0.117,11.16,215.00,1.31
8.248,4125,3,0,528,525,384,0.131,11.17,214.00,1.46
8.250,4126,3,0,528,524,385,0.131,11.17,214.00,1.46
8.252,4127,3,0,527,522,383,0.131,11.17,215.00,1.46
8.254,4128,3,0,529,526,383,0.131,11.17,217.00,1.46
8.256,4129,3,0,527,524,383,0.124,11.17,214.00,1.39
8.258,4130,3,0,528,526,382,0.117,11.16,217.00,1.31
8.260,4131,3,0,527,523,385,0.124,11.16,214.00,1.38
8.262,4132,3,0,528,523,384,0.117,11.17,215.00,1.31
8.264,4133,3,0,528,525,384,0.131,11.17,214.00,1.46
8.266,4134,3,0,528,526,383,0.124,11.17,215.00,1.39
8.268,4135,3,0,529,524,385,0.124,11.17,217.00,1.39
8.270,4136,3,0,528,524,383,0.139,11.18,214.00,1.55
8.272,4137,3,0,528,524,383,0.117,11.18,217.00,1.31
8.274,4138,3,0,527,524,384,0.131,11.17,214.00,1.46
8.276,4139,3,0,527,523,383,0.117,11.16,215.00,1.31
8.278,4140,3,0,527,523,385,0.117,11.16,214.00,1.31
8.280,4141,3,0,530,525,383,0.131,11.17,215.00,1.46
8.282,4142,3,0,527,524,384,0.139,11.18,214.00,1.55
8.284,4143,3,0,528,524,385,0.131,11.17,215.00,1.46
8.286,4144,3,0,529,524,385,0.124,11.17,212.00,1.39
8.288,4145,3,0,528,526,383,0.124,11.16,214.00,1.38
8.290,4146,3,0,528,525,383,0.139,11.18,217.00,1.55
8.292,4147,3,0,528,523,385,0.131,11.17,215.00,1.46
8.294,4148,3,0,528,523,383,0.124,11.17,215.00,1.39
8.296,4149,3,0,527,523,384,0.124,11.16,212.00,1.38
8.298,4150,3,0,529,525,382,0.146,11.19,217.00,1.63
8.300,4151,3,0,527,523,385,0.124,11.16,212.00,1.38
8.302,4152,3,0,528,525,385,0.117,11.16,212.00,1.31
8.304,4153,3,0,528,526,383,0.124,11.17,217.00,1.39
8.306,4154,3,0,527,524,383,0.131,11.17,214.00,1.46
8.308,4155,3,0,525,523,385,0.117,11.16,215.00,1.31
8.310,4156,3,0,529,524,386,0.117,11.16,214.00,1.31
8.312,4157,3,0,527,525,384,0.117,11.16,214.00,1.31
8.314,4158,3,0,527,524,385,0.124,11.17,212.00,1.39
8.316,4159,3,0,529,523,385,0.124,11.16,217.00,1.38
8.318,4160,3,0,527,523,384,0.117,11.16,215.00,1.31
8.320,4161,3,0,528,524,382,0.124,11.18,217.00,1.39
8.322,4162,3,0,528,524,386,0.124,11.16,215.00,1.38
8.324,4163,3,0,526,523,385,0.117,11.16,214.00,1.31
8.326,4164,3,0,527,523,386,0.109,11.16,212.00,1.22
8.328,4165,3,0,528,524,384,0.117,11.16,212.00,1.31
8.330,4166,3,0,528,525,382,0.117,11.18,217.00,1.31
8.332,4167,3,0,528,523,384,0.117,11.17,214.00,1.31
8.334,4168,3,0,527,524,384,0.124,11.17,214.00,1.39
8.336,4169,3,0,528,525,382,0.124,11.17,215.00,1.39
8.338,4170,3,0,528,523,383,0.139,11.18,214.00,1.55
8.340,4171,3,0,526,522,385,0.109,11.16,214.00,1.22
8.342,4172,3,0,526,523,385,0.117,11.17,214.00,1.31
8.344,4173,3,0,529,524,385,0.124,11.16,211.00,1.38
8.346,4174,3,0,528,524,383,0.117,11.16,215.00,1.31
8.348,4175,3,0,528,525,383,0.102,11.16,218.00,1.14
8.350,4176,3,0,528,523,385,0.124,11.17,215.00,1.39
8.352,4177,3,0,528,524,382,0.139,11.18,215.00,1.55
8.354,4178,3,0,528,525,384,0.117,11.17,212.00,1.31
8.356,4179,3,0,528,524,382,0.131,11.18,217.00,1.46
8.358,4180,3,0,528,523,385,0.124,11.16,215.00,1.38
8.360,4181,3,0,528,524,383,0.124,11.16,214.00,1.38
8.362,4182,3,0,528,525,385,0.131,11.17,214.00,1.46
8.364,4183,3,0,530,525,383,0.102,11.17,218.00,1.14
8.366,4184,3,0,529,523,384,0.131,11.17,212.00,1.46
8.368,4185,3,0,527,523,382,0.131,11.17,215.00,1.46
8.370,4186,3,0,529,524,383,0.131,11.17,214.00,1.46
8.372,4187,3,0,528,524,382,0.124,11.17,217.00,1.39
8.374,4188,3,0,527,522,384,0.109,11.16,212.00,1.22
8.376,4189,3,0,528,524,384,0.131,11.17,214.00,1.46
8.378,4190,3,0,525,522,385,0.109,11.16,212.00,1.22
8.380,4191,3,0,528,524,386,0.117,11.16,215.00,1.31
8.382,4192,3,0,528,525,384,0.109,11.16,214.00,1.22
8.384,4193,3,0,528,525,383,0.131,11.17,215.00,1.46
8.386,4194,3,0,528,525,384,0.131,11.17,215.00,1.46
8.388,4195,3,0,528,524,384,0.109,11.18,215.00,1.22
8.390,4196,3,0,528,524,383,0.131,11.18,217.00,1.46
8.392,4197,3,0,528,524,384,0.139,11.17,212.00,1.55
8.394,4198,3,0,528,523,385,0.131,11.16,212.00,1.46
8.396,4199,3,0,527,522,384,0.117,11.18,214.00,1.31
8.398,4200,3,0,528,523,384,0.124,11.17,214.00,1.39
8.400,4201,3,0,527,523,385,0.124,11.16,214.00,1.38
8.402,4202,3,0,528,523,386,0.117,11.16,211.00,1.31
8.404,4203,3,0,527,523,386,0.124,11.16,215.00,1.38
8.406,4204,3,0,529,524,384,0.131,11.18,217.00,1.46
8.408,4205,3,0,531,524,384,0.131,11.17,215.00,1.46
8.410,4206,3,0,528,525,382,0.124,11.17,214.00,1.39
8.412,4207,3,0,527,523,384,0.131,11.17,214.00,1.46
8.414,4208,3,0,528,525,383,0.117,11.17,214.00,1.31
8.416,4209,3,0,528,524,383,0.131,11.17,214.00,1.46
8.418,4210,3,0,528,525,384,0.124,11.17,214.00,1.39
8.420,4211,3,0,528,524,383,0.124,11.18,217.00,1.39
8.422,4212,3,0,527,524,384,0.124,11.18,214.00,1.39
8.424,4213,3,0,527,523,385,0.131,11.16,214.00,1.46
8.426,4214,3,0,529,525,383,0.124,11.17,217.00,1.39
8.428,4215,3,0,528,525,384,0.124,11.19,217.00,1.39
8.430,4216,3,0,526,523,384,0.117,11.17,212.00,1.31
8.432,4217,3,0,527,523,385,0.124,11.16,212.00,1.38
8.434,4218,3,0,527,523,384,0.124,11.17,211.00,1.39
8.436,4219,3,0,528,525,383,0.124,11.17,214.00,1.39
8.438,4220,3,0,529,526,383,0.124,11.17,214.00,1.39
8.440,4221,3,0,526,523,384,0.124,11.16,215.00,1.38
8.442,4222,3,0,528,523,385,0.124,11.17,212.00,1.39
8.444,4223,3,0,526,520,383,0.124,11.18,212.00,1.39
8.446,4224,3,0,527,525,384,0.124,11.16,214.00,1.38
8.448,4225,3,0,527,523,385,0.124,11.17,211.00,1.39
8.450,4226,3,0,527,524,384,0.124,11.17,214.00,1.39
8.452,4227,3,0,527,523,383,0.131,11.17,217.00,1.46
8.454,4228,3,0,529,524,383,0.124,11.18,215.00,1.39
8.456,4229,3,0,527,524,385,0.117,11.16,214.00,1.31
8.458,4230,3,0,527,523,383,0.124,11.18,215.00,1.39
8.460,4231,3,0,528,525,384,0.131,11.18,217.00,1.46
8.462,4232,3,0,528,524,382,0.131,11.18,217.00,1.46
8.464,4233,3,0,527,524,383,0.139,11.17,215.00,1.55
8.466,4234,3,0,526,524,385,0.124,11.16,214.00,1.38
8.468,4235,3,0,529,525,383,0.117,11.18,217.00,1.31
8.470,4236,3,0,525,521,384,0.124,11.16,212.00,1.38
8.472,4237,3,0,528,522,384,0.131,11.17,212.00,1.46
8.474,4238,3,0,528,523,385,0.131,11.17,212.00,1.46
8.476,4239,3,0,528,523,384,0.117,11.17,215.00,1.31
8.478,4240,3,0,526,521,384,0.131,11.16,212.00,1.46
8.480,4241,3,0,527,524,382,0.131,11.18,215.00,1.46
8.482,4242,3,0,528,524,384,0.124,11.16,214.00,1.38
8.484,4243,3,0,526,524,383,0.131,11.18,217.00,1.46
8.486,4244,3,0,526,524,384,0.117,11.17,214.00,1.31
8.488,4245,3,0,527,523,384,0.117,11.16,215.00,1.31
8.490,4246,3,0,528,523,384,0.117,11.16,214.00,1.31
8.492,4247,3,0,528,524,383,0.124,11.16,214.00,1.38
8.494,4248,3,0,527,525,385,0.124,11.16,212.00,1.38
8.496,4249,3,0,527,524,384,0.139,11.18,214.00,1.55
8.498,4250,3,0,526,522,384,0.117,11.17,212.00,1.31
8.500,4251,3,0,528,523,386,0.124,11.17,215.00,1.39
8.502,4252,3,0,528,525,383,0.117,11.16,215.00,1.31
8.504,4253,3,0,527,523,385,0.117,11.16,215.00,1.31
8.506,4254,3,0,528,522,384,0.124,11.16,214.00,1.38
8.508,4255,3,0,528,523,383,0.131,11.18,215.00,1.46
8.510,4256,3,0,528,525,382,0.139,11.18,217.00,1.55
8.512,4257,3,0,527,522,384,0.131,11.17,214.00,1.46
8.514,4258,3,0,527,523,384,0.124,11.17,212.00,1.39
8.516,4259,3,0,526,523,385,0.117,11.17,215.00,1.31
8.518,4260,3,0,526,523,383,0.109,11.18,214.00,1.22
8.520,4261,3,0,528,523,382,0.131,11.17,215.00,1.46
8.522,4262,3,0,527,523,384,0.124,11.17,214.00,1.39
8.524,4263,3,0,525,522,384,0.117,11.16,214.00,1.31
8.526,4264,3,0,528,523,384,0.124,11.17,212.00,1.39
8.528,4265,3,0,527,522,386,0.124,11.17,211.00,1.39
8.530,4266,3,0,526,523,384,0.109,11.16,217.00,1.22
8.532,4267,3,0,528,525,383,0.124,11.18,218.00,1.39
8.534,4268,3,0,529,524,383,0.131,11.17,214.00,1.46
8.536,4269,3,0,529,522,386,0.131,11.18,212.00,1.46
8.538,4270,3,0,527,523,384,0.117,11.17,212.00,1.31
8.540,4271,3,0,529,526,383,0.124,11.17,215.00,1.39
8.542,4272,3,0,527,523,385,0.139,11.17,212.00,1.55
8.544,4273,3,0,526,523,385,0.124,11.16,212.00,1.38
8.546,4274,3,0,527,522,386,0.117,11.17,214.00,1.31
8.548,4275,3,0,528,525,383,0.124,11.19,215.00,1.39
8.550,4276,3,0,527,522,385,0.124,11.17,215.00,1.39
8.552,4277,3,0,527,524,385,0.117,11.16,214.00,1.31
8.554,4278,3,0,527,523,384,0.117,11.16,211.00,1.31
8.556,4279,3,0,527,523,385,0.117,11.16,214.00,1.31
8.558,4280,3,0,525,522,385,0.124,11.17,214.00,1.39
8.560,4281,3,0,526,522,385,0.117,11.16,212.00,1.31
8.562,4282,3,0,527,523,384,0.117,11.17,217.00,1.31
8.564,4283,3,0,528,524,384,0.117,11.18,215.00,1.31
8.566,4284,3,0,526,524,384,0.124,11.18,215.00,1.39
8.568,4285,3,0,527,522,385,0.131,11.17,212.00,1.46
8.570,4286,3,0,526,523,386,0.109,11.16,212.00,1.22
8.572,4287,3,0,527,523,384,0.117,11.16,214.00,1.31
8.574,4288,3,0,527,524,385,0.124,11.18,212.00,1.39
8.576,4289,3,0,528,523,384,0.131,11.17,214.00,1.46
8.578,4290,3,0,526,522,383,0.117,11.17,214.00,1.31
8.580,4291,3,0,528,525,382,0.117,11.18,217.00,1.31
8.582,4292,3,0,529,524,384,0.117,11.17,215.00,1.31
8.584,4293,3,0,527,523,383,0.117,11.17,217.00,1.31
8.586,4294,3,0,528,523,386,0.117,11.16,212.00,1.31
8.588,4295,3,0,527,523,384,0.131,11.17,214.00,1.46
8.590,4296,3,0,527,524,385,0.124,11.16,212.00,1.38
8.592,4297,3,0,527,523,385,0.117,11.17,214.00,1.31
8.594,4298,3,0,527,523,384,0.131,11.17,214.00,1.46
8.596,4299,3,0,527,524,383,0.124,11.17,215.00,1.39
8.598,4300,3,0,528,524,383,0.131,11.18,215.00,1.46
8.600,4301,3,0,526,523,384,0.117,11.18,214.00,1.31
8.602,4302,3,0,527,522,384,0.131,11.17,212.00,1.46
8.604,4303,3,0,527,522,384,0.131,11.18,215.00,1.46
8.606,4304,3,0,529,524,384,0.124,11.18,215.00,1.39
8.608,4305,3,0,526,521,387,0.109,11.16,211.00,1.22
8.610,4306,3,0,527,523,385,0.117,11.16,214.00,1.31
8.612,4307,3,0,528,523,384,0.124,11.17,212.00,1.39
8.614,4308,3,0,527,524,384,0.117,11.17,215.00,1.31
8.616,4309,3,0,527,522,385,0.124,11.18,214.00,1.39
8.618,4310,3,0,525,522,384,0.117,11.17,214.00,1.31
8.620,4311,3,0,526,522,385,0.131,11.18,215.00,1.46
8.622,4312,3,0,527,524,385,0.124,11.17,217.00,1.39
8.624,4313,3,0,528,524,382,0.139,11.19,214.00,1.56
8.626,4314,3,0,527,522,384,0.117,11.17,215.00,1.31
8.628,4315,3,0,528,523,384,0.124,11.17,214.00,1.39
8.630,4316,3,0,527,522,385,0.124,11.16,214.00,1.38
8.632,4317,3,0,526,524,385,0.109,11.16,215.00,1.22
8.634,4318,3,0,528,525,382,0.124,11.18,217.00,1.39
8.636,4319,3,0,525,521,383,0.131,11.18,214.00,1.46
8.638,4320,3,0,526,524,383,0.124,11.17,215.00,1.39
8.640,4321,3,0,526,522,384,0.124,11.17,214.00,1.39
8.642,4322,3,0,526,521,384,0.117,11.17,212.00,1.31
8.644,4323,3,0,527,523,382,0.131,11.18,215.00,1.46
8.646,4324,3,0,528,524,386,0.117,11.17,215.00,1.31
8.648,4325,3,0,528,523,384,0.124,11.18,215.00,1.39
8.650,4326,3,0,528,524,384,0.131,11.18,215.00,1.46
8.652,4327,3,0,527,522,384,0.139,11.18,214.00,1.55
8.654,4328,3,0,527,523,384,0.124,11.18,214.00,1.39
8.656,4329,3,0,528,524,382,0.124,11.19,215.00,1.39
8.658,4330,3,0,528,524,383,0.124,11.18,217.00,1.39
8.660,4331,3,0,527,523,384,0.117,11.17,215.00,1.31
8.662,4332,3,0,527,523,384,0.124,11.18,215.00,1.39
8.664,4333,3,0,525,521,386,0.124,11.16,212.00,1.38
8.666,4334,3,0,526,522,387,0.109,11.16,211.00,1.22
8.668,4335,3,0,529,525,382,0.131,11.17,215.00,1.46
8.670,4336,3,0,528,524,384,0.131,11.18,214.00,1.46
8.672,4337,3,0,528,523,385,0.124,11.17,215.00,1.39
8.674,4338,3,0,527,523,383,0.124,11.18,215.00,1.39
8.676,4339,3,0,527,523,383,0.124,11.19,215.00,1.39
8.678,4340,3,0,528,524,383,0.117,11.18,215.00,1.31
8.680,4341,3,0,528,523,383,0.124,11.17,215.00,1.39
8.682,4342,3,0,526,522,384,0.131,11.18,214.00,1.46
8.684,4343,3,0,526,521,384,0.131,11.17,211.00,1.46
8.686,4344,3,0,526,523,385,0.117,11.17,212.00,1.31
8.688,4345,3,0,529,524,385,0.117,11.18,215.00,1.31
8.690,4346,3,0,527,523,384,0.124,11.18,215.00,1.39
8.692,4347,3,0,529,524,384,0.117,11.17,214.00,1.31
8.694,4348,3,0,530,524,383,0.131,11.18,215.00,1.46
8.696,4349,3,0,527,524,385,0.124,11.17,214.00,1.39
8.698,4350,3,0,526,522,385,0.124,11.17,212.00,1.39
8.700,4351,3,0,528,523,385,0.124,11.16,214.00,1.38
8.702,4352,3,0,528,524,386,0.124,11.17,215.00,1.39
8.704,4353,3,0,527,525,385,0.124,11.18,214.00,1.39
8.706,4354,3,0,527,523,384,0.124,11.18,217.00,1.39
8.708,4355,3,0,528,523,384,0.124,11.17,212.00,1.39
8.710,4356,3,0,526,523,385,0.109,11.16,214.00,1.22
8.712,4357,3,0,527,523,385,0.131,11.17,215.00,1.46
8.714,4358,3,0,528,524,385,0.124,11.17,214.00,1.39
8.716,4359,3,0,527,524,385,0.131,11.17,214.00,1.46
8.718,4360,3,0,528,523,382,0.124,11.17,214.00,1.39
8.720,4361,3,0,528,524,384,0.124,11.18,215.00,1.39
8.722,4362,3,0,527,523,386,0.131,11.19,211.00,1.47
8.724,4363,3,0,527,523,384,0.124,11.18,212.00,1.39
8.726,4364,3,0,528,525,384,0.117,11.16,215.00,1.31
8.728,4365,3,0,527,522,384,0.124,11.19,215.00,1.39
8.730,4366,3,0,528,523,385,0.131,11.18,215.00,1.46
8.732,4367,3,0,527,523,384,0.124,11.17,215.00,1.39
8.734,4368,3,0,527,524,384,0.139,11.19,212.00,1.56
8.736,4369,3,0,526,522,385,0.124,11.17,214.00,1.39
8.738,4370,3,0,527,523,385,0.117,11.17,215.00,1.31
8.740,4371,3,0,528,524,384,0.124,11.17,214.00,1.39
8.742,4372,3,0,528,522,385,0.124,11.18,214.00,1.39
8.744,4373,3,0,526,522,383,0.109,11.18,215.00,1.22
8.746,4374,3,0,526,523,385,0.124,11.16,214.00,1.38
8.748,4375,3,0,525,522,384,0.117,11.17,211.00,1.31
8.750,4376,3,0,527,523,385,0.124,11.17,214.00,1.39
8.752,4377,3,0,526,521,385,0.117,11.17,212.00,1.31
8.754,4378,3,0,527,522,384,0.109,11.16,214.00,1.22
8.756,4379,3,0,528,525,383,0.117,11.17,217.00,1.31
8.758,4380,3,0,527,523,383,0.117,11.17,215.00,1.31
8.760,4381,3,0,527,523,383,0.124,11.17,214.00,1.39
8.762,4382,3,0,527,522,385,0.117,11.17,212.00,1.31
8.764,4383,3,0,527,522,385,0.124,11.16,215.00,1.38
8.766,4384,3,0,526,522,385,0.109,11.18,214.00,1.22
8.768,4385,3,0,527,523,384,0.139,11.18,215.00,1.55
8.770,4386,3,0,527,523,385,0.117,11.17,214.00,1.31
8.772,4387,3,0,528,525,384,0.131,11.18,215.00,1.46
8.774,4388,3,0,528,524,384,0.124,11.18,214.00,1.39
8.776,4389,3,0,526,523,384,0.117,11.16,215.00,1.31
8.778,4390,3,0,527,524,384,0.131,11.18,215.00,1.46
8.780,4391,3,0,527,523,385,0.131,11.19,217.00,1.47
8.782,4392,3,0,526,523,384,0.139,11.18,214.00,1.55
8.784,4393,3,0,528,524,383,0.117,11.17,217.00,1.31
8.786,4394,3,0,527,523,383,0.117,11.19,217.00,1.31
8.788,4395,3,0,527,523,383,0.124,11.18,212.00,1.39
8.790,4396,3,0,528,523,383,0.124,11.19,215.00,1.39
8.792,4397,3,0,528,524,382,0.124,11.19,217.00,1.39
8.794,4398,3,0,526,523,385,0.124,11.17,212.00,1.39
8.796,4399,3,0,527,523,386,0.117,11.17,212.00,1.31
8.798,4400,3,0,526,523,384,0.124,11.16,214.00,1.38
8.800,4401,3,0,526,522,384,0.109,11.16,214.00,1.22
8.802,4402,3,0,527,523,384,0.124,11.18,214.00,1.39
8.804,4403,3,0,527,523,384,0.117,11.18,214.00,1.31
8.806,4404,3,0,525,522,384,0.131,11.18,212.00,1.46
8.808,4405,3,0,527,524,383,0.124,11.17,214.00,1.39
8.810,4406,3,0,527,525,383,0.117,11.16,215.00,1.31
8.812,4407,3,0,525,522,384,0.117,11.16,212.00,1.31
8.814,4408,3,0,528,523,385,0.117,11.17,215.00,1.31
8.816,4409,3,0,526,523,384,0.117,11.16,214.00,1.31
8.818,4410,3,0,526,523,382,0.124,11.18,217.00,1.39
8.820,4411,3,0,527,523,384,0.139,11.17,214.00,1.55
8.822,4412,3,0,527,523,384,0.124,11.18,215.00,1.39
8.824,4413,3,0,526,521,384,0.124,11.18,215.00,1.39
8.826,4414,3,0,527,522,384,0.124,11.18,214.00,1.39
8.828,4415,3,0,526,524,384,0.117,11.18,217.00,1.31
8.830,4416,3,0,526,523,384,0.124,11.17,214.00,1.39
8.832,4417,3,0,526,522,385,0.124,11.17,214.00,1.39
8.834,4418,3,0,526,522,385,0.124,11.17,212.00,1.39
8.836,4419,3,0,526,522,384,0.124,11.17,212.00,1.39
8.838,4420,3,0,528,524,384,0.124,11.16,214.00,1.38
8.840,4421,3,0,528,524,384,0.131,11.18,215.00,1.46
8.842,4422,3,0,527,522,384,0.124,11.18,217.00,1.39
8.844,4423,3,0,527,523,384,0.117,11.16,214.00,1.31
8.846,4424,3,0,529,524,385,0.124,11.18,215.00,1.39
8.848,4425,3,0,526,523,384,0.124,11.16,215.00,1.38
8.850,4426,3,0,527,523,384,0.117,11.17,214.00,1.31
8.852,4427,3,0,527,524,384,0.124,11.17,212.00,1.39
8.854,4428,3,0,528,524,382,0.124,11.18,217.00,1.39
8.856,4429,3,0,526,523,386,0.117,11.16,214.00,1.31
8.858,4430,3,0,528,523,383,0.124,11.19,215.00,1.39
8.860,4431,3,0,528,522,385,0.124,11.18,215.00,1.39
8.862,4432,3,0,527,523,383,0.131,11.19,217.00,1.47
8.864,4433,3,0,526,522,383,0.117,11.19,215.00,1.31
8.866,4434,3,0,526,523,383,0.131,11.18,217.00,1.46
8.868,4435,3,0,526,523,385,0.117,11.18,212.00,1.31
8.870,4436,3,0,528,524,385,0.131,11.17,215.00,1.46
8.872,4437,3,0,526,523,385,0.124,11.17,215.00,1.39
8.874,4438,3,0,526,523,385,0.124,11.17,215.00,1.39
8.876,4439,3,0,525,519,386,0.124,11.16,209.00,1.38
8.878,4440,3,0,526,523,386,0.124,11.17,212.00,1.39
8.880,4441,3,0,527,523,384,0.139,11.18,214.00,1.55
8.882,4442,3,0,526,522,385,0.131,11.17,212.00,1.46
8.884,4443,3,0,528,523,383,0.131,11.18,215.00,1.46
8.886,4444,3,0,527,523,385,0.124,11.17,212.00,1.39
8.888,4445,3,0,527,523,384,0.124,11.18,215.00,1.39
8.890,4446,3,0,527,524,385,0.124,11.17,215.00,1.39
8.892,4447,3,0,527,522,384,0.109,11.16,214.00,1.22
8.894,4448,3,0,527,523,383,0.124,11.17,215.00,1.39
8.896,4449,3,0,527,523,384,0.131,11.19,214.00,1.47
8.898,4450,3,0,526,521,385,0.124,11.17,212.00,1.39
8.900,4451,3,0,526,521,384,0.124,11.18,212.00,1.39
8.902,4452,3,0,526,523,384,0.124,11.17,215.00,1.39
8.904,4453,3,0,526,523,384,0.124,11.19,215.00,1.39
8.906,4454,3,0,526,522,385,0.124,11.17,212.00,1.39
8.908,4455,3,0,528,522,384,0.109,11.17,217.00,1.22
8.910,4456,3,0,524,521,385,0.131,11.17,212.00,1.46
8.912,4457,3,0,527,522,383,0.124,11.18,217.00,1.39
8.914,4458,3,0,526,522,386,0.131,11.17,214.00,1.46
8.916,4459,3,0,527,521,383,0.124,11.17,212.00,1.39
8.918,4460,3,0,527,523,384,0.102,11.16,215.00,1.14
8.920,4461,3,0,527,522,383,0.124,11.20,217.00,1.39
8.922,4462,3,0,526,522,384,0.117,11.17,215.00,1.31
8.924,4463,3,0,527,521,383,0.124,11.17,217.00,1.39
8.926,4464,3,0,526,523,384,0.117,11.16,214.00,1.31
8.928,4465,3,0,526,522,384,0.117,11.17,214.00,1.31
8.930,4466,3,0,526,522,385,0.131,11.19,214.00,1.47
8.932,4467,3,0,526,521,384,0.117,11.17,214.00,1.31
8.934,4468,3,0,526,522,383,0.124,11.18,215.00,1.39
8.936,4469,3,0,527,523,383,0.124,11.20,217.00,1.39
8.938,4470,3,0,527,522,384,0.124,11.17,212.00,1.39
8.940,4471,3,0,527,522,387,0.117,11.16,212.00,1.31
8.942,4472,3,0,526,523,383,0.117,11.17,217.00,1.31
8.944,4473,3,0,526,522,384,0.117,11.19,215.00,1.31
8.946,4474,3,0,526,523,383,0.124,11.18,215.00,1.39
8.948,4475,3,0,527,523,384,0.124,11.18,211.00,1.39
8.950,4476,3,0,526,523,384,0.117,11.17,214.00,1.31
8.952,4477,3,0,526,522,384,0.117,11.18,215.00,1.31
8.954,4478,3,0,526,522,384,0.131,11.19,214.00,1.47
8.956,4479,3,0,527,521,386,0.124,11.17,212.00,1.39
8.958,4480,3,0,525,522,385,0.117,11.16,215.00,1.31
8.960,4481,3,0,527,523,382,0.117,11.17,217.00,1.31
8.962,4482,3,0,525,521,385,0.131,11.18,214.00,1.46
8.964,4483,3,0,526,521,383,0.124,11.17,214.00,1.39
8.966,4484,3,0,527,523,383,0.117,11.16,215.00,1.31
8.968,4485,3,0,527,524,383,0.124,11.18,215.00,1.39
8.970,4486,3,0,526,521,386,0.117,11.17,214.00,1.31
8.972,4487,3,0,526,520,384,0.131,11.19,212.00,1.47
8.974,4488,3,0,527,523,384,0.131,11.19,217.00,1.47
8.976,4489,3,0,525,523,385,0.117,11.17,215.00,1.31
8.978,4490,3,0,528,522,385,0.109,11.16,215.00,1.22
8.980,4491,3,0,527,523,384,0.124,11.17,214.00,1.39
8.982,4492,3,0,527,523,384,0.124,11.18,215.00,1.39
8.984,4493,3,0,528,524,384,0.117,11.19,217.00,1.31
8.986,4494,3,0,528,523,385,0.131,11.18,214.00,1.46
8.988,4495,3,0,530,524,383,0.117,11.17,217.00,1.31
8.990,4496,3,0,528,524,385,0.117,11.16,214.00,1.31
8.992,4497,3,0,528,523,383,0.117,11.20,215.00,1.31
8.994,4498,3,0,527,523,383,0.124,11.18,217.00,1.39
8.996,4499,3,0,527,523,384,0.117,11.18,215.00,1.31
8.998,4500,3,0,526,521,384,0.124,11.19,215.00,1.39
9.000,4501,3,0,526,522,384,0.117,11.17,214.00,1.31
