Time(s),Index,RPM,Throttle(%),AccelX,AccelY,AccelZ,Current(A),Voltage(V),Thrust(N),Power(W)
0.000,1,0,0,2006,1997,2498,0.117,0.03,2532.00,0.00
0.002,2,0,0,2007,1997,2500,0.117,0.04,2531.00,0.00
0.004,3,0,0,2006,1997,2499,0.095,0.01,2530.00,0.00
0.006,4,0,0,2007,1998,2499,0.102,0.02,2531.00,0.00
0.008,5,0,0,2007,1998,2499,0.109,0.01,2531.00,0.00
0.010,6,0,0,2007,1998,2499,0.095,0.00,2531.00,0.00
0.012,7,0,0,2008,1998,2498,0.095,0.02,2532.00,0.00
0.014,8,0,0,2007,1999,2498,0.102,0.02,2534.00,0.00
0.016,9,0,0,2007,1999,2498,0.102,0.02,2532.00,0.00
0.018,10,0,0,2007,1999,2498,0.095,0.02,2532.00,0.00
0.020,11,0,0,2006,1996,2499,0.109,0.01,2531.00,0.00
0.022,12,0,0,2006,1997,2500,0.087,0.01,2531.00,0.00
0.024,13,0,0,2008,1998,2501,0.109,0.01,2531.00,0.00
0.026,14,0,0,2006,1997,2499,0.095,0.00,2532.00,0.00
0.028,15,0,0,2007,1998,2497,0.102,0.02,2535.00,0.00
0.030,16,0,0,2006,1997,2498,0.102,0.01,2532.00,0.00
0.032,17,0,0,2007,1998,2498,0.102,0.02,2534.00,0.00
0.034,18,0,0,2007,1999,2497,0.095,0.02,2534.00,0.00
0.036,19,0,0,2007,1998,2498,0.095,0.02,2534.00,0.00
0.038,20,0,0,2006,1998,2500,0.095,0.02,2531.00,0.00
0.040,21,0,0,2006,1998,2499,0.102,0.02,2531.00,0.00
0.042,22,0,0,2007,1998,2499,0.102,0.00,2531.00,0.00
0.044,23,0,0,2007,1998,2498,0.102,0.02,2532.00,0.00
0.046,24,0,0,2007,1997,2499,0.095,0.02,2528.00,0.00
0.048,25,0,0,2006,1997,2498,0.102,0.01,2530.00,0.00
0.050,26,0,0,2007,1999,2497,0.102,0.02,2535.00,0.00
0.052,27,0,0,2007,1998,2498,0.102,0.03,2532.00,0.00
0.054,28,0,0,2007,1998,2498,0.095,0.01,2532.00,0.00
0.056,29,0,0,2008,1999,2498,0.102,0.02,2532.00,0.00
0.058,30,0,0,2007,1998,2499,0.095,0.00,2531.00,0.00
0.060,31,0,0,2006,1997,2499,0.109,0.01,2530.00,0.00
0.062,32,0,0,2006,1996,2501,0.102,0.02,2534.00,0.00
0.064,33,0,0,2007,1997,2499,0.102,0.02,2532.00,0.00
0.066,34,0,0,2007,1997,2498,0.102,0.02,2538.00,0.00
0.068,35,0,0,2006,1997,2500,0.095,0.02,2531.00,0.00
0.070,36,0,0,2007,1997,2500,0.102,0.02,2537.00,0.00
0.072,37,0,0,2007,1998,2500,0.109,0.02,2532.00,0.00
0.074,38,0,0,2007,1998,2500,0.095,0.01,2538.00,0.00
0.076,39,0,0,2006,1998,2499,0.102,0.01,2532.00,0.00
0.078,40,0,0,2007,1997,2498,0.102,0.01,2538.00,0.00
0.080,41,0,0,2006,1997,2499,0.095,0.01,2532.00,0.00
0.082,42,0,0,2006,1997,2499,0.095,0.01,2537.00,0.00
0.084,43,0,0,2006,1997,2499,0.102,0.02,2532.00,0.00
0.086,44,0,0,2008,1999,2498,0.102,0.02,2540.00,0.00
0.088,45,0,0,2009,2000,2497,0.102,0.02,2535.00,0.00
0.090,46,0,0,2008,1999,2498,0.095,0.01,2540.00,0.00
0.092,47,0,0,2008,1999,2498,0.109,0.01,2535.00,0.00
0.094,48,0,0,2007,1999,2498,0.102,0.02,2541.00,0.00
0.096,49,0,0,2006,1997,2500,0.095,0.01,2532.00,0.00
0.098,50,0,0,2008,1999,2497,0.102,0.02,2540.00,0.00
0.100,51,0,0,2006,1997,2499,0.087,0.01,2532.00,0.00
0.102,52,0,0,2007,1998,2498,0.102,0.02,2538.00,0.00
0.104,53,0,0,2008,1999,2497,0.109,0.02,2535.00,0.00
0.106,54,0,0,2006,1997,2499,0.087,0.01,2537.00,0.00
0.108,55,0,0,2008,1998,2499,0.102,0.01,2531.00,0.00
0.110,56,0,0,2004,1996,2500,0.102,0.02,2535.00,0.00
0.112,57,0,0,2007,1997,2499,0.095,0.01,2531.00,0.00
0.114,58,0,0,2007,1998,2498,0.109,0.02,2537.00,0.00
0.116,59,0,0,2006,1996,2499,0.095,0.02,2532.00,0.00
0.118,60,0,0,2007,1997,2499,0.095,0.02,2537.00,0.00
0.120,61,0,1,2007,1998,2499,0.109,0.02,2531.00,0.00
0.122,62,0,1,2007,1998,2498,0.095,0.01,2538.00,0.00
0.124,63,0,1,2008,1999,2498,0.102,0.01,2535.00,0.00
0.126,64,0,1,2007,1999,2497,0.102,0.00,2540.00,0.00
0.128,65,0,1,2006,1998,2498,0.095,0.01,2534.00,0.00
0.130,66,0,1,2008,1999,2498,0.095,0.02,2541.00,0.00
0.132,67,0,1,2006,1998,2499,0.095,0.01,2532.00,0.00
0.134,68,0,1,2005,1996,2499,0.095,0.02,2537.00,0.00
0.136,69,0,1,2008,1999,2498,0.109,0.03,2535.00,0.00
0.138,70,0,1,2007,1998,2498,0.102,0.02,2537.00,0.00
0.140,71,0,1,2007,1997,2499,0.087,0.01,2531.00,0.00
0.142,72,0,1,2008,1999,2497,0.102,0.01,2540.00,0.00
0.144,73,0,1,2007,1997,2499,0.095,0.01,2531.00,0.00
0.146,74,0,1,2006,1997,2499,0.102,0.02,2537.00,0.00
0.148,75,0,1,2006,1997,2499,0.102,0.02,2530.00,0.00
0.150,76,0,1,2006,1996,2500,0.095,0.02,2537.00,0.00
0.152,77,0,1,2007,1997,2500,0.102,0.03,2532.00,0.00
0.154,78,0,1,2007,1998,2499,0.095,0.02,2538.00,0.00
0.156,79,0,1,2007,1998,2499,0.109,0.02,2531.00,0.00
0.158,80,0,1,2008,1999,2499,0.109,0.01,2537.00,0.00
0.160,81,0,1,2006,1996,2499,0.095,0.00,2531.00,0.00
0.162,82,0,1,2007,1998,2498,0.095,0.01,2531.00,0.00
0.164,83,0,1,2006,1997,2498,0.095,0.01,2532.00,0.00
0.166,84,0,1,2008,1998,2498,0.102,0.02,2532.00,0.00
0.168,85,0,1,2008,1999,2499,0.095,0.02,2531.00,0.00
0.170,86,0,1,2007,1998,2498,0.087,0.01,2532.00,0.00
0.172,87,0,1,2007,1997,2499,0.102,0.02,2531.00,0.00
0.174,88,0,1,2005,1996,2500,0.109,0.01,2528.00,0.00
0.176,89,0,1,2007,1998,2499,0.095,0.00,2531.00,0.00
0.178,90,0,1,2007,1998,2498,0.095,0.02,2532.00,0.00
0.180,91,0,1,2007,1997,2498,0.102,0.01,2532.00,0.00
0.182,92,0,1,2006,1997,2499,0.102,0.02,2530.00,0.00
0.184,93,0,1,2007,2000,2498,0.109,0.02,2532.00,0.00
0.186,94,0,1,2007,1999,2499,0.102,0.02,2532.00,0.00
0.188,95,0,1,2008,2000,2498,0.109,0.03,2532.00,0.00
0.190,96,0,1,2007,1999,2499,0.109,0.02,2531.00,0.00
0.192,97,0,1,2006,1998,2499,0.102,0.01,2530.00,0.00
0.194,98,0,1,2007,1999,2498,0.109,0.02,2532.00,0.00
0.196,99,0,1,2006,1996,2499,0.102,0.01,2530.00,0.00
0.198,100,0,1,2007,1999,2498,0.102,0.02,2532.00,0.00
0.200,101,0,1,2007,1998,2500,0.109,0.02,2531.00,0.00
0.202,102,0,1,2007,1997,2499,0.102,0.02,2530.00,0.00
0.204,103,0,1,2007,1998,2499,0.102,0.02,2531.00,0.00
0.206,104,0,1,2007,1998,2500,0.102,0.02,2531.00,0.00
0.208,105,0,1,2006,1997,2498,0.095,0.01,2531.00,0.00
0.210,106,0,1,2007,1998,2499,0.117,0.02,2530.00,0.00
0.212,107,0,1,2006,1997,2499,0.095,0.02,2530.00,0.00
0.214,108,0,1,2006,1997,2499,0.095,0.01,2530.00,0.00
0.216,109,0,1,2007,1997,2498,0.109,0.02,2531.00,0.00
0.218,110,0,1,2007,1998,2499,0.095,0.02,2531.00,0.00
0.220,111,0,1,2007,1999,2499,0.102,0.02,2531.00,0.00
0.222,112,0,1,2009,1999,2498,0.102,0.02,2534.00,0.00
0.224,113,0,1,2008,2000,2498,0.102,0.01,2534.00,0.00
0.226,114,0,1,2008,1999,2498,0.124,0.02,2534.00,0.00
0.228,115,0,1,2007,1998,2499,0.102,0.01,2530.00,0.00
0.230,116,0,1,2007,1998,2499,0.102,0.02,2531.00,0.00
0.232,117,0,1,2007,1998,2499,0.102,0.01,2530.00,0.00
0.234,118,0,1,2007,1998,2500,0.102,0.02,2531.00,0.00
0.236,119,0,1,2006,1997,2499,0.109,0.02,2531.00,0.00
0.238,120,0,1,2007,1998,2499,0.102,0.02,2531.00,0.00
0.240,121,0,2,2006,1997,2499,0.095,0.02,2530.00,0.00
0.242,122,0,2,2007,1998,2499,0.109,0.02,2530.00,0.00
0.244,123,0,2,2006,1997,2498,0.095,0.02,2531.00,0.00
0.246,124,0,2,2006,1997,2500,0.102,0.01,2530.00,0.00
0.248,125,0,2,2006,1997,2500,0.102,0.01,2528.00,0.00
0.250,126,0,2,2006,1997,2500,0.095,0.02,2530.00,0.00
0.252,127,0,2,2007,1997,2500,0.102,0.03,2530.00,0.00
0.254,128,0,2,2007,1998,2498,0.102,0.01,2531.00,0.00
0.256,129,0,2,2007,1998,2499,0.102,0.02,2530.00,0.00
0.258,130,0,2,2007,1998,2499,0.109,0.01,2531.00,0.00
0.260,131,0,2,2008,1999,2497,0.102,0.01,2532.00,0.00
0.262,132,0,2,2009,1999,2497,0.102,0.02,2540.00,0.00
0.264,133,0,2,2007,1999,2498,0.109,0.02,2534.00,0.00
0.266,134,0,2,2008,1998,2498,0.102,0.02,2538.00,0.00
0.268,135,0,2,2008,1999,2498,0.095,0.03,2534.00,0.00
0.270,136,0,2,2007,1998,2500,0.102,0.02,2534.00,0.00
0.272,137,0,2,2007,1998,2498,0.095,0.01,2532.00,0.00
0.274,138,0,2,2008,1998,2499,0.095,0.01,2537.00,0.00
0.276,139,0,2,2007,1997,2499,0.095,0.00,2532.00,0.00
0.278,140,0,2,2006,1996,2500,0.095,0.01,2535.00,0.00
0.280,141,0,2,2006,1997,2499,0.102,0.02,2531.00,0.00
0.282,142,0,2,2007,1998,2499,0.109,0.02,2537.00,0.00
0.284,143,0,2,2006,1998,2499,0.109,0.03,2531.00,0.00
0.286,144,0,2,2006,1997,2499,0.095,0.02,2537.00,0.00
0.288,145,0,2,2007,1998,2499,0.095,0.02,2531.00,0.00
0.290,146,0,2,2007,1998,2498,0.102,0.02,2538.00,0.00
0.292,147,0,2,2007,1998,2499,0.095,0.00,2531.00,0.00
0.294,148,0,2,2007,1997,2499,0.095,0.01,2538.00,0.00
0.296,149,0,2,2008,1999,2497,0.095,0.02,2534.00,0.00
0.298,150,0,2,2008,1999,2497,0.102,0.02,2540.00,0.00
0.300,151,0,2,2008,1998,2498,0.102,0.02,2534.00,0.00
0.302,152,0,2,2008,1999,2497,0.095,0.02,2541.00,0.00
0.304,153,0,2,2007,1998,2498,0.102,0.01,2534.00,0.00
0.306,154,0,2,2008,1999,2497,0.109,0.02,2540.00,0.00
0.308,155,0,2,2007,1997,2500,0.102,0.01,2531.00,0.00
0.310,156,0,2,2007,1998,2499,0.095,0.00,2538.00,0.00
0.312,157,0,2,2006,1997,2500,0.117,0.02,2532.00,0.00
0.314,158,0,2,2007,1998,2500,0.102,0.02,2534.00,0.00
0.316,159,0,2,2007,1998,2500,0.102,0.02,2532.00,0.00
0.318,160,0,2,2007,1997,2499,0.102,0.03,2537.00,0.00
0.320,161,0,2,2007,1997,2499,0.102,0.02,2531.00,0.00
0.322,162,0,2,2006,1996,2500,0.102,0.02,2535.00,0.00
0.324,163,0,2,2007,1997,2500,0.102,0.01,2531.00,0.00
0.326,164,0,2,2008,1998,2498,0.095,0.01,2540.00,0.00
0.328,165,0,2,2007,1998,2499,0.102,0.02,2532.00,0.00
0.330,166,0,2,2007,1998,2498,0.109,0.02,2538.00,0.00
0.332,167,0,2,2008,1998,2499,0.102,0.02,2534.00,0.00
0.334,168,0,2,2008,1998,2498,0.102,0.02,2538.00,0.00
0.336,169,0,2,2007,1997,2500,0.102,0.02,2531.00,0.00
0.338,170,0,2,2007,1997,2499,0.102,0.02,2537.00,0.00
0.340,171,0,2,2007,1998,2499,0.095,0.02,2531.00,0.00
0.342,172,0,2,2007,1998,2499,0.109,0.01,2537.00,0.00
0.344,173,0,2,2007,1998,2500,0.109,0.02,2531.00,0.00
0.346,174,0,2,2007,1998,2498,0.109,0.02,2540.00,0.00
0.348,175,0,2,2006,1998,2499,0.095,0.02,2532.00,0.00
0.350,176,0,2,2007,1998,2498,0.095,0.02,2540.00,0.00
0.352,177,0,2,2008,1999,2497,0.102,0.02,2535.00,0.00
0.354,178,0,2,2008,1999,2498,0.102,0.02,2540.00,0.00
0.356,179,0,2,2008,1999,2497,0.095,0.02,2535.00,0.00
0.358,180,0,2,2009,2000,2497,0.095,0.01,2540.00,0.00
0.360,181,0,3,2007,1999,2498,0.102,0.01,2534.00,0.00
0.362,182,0,3,2006,1997,2500,0.102,0.01,2530.00,0.00
0.364,183,0,3,2006,1997,2499,0.109,0.02,2530.00,0.00
0.366,184,0,3,2008,1999,2498,0.095,0.02,2532.00,0.00
0.368,185,0,3,2007,1997,2498,0.095,0.02,2531.00,0.00
0.370,186,0,3,2007,1997,2498,0.095,0.02,2531.00,0.00
0.372,187,0,3,2007,1998,2498,0.102,0.02,2532.00,0.00
0.374,188,0,3,2008,1998,2499,0.109,0.02,2530.00,0.00
0.376,189,0,3,2006,1997,2501,0.109,0.02,2528.00,0.00
0.378,190,0,3,2007,1997,2498,0.102,0.02,2531.00,0.00
0.380,191,0,3,2007,1998,2500,0.102,0.02,2528.00,0.00
0.382,192,0,3,2007,1997,2498,0.095,0.01,2531.00,0.00
0.384,193,0,3,2008,1998,2499,0.109,0.02,2530.00,0.00
0.386,194,0,3,2007,1998,2499,0.102,0.03,2531.00,0.00
0.388,195,0,3,2008,1999,2498,0.109,0.02,2531.00,0.00
0.390,196,0,3,2007,1999,2498,0.102,0.02,2530.00,0.00
0.392,197,0,3,2008,1999,2499,0.095,0.01,2532.00,0.00
0.394,198,0,3,2008,2000,2497,0.102,0.02,2534.00,0.00
0.396,199,0,3,2007,1999,2498,0.102,0.02,2532.00,0.00
0.398,200,0,3,2008,1999,2497,0.102,0.02,2534.00,0.00
0.400,201,0,3,2007,1998,2498,0.095,0.02,2532.00,0.00
0.402,202,0,3,2006,1997,2498,0.102,0.02,2531.00,0.00
0.404,203,0,3,2008,1998,2498,0.095,0.01,2531.00,0.00
0.406,204,0,3,2008,1999,2498,0.102,0.02,2532.00,0.00
0.408,205,0,3,2007,1998,2499,0.102,0.01,2531.00,0.00
0.410,206,0,3,2007,1998,2498,0.102,0.00,2531.00,0.00
0.412,207,0,3,2006,1996,2500,0.102,0.02,2528.00,0.00
0.414,208,0,3,2007,1997,2499,0.102,0.02,2530.00,0.00
0.416,209,0,3,2007,1998,2498,0.102,0.02,2531.00,0.00
0.418,210,0,3,2006,1997,2500,0.109,0.03,2528.00,0.00
0.420,211,0,3,2007,1998,2499,0.109,0.02,2531.00,0.00
0.422,212,0,3,2006,1997,2499,0.095,0.02,2531.00,0.00
0.424,213,0,3,2007,1998,2498,0.102,0.01,2532.00,0.00
0.426,214,0,3,2007,1998,2498,0.102,0.01,2531.00,0.00
0.428,215,0,3,2007,1997,2500,0.102,0.02,2530.00,0.00
0.430,216,0,3,2008,1999,2497,0.095,0.01,2534.00,0.00
0.432,217,0,3,2008,1999,2497,0.102,0.02,2534.00,0.00
0.434,218,0,3,2008,1999,2497,0.102,0.03,2532.00,0.00
0.436,219,0,3,2008,1999,2497,0.095,0.02,2534.00,0.00
0.438,220,0,3,2008,1998,2498,0.102,0.02,2531.00,0.00
0.440,221,0,3,2007,1997,2499,0.117,0.02,2530.00,0.00
0.442,222,0,3,2008,1999,2498,0.102,0.00,2531.00,0.00
0.444,223,0,3,2007,1997,2498,0.095,0.01,2531.00,0.00
0.446,224,0,3,2007,1999,2498,0.087,0.00,2531.00,0.00
0.448,225,0,3,2008,1998,2498,0.109,0.02,2531.00,0.00
0.450,226,0,3,2009,1999,2498,0.102,0.03,2532.00,0.00
0.452,227,0,3,2009,2000,2497,0.109,0.03,2534.00,0.00
0.454,228,0,3,2008,1999,2497,0.102,0.02,2532.00,0.00
0.456,229,0,3,2007,1997,2498,0.102,0.02,2532.00,0.00
0.458,230,0,3,2007,1997,2499,0.102,0.01,2531.00,0.00
0.460,231,0,3,2007,1997,2498,0.095,0.02,2531.00,0.00
0.462,232,0,3,2008,1998,2497,0.087,0.01,2538.00,0.00
0.464,233,0,3,2007,1998,2498,0.102,0.02,2534.00,0.00
0.466,234,0,3,2006,1997,2499,0.102,0.02,2537.00,0.00
0.468,235,0,3,2007,1998,2499,0.109,0.02,2532.00,0.00
0.470,236,0,3,2008,1998,2499,0.109,0.02,2537.00,0.00
0.472,237,0,3,2006,1996,2500,0.095,0.02,2531.00,0.00
0.474,238,0,3,2007,1997,2499,0.095,0.00,2535.00,0.00
0.476,239,0,3,2006,1996,2501,0.102,0.01,2528.00,0.00
0.478,240,0,3,2008,1998,2498,0.102,0.02,2540.00,0.00
0.480,241,0,4,2007,1998,2498,0.109,0.02,2532.00,0.00
0.482,242,0,4,2007,1996,2498,0.109,0.02,2538.00,0.00
0.484,243,0,4,2008,1998,2498,0.109,0.03,2534.00,0.00
0.486,244,0,4,2008,1999,2497,0.109,0.02,2540.00,0.00
0.488,245,0,4,2008,1999,2498,0.109,0.02,2534.00,0.00
0.490,246,0,4,2008,2000,2497,0.102,0.02,2540.00,0.00
0.492,247,0,4,2007,1998,2499,0.102,0.01,2534.00,0.00
0.494,248,0,4,2007,1999,2499,0.102,0.02,2537.00,0.00
0.496,249,0,4,2008,1999,2497,0.109,0.02,2535.00,0.00
0.498,250,0,4,2007,1998,2500,0.102,0.03,2535.00,0.00
0.500,251,0,4,2008,1999,2498,0.102,0.02,2534.00,0.00
0.502,252,0,4,2008,1999,2497,0.109,0.02,2538.00,0.00
0.504,253,0,4,2007,1997,2499,0.095,0.01,2531.00,0.00
0.506,254,0,4,2008,1998,2499,0.109,0.02,2537.00,0.00
0.508,255,0,4,2006,1996,2501,0.102,0.02,2530.00,0.00
0.510,256,0,4,2007,1998,2499,0.109,0.02,2537.00,0.00
0.512,257,0,4,2007,1998,2498,0.109,0.02,2532.00,0.00
0.514,258,0,4,2006,1997,2500,0.095,0.02,2534.00,0.00
0.516,259,0,4,2008,1998,2497,0.102,0.02,2534.00,0.00
0.518,260,0,4,2008,1998,2498,0.109,0.02,2538.00,0.00
0.520,261,0,4,2007,1998,2499,0.109,0.02,2531.00,0.00
0.522,262,0,4,2007,1998,2498,0.102,0.02,2538.00,0.00
0.524,263,0,4,2008,1999,2497,0.109,0.02,2535.00,0.00
0.526,264,0,4,2008,1999,2497,0.109,0.01,2540.00,0.00
0.528,265,0,4,2008,1999,2497,0.109,0.02,2535.00,0.00
0.530,266,0,4,2007,1999,2498,0.109,0.02,2538.00,0.00
0.532,267,0,4,2008,1998,2498,0.102,0.02,2532.00,0.00
0.534,268,0,4,2008,2000,2497,0.109,0.03,2540.00,0.00
0.536,269,0,4,2006,1997,2501,0.095,0.02,2530.00,0.00
0.538,270,0,4,2008,1999,2497,0.109,0.02,2538.00,0.00
0.540,271,0,4,2006,1997,2499,0.102,0.01,2532.00,0.00
0.542,272,0,4,2007,1998,2498,0.102,0.00,2538.00,0.00
0.544,273,0,4,2007,1998,2498,0.117,0.02,2532.00,0.00
0.546,274,0,4,2007,1997,2499,0.102,0.02,2537.00,0.00
0.548,275,0,4,2007,1998,2499,0.109,0.02,2532.00,0.00
0.550,276,0,4,2006,1997,2499,0.102,0.02,2537.00,0.00
0.552,277,0,4,2006,1997,2501,0.102,0.03,2531.00,0.00
0.554,278,0,4,2008,1998,2498,0.109,0.02,2540.00,0.00
0.556,279,0,4,2007,1997,2499,0.102,0.02,2532.00,0.00
0.558,280,0,4,2008,1998,2498,0.102,0.02,2538.00,0.00
0.560,281,0,4,2007,1999,2497,0.109,0.02,2535.00,0.00
0.562,282,0,4,2007,1999,2497,0.102,0.02,2534.00,0.00
0.564,283,0,4,2007,1998,2498,0.109,0.02,2532.00,0.00
0.566,284,0,4,2008,1999,2497,0.102,0.02,2534.00,0.00
0.568,285,0,4,2007,1998,2500,0.109,0.03,2531.00,0.00
0.570,286,0,4,2008,1999,2498,0.095,0.02,2531.00,0.00
0.572,287,0,4,2007,1998,2500,0.109,0.02,2530.00,0.00
0.574,288,0,4,2007,1998,2498,0.095,0.01,2532.00,0.00
0.576,289,0,4,2007,1999,2498,0.109,0.00,2532.00,0.00
0.578,290,0,4,2006,1997,2498,0.102,0.01,2531.00,0.00
0.580,291,0,4,2007,1998,2498,0.109,0.02,2532.00,0.00
0.582,292,0,4,2006,1996,2499,0.102,0.02,2530.00,0.00
0.584,293,0,4,2006,1996,2498,0.102,0.02,2531.00,0.00
0.586,294,0,4,2007,1998,2498,0.102,0.02,2530.00,0.00
0.588,295,0,4,2007,1997,2499,0.102,0.02,2530.00,0.00
0.590,296,0,4,2008,1998,2499,0.102,0.02,2530.00,0.00
0.592,297,0,4,2007,1997,2498,0.109,0.02,2531.00,0.00
0.594,298,0,4,2005,1997,2499,0.095,0.02,2531.00,0.00
0.596,299,0,4,2007,1997,2498,0.102,0.02,2531.00,0.00
0.598,300,0,4,2008,1998,2497,0.102,0.02,2532.00,0.00
0.600,301,0,5,2007,1997,2499,0.095,0.02,2532.00,0.00
0.602,302,0,5,2008,1999,2496,0.102,0.02,2534.00,0.00
0.604,303,0,5,2008,1998,2498,0.102,0.02,2532.00,0.00
0.606,304,0,5,2008,1999,2497,0.102,0.02,2534.00,0.00
0.608,305,0,5,2007,1998,2498,0.102,0.01,2532.00,0.00
0.610,306,0,5,2006,1998,2499,0.102,0.01,2530.00,0.00
0.612,307,0,5,2007,1999,2498,0.109,0.01,2532.00,0.00
0.614,308,0,5,2006,1997,2498,0.095,0.01,2531.00,0.00
0.616,309,0,5,2007,1997,2499,0.095,0.02,2531.00,0.00
0.618,310,0,5,2007,1998,2497,0.109,0.02,2532.00,0.00
0.620,311,0,5,2006,1996,2500,0.095,0.02,2530.00,0.00
0.622,312,0,5,2008,1998,2499,0.109,0.02,2531.00,0.00
0.624,313,0,5,2007,1997,2499,0.109,0.02,2530.00,0.00
0.626,314,0,5,2007,1997,2499,0.109,0.02,2530.00,0.00
0.628,315,0,5,2007,1997,2499,0.102,0.02,2530.00,0.00
0.630,316,0,5,2007,1999,2498,0.109,0.02,2531.00,0.00
0.632,317,0,5,2007,1997,2498,0.095,0.01,2530.00,0.00
0.634,318,0,5,2008,1999,2497,0.109,0.03,2531.00,0.00
0.636,319,0,5,2007,1998,2498,0.102,0.02,2531.00,0.00
0.638,320,0,5,2007,1998,2498,0.109,0.02,2531.00,0.00
0.640,321,0,5,2009,2000,2497,0.117,0.02,2534.00,0.00
0.642,322,0,5,2007,1998,2497,0.109,0.01,2532.00,0.00
0.644,323,0,5,2008,1999,2497,0.109,0.02,2534.00,0.00
0.646,324,0,5,2007,1998,2498,0.095,0.02,2531.00,0.00
0.648,325,0,5,2006,1997,2499,0.102,0.02,2530.00,0.00
0.650,326,0,5,2007,1998,2498,0.102,0.02,2531.00,0.00
0.652,327,0,5,2007,1998,2498,0.102,0.02,2530.00,0.00
0.654,328,0,5,2007,1998,2498,0.109,0.01,2531.00,0.00
0.656,329,0,5,2008,2000,2497,0.109,0.02,2532.00,0.00
0.658,330,0,5,2006,1996,2500,0.102,0.01,2530.00,0.00
0.660,331,0,5,2007,1997,2499,0.109,0.01,2530.00,0.00
0.662,332,0,5,2006,1997,2499,0.109,0.02,2535.00,0.00
0.664,333,0,5,2007,1997,2500,0.102,0.01,2530.00,0.00
0.666,334,0,5,2007,1997,2499,0.095,0.02,2535.00,0.00
0.668,335,0,5,2007,1998,2498,0.102,0.02,2532.00,0.00
0.670,336,0,5,2007,1999,2498,0.102,0.01,2538.00,0.00
0.672,337,0,5,2007,1998,2498,0.102,0.02,2531.00,0.00
0.674,338,0,5,2007,1997,2498,0.102,0.01,2538.00,0.00
0.676,339,0,5,2008,1999,2497,0.109,0.02,2535.00,0.00
0.678,340,0,5,2007,1999,2498,0.102,0.02,2538.00,0.00
0.680,341,0,5,2007,1998,2498,0.117,0.02,2534.00,0.00
0.682,342,0,5,2008,1999,2498,0.102,0.02,2538.00,0.00
0.684,343,0,5,2006,1997,2498,0.102,0.02,2532.00,0.00
0.686,344,0,5,2007,1999,2497,0.102,0.02,2541.00,0.00
0.688,345,0,5,2007,1997,2499,0.102,0.02,2531.00,0.00
0.690,346,0,5,2007,1997,2499,0.102,0.02,2537.00,0.00
0.692,347,0,5,2007,1997,2498,0.102,0.01,2532.00,0.00
0.694,348,0,5,2008,2000,2496,0.117,0.02,2540.00,0.00
0.696,349,0,5,2008,1999,2498,0.095,0.02,2534.00,0.00
0.698,350,0,5,2008,1999,2497,0.117,0.02,2540.00,0.00
0.700,351,0,5,2008,1999,2498,0.109,0.02,2535.00,0.00
0.702,352,0,5,2008,1999,2497,0.095,0.02,2540.00,0.00
0.704,353,0,5,2007,1999,2499,0.095,0.02,2532.00,0.00
0.706,354,0,5,2007,1998,2499,0.087,0.01,2538.00,0.00
0.708,355,0,5,2007,1997,2499,0.109,0.02,2532.00,0.00
0.710,356,0,5,2007,1998,2497,0.102,0.01,2538.00,0.00
0.712,357,0,5,2007,1998,2498,0.087,0.01,2532.00,0.00
0.714,358,0,5,2007,1999,2498,0.102,0.02,2538.00,0.00
0.716,359,0,5,2008,1998,2497,0.102,0.02,2535.00,0.00
0.718,360,0,5,2007,1998,2498,0.109,0.03,2538.00,0.00
0.720,361,0,6,2007,1998,2497,0.102,0.02,2535.00,0.00
0.722,362,0,6,2008,1998,2498,0.102,0.02,2538.00,0.00
0.724,363,0,6,2008,1998,2498,0.117,0.02,2534.00,0.00
0.726,364,0,6,2007,1999,2498,0.102,0.01,2538.00,0.00
0.728,365,0,6,2007,1998,2499,0.109,0.02,2530.00,0.00
0.730,366,0,6,2007,1998,2498,0.095,0.02,2537.00,0.00
0.732,367,0,6,2006,1998,2498,0.095,0.02,2534.00,0.00
0.734,368,0,6,2007,1998,2498,0.102,0.02,2537.00,0.00
0.736,369,0,6,2007,1998,2500,0.109,0.03,2531.00,0.00
0.738,370,0,6,2006,1997,2500,0.109,0.02,2535.00,0.00
0.740,371,0,6,2006,1997,2500,0.102,0.02,2532.00,0.00
0.742,372,0,6,2006,1997,2499,0.102,0.02,2537.00,0.00
0.744,373,0,6,2007,1998,2500,0.102,0.01,2531.00,0.00
0.746,374,0,6,2007,1998,2498,0.102,0.02,2537.00,0.00
0.748,375,0,6,2006,1996,2499,0.095,0.02,2531.00,0.00
0.750,376,0,6,2007,1997,2499,0.102,0.02,2535.00,0.00
0.752,377,0,6,2007,1999,2498,0.102,0.02,2535.00,0.00
0.754,378,0,6,2007,1998,2499,0.102,0.02,2537.00,0.00
0.756,379,0,6,2007,1999,2497,0.109,0.02,2534.00,0.00
0.758,380,0,6,2007,1998,2498,0.102,0.01,2538.00,0.00
0.760,381,0,6,2008,1999,2499,0.102,0.01,2534.00,0.00
0.762,382,0,6,2006,1998,2498,0.102,0.02,2531.00,0.00
0.764,383,0,6,2006,1997,2500,0.095,0.01,2528.00,0.00
0.766,384,0,6,2006,1998,2498,0.095,0.01,2531.00,0.00
0.768,385,0,6,2008,1998,2498,0.102,0.02,2531.00,0.00
0.770,386,0,6,2007,1997,2498,0.095,0.01,2531.00,0.00
0.772,387,0,6,2007,1997,2500,0.102,0.02,2528.00,0.00
0.774,388,0,6,2008,1999,2498,0.095,0.01,2532.00,0.00
0.776,389,0,6,2008,1999,2499,0.087,0.01,2531.00,0.00
0.778,390,0,6,2007,1999,2498,0.109,0.02,2531.00,0.00
0.780,391,0,6,2007,1998,2498,0.102,0.02,2531.00,0.00
0.782,392,0,6,2006,1997,2499,0.109,0.02,2530.00,0.00
0.784,393,0,6,2007,1998,2498,0.109,0.02,2531.00,0.00
0.786,394,0,6,2007,1998,2498,0.102,0.04,2531.00,0.00
0.788,395,0,6,2007,1999,2498,0.109,0.01,2531.00,0.00
0.790,396,0,6,2007,1997,2500,0.102,0.02,2530.00,0.00
0.792,397,0,6,2007,1997,2501,0.109,0.02,2527.00,0.00
0.794,398,0,6,2006,1997,2500,0.109,0.02,2528.00,0.00
0.796,399,0,6,2006,1997,2500,0.102,0.02,2527.00,0.00
0.798,400,0,6,2006,1998,2499,0.109,0.02,2530.00,0.00
0.800,401,0,6,2006,1997,2499,0.109,0.02,2530.00,0.00
0.802,402,0,6,2007,1998,2499,0.109,0.03,2531.00,0.00
0.804,403,0,6,2008,1998,2499,0.102,0.02,2531.00,0.00
0.806,404,0,6,2008,1997,2499,0.109,0.02,2531.00,0.00
0.808,405,0,6,2007,1998,2498,0.095,0.01,2530.00,0.00
0.810,406,0,6,2007,1998,2498,0.102,0.01,2531.00,0.00
0.812,407,0,6,2006,1998,2499,0.095,0.01,2532.00,0.00
0.814,408,0,6,2008,2000,2497,0.102,0.02,2532.00,0.00
0.816,409,0,6,2007,1999,2498,0.117,0.02,2531.00,0.00
0.818,410,0,6,2006,1997,2500,0.087,0.02,2530.00,0.00
0.820,411,0,6,2007,1998,2499,0.117,0.02,2530.00,0.00
0.822,412,0,6,2006,1997,2499,0.087,0.01,2530.00,0.00
0.824,413,0,6,2008,1999,2499,0.102,0.01,2530.00,0.00
0.826,414,0,6,2006,1997,2500,0.102,0.00,2530.00,0.00
0.828,415,0,6,2007,1998,2500,0.102,0.02,2528.00,0.00
0.830,416,0,6,2008,1999,2498,0.102,0.02,2532.00,0.00
0.832,417,0,6,2007,1999,2498,0.102,0.02,2531.00,0.00
0.834,418,0,6,2008,1999,2498,0.102,0.03,2532.00,0.00
0.836,419,0,6,2007,1999,2497,0.102,0.03,2532.00,0.00
0.838,420,0,6,2006,1998,2499,0.109,0.02,2530.00,0.00
0.840,421,0,7,2007,1997,2500,0.102,0.01,2530.00,0.00
0.842,422,0,7,2007,1998,2499,0.102,0.00,2531.00,0.00
0.844,423,0,7,2007,1999,2498,0.102,0.02,2531.00,0.00
0.846,424,0,7,2007,1998,2499,0.102,0.00,2531.00,0.00
0.848,425,0,7,2007,1998,2500,0.109,0.02,2530.00,0.00
0.850,426,0,7,2008,1998,2498,0.102,0.02,2532.00,0.00
0.852,427,0,7,2008,1999,2498,0.117,0.02,2532.00,0.00
0.854,428,0,7,2007,1999,2498,0.109,0.02,2532.00,0.00
0.856,429,0,7,2006,1998,2499,0.087,0.02,2531.00,0.00
0.858,430,0,7,2005,1997,2499,0.095,0.01,2530.00,0.00
0.860,431,0,7,2007,1998,2498,0.102,0.01,2532.00,0.00
0.862,432,0,7,2006,1997,2498,0.095,0.02,2537.00,0.00
0.864,433,0,7,2007,1998,2498,0.109,0.01,2532.00,0.00
0.866,434,0,7,2005,1996,2499,0.087,0.01,2535.00,0.00
0.868,435,0,7,2006,1997,2500,0.102,0.03,2531.00,0.00
0.870,436,0,7,2007,1997,2498,0.109,0.02,2537.00,0.00
0.872,437,0,7,2008,1999,2499,0.102,0.02,2531.00,0.00
0.874,438,0,7,2007,1997,2500,0.102,0.02,2537.00,0.00
0.876,439,0,7,2006,1997,2501,0.095,0.00,2528.00,0.00
0.878,440,0,7,2006,1997,2500,0.095,0.02,2537.00,0.00
0.880,441,0,7,2006,1996,2498,0.087,0.01,2534.00,0.00
0.882,442,0,7,2007,1997,2499,0.095,0.02,2537.00,0.00
0.884,443,0,7,2006,1998,2498,0.095,0.02,2534.00,0.00
0.886,444,0,7,2006,1996,2499,0.095,0.02,2535.00,0.00
0.888,445,0,7,2007,1998,2501,0.109,0.02,2530.00,0.00
0.890,446,0,7,2006,1996,2500,0.102,0.02,2535.00,0.00
0.892,447,0,7,2006,1997,2500,0.102,0.01,2531.00,0.00
0.894,448,0,7,2005,1996,2500,0.102,0.02,2534.00,0.00
0.896,449,0,7,2008,1997,2498,0.102,0.01,2532.00,0.00
0.898,450,0,7,2006,1997,2500,0.102,0.02,2535.00,0.00
0.900,451,0,7,2007,1998,2498,0.102,0.02,2534.00,0.00
0.902,452,0,7,2006,1997,2499,0.095,0.02,2537.00,0.00
0.904,453,0,7,2008,1999,2498,0.109,0.02,2534.00,0.00
0.906,454,0,7,2008,1999,2498,0.109,0.02,2538.00,0.00
0.908,455,0,7,2007,1999,2499,0.102,0.01,2532.00,0.00
0.910,456,0,7,2007,1999,2498,0.102,0.02,2538.00,0.00
0.912,457,0,7,2007,1998,2498,0.109,0.02,2534.00,0.00
0.914,458,0,7,2007,1998,2498,0.102,0.01,2537.00,0.00
0.916,459,0,7,2007,1999,2498,0.102,0.02,2534.00,0.00
0.918,460,0,7,2007,1997,2499,0.102,0.03,2537.00,0.00
0.920,461,0,7,2007,1998,2499,0.095,0.02,2532.00,0.00
0.922,462,0,7,2007,1998,2498,0.102,0.02,2537.00,0.00
0.924,463,0,7,2007,1998,2498,0.102,0.01,2532.00,0.00
0.926,464,0,7,2006,1998,2500,0.102,0.01,2537.00,0.00
0.928,465,0,7,2005,1996,2500,0.095,0.02,2530.00,0.00
0.930,466,0,7,2005,1996,2501,0.102,0.02,2535.00,0.00
0.932,467,0,7,2006,1997,2500,0.109,0.02,2531.00,0.00
0.934,468,0,7,2007,1998,2498,0.109,0.02,2535.00,0.00
0.936,469,0,7,2008,1998,2499,0.095,0.02,2531.00,0.00
0.938,470,0,7,2006,1998,2499,0.102,0.01,2535.00,0.00
0.940,471,0,7,2007,1998,2498,0.102,0.02,2531.00,0.00
0.942,472,0,7,2007,1999,2498,0.095,0.00,2538.00,0.00
0.944,473,0,7,2007,1998,2499,0.095,0.01,2532.00,0.00
0.946,474,0,7,2006,1998,2499,0.102,0.02,2537.00,0.00
0.948,475,0,7,2005,1996,2500,0.109,0.02,2531.00,0.00
0.950,476,0,7,2006,1997,2500,0.102,0.02,2535.00,0.00
0.952,477,0,7,2007,1998,2499,0.095,0.02,2531.00,0.00
0.954,478,0,7,2007,1997,2499,0.095,0.01,2535.00,0.00
0.956,479,0,7,2007,1997,2501,0.095,0.02,2530.00,0.00
0.958,480,0,7,2007,1998,2498,0.102,0.00,2537.00,0.00
0.960,481,0,8,2007,1998,2498,0.102,0.02,2532.00,0.00
0.962,482,0,8,2007,1999,2497,0.102,0.02,2534.00,0.00
0.964,483,0,8,2007,1999,2498,0.102,0.02,2532.00,0.00
0.966,484,0,8,2007,1998,2498,0.102,0.02,2532.00,0.00
0.968,485,0,8,2008,1999,2496,0.102,0.03,2535.00,0.00
0.970,486,0,8,2006,1998,2499,0.102,0.02,2530.00,0.00
0.972,487,0,8,2007,1997,2499,0.109,0.02,2531.00,0.00
0.974,488,0,8,2006,1997,2499,0.095,0.01,2530.00,0.00
0.976,489,0,8,2006,1998,2499,0.087,0.01,2531.00,0.00
0.978,490,0,8,2007,1999,2498,0.109,0.02,2531.00,0.00
0.980,491,0,8,2006,1998,2499,0.102,0.00,2530.00,0.00
0.982,492,0,8,2005,1997,2499,0.102,0.03,2530.00,0.00
0.984,493,0,8,2006,1996,2500,0.102,0.02,2530.00,0.00
0.986,494,0,8,2007,1997,2500,0.102,0.02,2530.00,0.00
0.988,495,0,8,2007,1997,2500,0.102,0.02,2530.00,0.00
0.990,496,0,8,2006,1997,2501,0.095,0.02,2528.00,0.00
0.992,497,0,8,2006,1997,2499,0.102,0.00,2530.00,0.00
0.994,498,0,8,2006,1996,2499,0.095,0.02,2530.00,0.00
0.996,499,0,8,2007,1998,2499,0.109,0.02,2531.00,0.00
0.998,500,0,8,2007,1998,2499,0.102,0.02,2531.00,0.00
1.000,501,0,8,2007,1998,2497,0.095,0.02,2532.00,0.00
1.002,502,0,8,2007,1998,2498,0.102,0.02,2532.00,0.00
1.004,503,0,8,2007,1999,2498,0.102,0.02,2532.00,0.00
1.006,504,0,8,2007,1998,2498,0.102,0.02,2531.00,0.00
1.008,505,0,8,2007,1998,2499,0.095,0.00,2531.00,0.00
1.010,506,0,8,2006,1998,2499,0.102,0.02,2530.00,0.00
1.012,507,0,8,2007,1998,2498,0.095,0.02,2531.00,0.00
1.014,508,0,8,2006,1998,2499,0.095,0.02,2532.00,0.00
1.016,509,0,8,2008,1998,2498,0.109,0.02,2531.00,0.00
1.018,510,0,8,2006,1998,2499,0.087,0.02,2530.00,0.00
1.020,511,0,8,2008,1998,2499,0.109,0.02,2531.00,0.00
1.022,512,0,8,2006,1997,2499,0.102,0.02,2528.00,0.00
1.024,513,0,8,2006,1997,2500,0.102,0.02,2530.00,0.00
1.026,514,0,8,2006,1997,2499,0.102,0.01,2530.00,0.00
1.028,515,0,8,2005,1996,2499,0.095,0.02,2528.00,0.00
1.030,516,0,8,2006,1997,2500,0.109,0.02,2530.00,0.00
1.032,517,0,8,2007,1997,2499,0.102,0.01,2528.00,0.00
1.034,518,0,8,2006,1998,2498,0.095,0.02,2531.00,0.00
1.036,519,0,8,2007,1998,2498,0.095,0.02,2531.00,0.00
1.038,520,0,8,2007,1998,2499,0.102,0.02,2531.00,0.00
1.040,521,0,8,2007,1998,2498,0.095,0.01,2532.00,0.00
1.042,522,0,8,2005,1996,2498,0.087,0.01,2531.00,0.00
1.044,523,0,8,2006,1997,2498,0.095,0.02,2532.00,0.00
1.046,524,0,8,2006,1999,2499,0.102,0.01,2531.00,0.00
1.048,525,0,8,2007,1998,2496,0.109,0.02,2534.00,0.00
1.050,526,0,8,2006,1996,2499,0.087,0.02,2530.00,0.00
1.052,527,0,8,2006,1997,2499,0.087,0.02,2531.00,0.00
1.054,528,0,8,2007,1998,2499,0.102,0.02,2531.00,0.00
1.056,529,0,8,2007,1999,2499,0.095,0.01,2531.00,0.00
1.058,530,0,8,2007,1998,2499,0.095,0.01,2530.00,0.00
1.060,531,0,8,2006,1997,2499,0.095,0.01,2531.00,0.00
1.062,532,0,8,2005,1996,2500,0.095,0.02,2534.00,0.00
1.064,533,0,8,2007,1998,2497,0.102,0.01,2534.00,0.00
1.066,534,0,8,2006,1997,2499,0.102,0.02,2535.00,0.00
1.068,535,0,8,2007,1997,2499,0.102,0.02,2531.00,0.00
1.070,536,0,8,2008,1998,2499,0.095,0.02,2538.00,0.00
1.072,537,0,8,2006,1997,2499,0.102,0.02,2532.00,0.00
1.074,538,0,8,2008,1999,2498,0.102,0.01,2538.00,0.00
1.076,539,0,8,2007,1997,2499,0.102,0.00,2531.00,0.00
1.078,540,0,8,2007,1998,2499,0.102,0.01,2535.00,0.00
1.080,541,0,9,2007,1998,2500,0.109,0.02,2531.00,0.00
1.082,542,0,9,2007,1997,2500,0.102,0.02,2535.00,0.00
1.084,543,0,9,2007,1998,2499,0.102,0.02,2532.00,0.00
1.086,544,0,9,2007,1997,2500,0.102,0.02,2538.00,0.00
1.088,545,0,9,2007,1998,2499,0.095,0.02,2531.00,0.00
1.090,546,0,9,2007,1997,2499,0.095,0.01,2537.00,0.00
1.092,547,0,9,2007,1999,2499,0.109,0.01,2531.00,0.00
1.094,548,0,9,2009,1999,2498,0.102,0.02,2538.00,0.00
1.096,549,0,9,2008,2000,2498,0.102,0.02,2534.00,0.00
1.098,550,0,9,2007,1998,2498,0.109,0.02,2538.00,0.00
1.100,551,0,9,2008,1999,2497,0.109,0.02,2535.00,0.00
1.102,552,0,9,2008,1999,2498,0.095,0.02,2540.00,0.00
1.104,553,0,9,2007,1998,2499,0.095,0.01,2531.00,0.00
1.106,554,0,9,2008,1999,2498,0.102,0.02,2540.00,0.00
1.108,555,0,9,2007,1998,2499,0.109,0.01,2532.00,0.00
1.110,556,0,9,2007,1998,2499,0.109,0.01,2537.00,0.00
1.112,557,0,9,2008,1999,2498,0.095,0.02,2534.00,0.00
1.114,558,0,9,2008,1998,2499,0.102,0.02,2538.00,0.00
1.116,559,0,9,2008,1998,2499,0.109,0.02,2532.00,0.00
1.118,560,0,9,2007,1997,2499,0.109,0.04,2535.00,0.00
1.120,561,0,9,2007,1997,2500,0.109,0.02,2532.00,0.00
1.122,562,0,9,2008,1999,2498,0.109,0.02,2537.00,0.00
1.124,563,0,9,2007,1999,2499,0.109,0.02,2531.00,0.00
1.126,564,0,9,2006,1997,2499,0.095,0.00,2538.00,0.00
1.128,565,0,9,2007,1998,2499,0.109,0.02,2531.00,0.00
1.130,566,0,9,2007,1997,2500,0.102,0.01,2535.00,0.00
1.132,567,0,9,2009,2000,2497,0.109,0.03,2537.00,0.00
1.134,568,0,9,2008,1999,2498,0.102,0.02,2540.00,0.00
1.136,569,0,9,2007,1999,2498,0.102,0.03,2534.00,0.00
1.138,570,0,9,2008,1999,2498,0.095,0.02,2538.00,0.00
1.140,571,0,9,2007,1998,2499,0.109,0.02,2534.00,0.00
1.142,572,0,9,2007,1998,2499,0.095,0.01,2537.00,0.00
1.144,573,0,9,2008,2000,2497,0.095,0.01,2537.00,0.00
1.146,574,0,9,2007,1999,2498,0.102,0.01,2538.00,0.00
1.148,575,0,9,2007,1998,2498,0.095,0.02,2532.00,0.00
1.150,576,0,9,2008,1998,2498,0.109,0.02,2538.00,0.00
1.152,577,0,9,2007,1997,2499,0.102,0.02,2532.00,0.00
1.154,578,0,9,2007,1998,2498,0.109,0.02,2537.00,0.00
1.156,579,0,9,2006,1997,2500,0.095,0.02,2531.00,0.00
1.158,580,0,9,2007,1997,2500,0.102,0.01,2535.00,0.00
1.160,581,0,9,2007,1997,2499,0.095,0.02,2530.00,0.00
1.162,582,0,9,2007,1997,2499,0.095,0.02,2531.00,0.00
1.164,583,0,9,2005,1997,2501,0.102,0.02,2528.00,0.00
1.166,584,0,9,2006,1997,2499,0.095,0.02,2530.00,0.00
1.168,585,0,9,2007,1998,2499,0.102,0.02,2531.00,0.00
1.170,586,0,9,2008,1998,2498,0.102,0.02,2530.00,0.00
1.172,587,0,9,2009,1999,2497,0.109,0.02,2534.00,0.00
1.174,588,0,9,2006,1998,2498,0.117,0.02,2532.00,0.00
1.176,589,0,9,2007,1999,2497,0.109,0.01,2532.00,0.00
1.178,590,0,9,2008,1998,2497,0.102,0.02,2532.00,0.00
1.180,591,0,9,2007,1999,2498,0.095,0.02,2532.00,0.00
1.182,592,0,9,2006,1997,2498,0.095,0.02,2531.00,0.00
1.184,593,0,9,2006,1998,2498,0.095,0.02,2531.00,0.00
1.186,594,0,9,2007,1998,2498,0.102,0.02,2531.00,0.00
1.188,595,0,9,2006,1997,2498,0.087,0.02,2531.00,0.00
1.190,596,0,9,2007,1998,2499,0.095,0.01,2530.00,0.00
1.192,597,0,9,2007,1997,2499,0.109,0.01,2530.00,0.00
1.194,598,0,9,2006,1997,2500,0.102,0.02,2528.00,0.00
1.196,599,0,9,2007,1998,2499,0.095,0.02,2530.00,0.00
1.198,600,0,9,2007,1997,2499,0.102,0.02,2531.00,0.00
1.200,601,0,10,2006,1997,2499,0.102,0.02,2530.00,0.00
1.202,602,0,10,2007,1998,2499,0.102,0.02,2530.00,0.00
1.204,603,0,10,2007,1998,2499,0.095,0.01,2531.00,0.00
1.206,604,0,10,2007,1997,2499,0.095,0.02,2530.00,0.00
1.208,605,0,10,2007,1998,2499,0.102,0.00,2530.00,0.00
1.210,606,0,10,2008,1998,2498,0.095,0.02,2532.00,0.00
1.212,607,0,10,2008,1999,2497,0.102,0.02,2532.00,0.00
1.214,608,0,10,2007,1998,2497,0.095,0.02,2532.00,0.00
1.216,609,0,10,2008,1998,2498,0.102,0.02,2532.00,0.00
1.218,610,0,10,2007,1998,2499,0.095,0.02,2531.00,0.00
1.220,611,0,10,2007,1998,2500,0.102,0.02,2530.00,0.00
1.222,612,0,10,2007,1997,2499,0.102,0.02,2531.00,0.00
1.224,613,0,10,2007,1998,2499,0.095,0.00,2530.00,0.00
1.226,614,0,10,2008,1998,2499,0.102,0.01,2531.00,0.00
1.228,615,0,10,2007,1999,2499,0.109,0.01,2531.00,0.00
1.230,616,0,10,2006,1997,2498,0.109,0.02,2531.00,0.00
1.232,617,0,10,2006,1997,2499,0.095,0.02,2531.00,0.00
1.234,618,0,10,2006,1997,2500,0.109,0.03,2530.00,0.00
1.236,619,0,10,2007,1997,2500,0.102,0.02,2531.00,0.00
1.238,620,0,10,2007,1997,2500,0.109,0.02,2531.00,0.00
1.240,621,0,10,2006,1997,2499,0.109,0.02,2530.00,0.00
1.242,622,0,10,2007,1998,2499,0.102,0.01,2531.00,0.00
1.244,623,0,10,2007,1998,2498,0.102,0.02,2531.00,0.00
1.246,624,0,10,2007,1998,2499,0.102,0.01,2531.00,0.00
1.248,625,0,10,2008,1998,2496,0.102,0.02,2534.00,0.00
1.250,626,0,10,2007,1998,2498,0.109,0.03,2532.00,0.00
1.252,627,0,10,2008,2000,2498,0.102,0.02,2532.00,0.00
1.254,628,0,10,2007,1999,2498,0.109,0.02,2531.00,0.00
1.256,629,0,10,2007,1999,2498,0.102,0.02,2531.00,0.00
1.258,630,0,10,2007,1998,2498,0.109,0.01,2530.00,0.00
1.260,631,0,10,2007,1998,2498,0.102,0.02,2531.00,0.00
1.262,632,0,10,2008,1998,2498,0.095,0.02,2538.00,0.00
1.264,633,0,10,2008,1998,2498,0.102,0.02,2534.00,0.00
1.266,634,0,10,2008,1999,2498,0.102,0.02,2538.00,0.00
1.268,635,0,10,2007,1998,2499,0.109,0.02,2531.00,0.00
1.270,636,0,10,2007,1998,2500,0.117,0.02,2537.00,0.00
1.272,637,0,10,2008,1998,2500,0.109,0.02,2531.00,0.00
1.274,638,0,10,2007,1997,2500,0.102,0.02,2535.00,0.00
1.276,639,0,10,2008,1998,2499,0.102,0.01,2531.00,0.00
1.278,640,0,10,2008,1999,2497,0.102,0.02,2538.00,0.00
1.280,641,0,10,2006,1998,2498,0.102,0.02,2531.00,0.00
1.282,642,0,10,2008,1998,2498,0.102,0.02,2538.00,0.00
1.284,643,0,10,2008,2000,2497,0.102,0.02,2535.00,0.00
1.286,644,0,10,2008,1999,2497,0.102,0.03,2541.00,0.00
1.288,645,0,10,2008,1999,2498,0.102,0.02,2535.00,0.00
1.290,646,0,10,2008,1998,2498,0.109,0.02,2541.00,0.00
1.292,647,0,10,2008,1999,2498,0.109,0.01,2535.00,0.00
1.294,648,0,10,2007,1998,2498,0.095,0.01,2540.00,0.00
1.296,649,0,10,2008,1999,2497,0.109,0.02,2537.00,0.00
1.298,650,0,10,2008,1998,2498,0.109,0.02,2540.00,0.00
1.300,651,0,10,2007,1998,2498,0.095,0.02,2534.00,0.00
1.302,652,0,10,2007,1997,2499,0.095,0.02,2538.00,0.00
1.304,653,0,10,2008,1999,2497,0.102,0.02,2535.00,0.00
1.306,654,0,10,2008,1999,2497,0.095,0.02,2541.00,0.00
1.308,655,0,10,2009,1999,2497,0.109,0.01,2537.00,0.00
1.310,656,0,10,2007,1998,2498,0.087,0.02,2541.00,0.00
1.312,657,0,10,2008,1999,2498,0.102,0.02,2534.00,0.00
1.314,658,0,10,2008,1999,2498,0.102,0.02,2540.00,0.00
1.316,659,0,10,2006,1997,2500,0.102,0.02,2532.00,0.00
1.318,660,0,10,2007,1998,2499,0.102,0.03,2540.00,0.00
1.320,661,0,11,2007,1999,2498,0.109,0.02,2535.00,0.00
1.322,662,0,11,2008,1999,2498,0.102,0.02,2540.00,0.00
1.324,663,0,11,2008,1999,2498,0.109,0.01,2534.00,0.00
1.326,664,0,11,2007,1998,2498,0.102,0.00,2537.00,0.00
1.328,665,0,11,2006,1997,2499,0.109,0.02,2534.00,0.00
1.330,666,0,11,2006,1997,2499,0.109,0.02,2538.00,0.00
1.332,667,0,11,2007,1998,2499,0.095,0.02,2532.00,0.00
1.334,668,0,11,2007,1999,2498,0.102,0.02,2540.00,0.00
1.336,669,0,11,2007,1998,2498,0.102,0.02,2535.00,0.00
1.338,670,0,11,2006,1997,2499,0.095,0.02,2538.00,0.00
1.340,671,0,11,2007,1998,2497,0.102,0.02,2535.00,0.00
1.342,672,0,11,2008,1999,2498,0.102,0.02,2541.00,0.00
1.344,673,0,11,2007,1998,2498,0.102,0.02,2535.00,0.00
1.346,674,0,11,2007,1999,2498,0.102,0.02,2541.00,0.00
1.348,675,0,11,2007,1998,2497,0.095,0.02,2535.00,0.00
1.350,676,0,11,2007,1998,2498,0.095,0.02,2540.00,0.00
1.352,677,0,11,2008,1999,2497,0.109,0.03,2537.00,0.00
1.354,678,0,11,2007,1998,2500,0.102,0.02,2537.00,0.00
1.356,679,0,11,2007,1997,2499,0.102,0.02,2534.00,0.00
1.358,680,0,11,2007,1998,2499,0.102,0.00,2540.00,0.00
1.360,681,0,11,2007,1998,2498,0.102,0.01,2535.00,0.00
1.362,682,0,11,2008,1999,2497,0.102,0.02,2535.00,0.00
1.364,683,0,11,2007,1998,2498,0.095,0.02,2534.00,0.00
1.366,684,0,11,2008,1999,2497,0.095,0.02,2534.00,0.00
1.368,685,0,11,2008,1999,2497,0.102,0.03,2535.00,0.00
1.370,686,0,11,2008,1999,2498,0.102,0.02,2534.00,0.00
1.372,687,0,11,2007,1998,2498,0.109,0.02,2532.00,0.00
1.374,688,0,11,2007,1998,2498,0.109,0.02,2532.00,0.00
1.376,689,0,11,2007,1999,2499,0.102,0.01,2532.00,0.00
1.378,690,0,11,2007,1998,2498,0.109,0.02,2534.00,0.00
1.380,691,0,11,2007,1998,2499,0.102,0.02,2532.00,0.00
1.382,692,0,11,2006,1997,2499,0.095,0.02,2531.00,0.00
1.384,693,0,11,2007,1997,2499,0.109,0.02,2531.00,0.00
1.386,694,0,11,2006,1997,2499,0.102,0.02,2531.00,0.00
1.388,695,0,11,2006,1997,2500,0.109,0.02,2531.00,0.00
1.390,696,0,11,2007,1998,2499,0.102,0.01,2530.00,0.00
1.392,697,0,11,2006,1997,2498,0.095,0.01,2531.00,0.00
1.394,698,0,11,2007,1998,2497,0.109,0.02,2534.00,0.00
1.396,699,0,11,2006,1998,2498,0.102,0.02,2532.00,0.00
1.398,700,0,11,2007,1998,2498,0.102,0.02,2532.00,0.00
1.400,701,0,11,2007,1998,2499,0.102,0.02,2532.00,0.00
1.402,702,0,11,2008,1999,2498,0.109,0.04,2535.00,0.00
1.404,703,0,11,2008,1999,2497,0.102,0.02,2535.00,0.00
1.406,704,0,11,2008,1999,2497,0.095,0.02,2535.00,0.00
1.408,705,0,11,2008,1999,2498,0.109,0.01,2532.00,0.00
1.410,706,0,11,2006,1997,2498,0.102,0.02,2532.00,0.00
1.412,707,0,11,2007,1998,2498,0.102,0.02,2532.00,0.00
1.414,708,0,11,2008,1998,2497,0.095,0.02,2534.00,0.00
1.416,709,0,11,2007,1998,2498,0.102,0.01,2532.00,0.00
1.418,710,0,11,2008,1997,2498,0.102,0.02,2532.00,0.00
1.420,711,0,11,2007,1997,2500,0.102,0.02,2531.00,0.00
1.422,712,0,11,2007,1997,2500,0.095,0.01,2531.00,0.00
1.424,713,0,11,2007,1997,2500,0.102,0.01,2531.00,0.00
1.426,714,0,11,2007,1997,2499,0.102,0.02,2530.00,0.00
1.428,715,0,11,2007,1998,2498,0.102,0.02,2531.00,0.00
1.430,716,0,11,2007,1997,2499,0.102,0.01,2531.00,0.00
1.432,717,0,11,2008,1999,2498,0.102,0.02,2531.00,0.00
1.434,718,0,11,2007,1998,2498,0.102,0.02,2531.00,0.00
1.436,719,0,11,2008,1997,2498,0.102,0.02,2532.00,0.00
1.438,720,0,11,2008,1998,2498,0.095,0.02,2532.00,0.00
1.440,721,0,12,2008,1999,2497,0.102,0.02,2535.00,0.00
1.442,722,0,12,2008,1999,2496,0.109,0.01,2537.00,0.00
1.444,723,0,12,2008,1998,2497,0.095,0.02,2535.00,0.00
1.446,724,0,12,2007,1998,2499,0.102,0.01,2531.00,0.00
1.448,725,0,12,2008,1998,2499,0.102,0.02,2530.00,0.00
1.450,726,0,12,2008,1998,2498,0.102,0.03,2532.00,0.00
1.452,727,0,12,2007,1999,2499,0.109,0.03,2531.00,0.00
1.454,728,0,12,2007,1999,2499,0.102,0.02,2531.00,0.00
1.456,729,0,12,2007,1999,2498,0.102,0.02,2532.00,0.00
1.458,730,0,12,2006,1997,2499,0.102,0.02,2531.00,0.00
1.460,731,0,12,2007,1998,2499,0.102,0.02,2531.00,0.00
1.462,732,0,12,2007,1997,2499,0.102,0.02,2538.00,0.00
1.464,733,0,12,2006,1997,2500,0.102,0.02,2532.00,0.00
1.466,734,0,12,2006,1997,2499,0.102,0.02,2538.00,0.00
1.468,735,0,12,2007,1998,2498,0.102,0.02,2532.00,0.00
1.470,736,0,12,2006,1998,2498,0.095,0.02,2540.00,0.00
1.472,737,0,12,2008,1999,2498,0.102,0.02,2534.00,0.00
1.474,738,0,12,2008,1998,2497,0.109,0.02,2540.00,0.00
1.476,739,0,12,2006,1997,2498,0.102,0.01,2532.00,0.00
1.478,740,0,12,2008,1998,2498,0.102,0.02,2537.00,0.00
1.480,741,0,12,2007,1997,2499,0.095,0.02,2532.00,0.00
1.482,742,0,12,2008,1998,2499,0.102,0.02,2537.00,0.00
1.484,743,0,12,2004,1996,2501,0.087,0.02,2531.00,0.00
1.486,744,0,12,2007,1998,2498,0.102,0.02,2540.00,0.00
1.488,745,0,12,2007,1998,2498,0.095,0.02,2534.00,0.00
1.490,746,0,12,2008,1997,2498,0.109,0.02,2538.00,0.00
1.492,747,0,12,2007,1998,2498,0.102,0.00,2534.00,0.00
1.494,748,0,12,2008,1997,2497,0.095,0.02,2540.00,0.00
1.496,749,0,12,2009,2000,2498,0.102,0.01,2534.00,0.00
1.498,750,0,12,2008,1999,2497,0.095,0.02,2540.00,0.00
1.500,751,0,12,2007,1998,2497,0.102,0.02,2535.00,0.00
1.502,752,0,12,2007,1998,2496,0.095,0.02,2541.00,0.00
1.504,753,0,12,2007,1998,2498,0.095,0.02,2534.00,0.00
1.506,754,0,12,2008,1998,2497,0.102,0.02,2540.00,0.00
1.508,755,0,12,2007,1997,2498,0.095,0.01,2534.00,0.00
1.510,756,0,12,2007,1997,2498,0.095,0.02,2540.00,0.00
1.512,757,0,12,2008,1999,2498,0.102,0.02,2535.00,0.00
1.514,758,0,12,2007,1996,2498,0.102,0.02,2538.00,0.00
1.516,759,0,12,2007,1997,2499,0.095,0.02,2532.00,0.00
1.518,760,0,12,2006,1996,2500,0.102,0.02,2538.00,0.00
1.520,761,0,12,2006,1997,2499,0.102,0.02,2532.00,0.00
1.522,762,0,12,2006,1997,2499,0.109,0.03,2538.00,0.00
1.524,763,0,12,2008,1998,2498,0.102,0.01,2534.00,0.00
1.526,764,0,12,2007,1998,2497,0.102,0.01,2540.00,0.00
1.528,765,0,12,2007,1998,2498,0.095,0.02,2532.00,0.00
1.530,766,0,12,2006,1997,2498,0.102,0.02,2538.00,0.00
1.532,767,0,12,2007,1999,2497,0.102,0.01,2535.00,0.00
1.534,768,0,12,2007,1999,2497,0.109,0.02,2541.00,0.00
1.536,769,0,12,2007,1999,2497,0.109,0.02,2535.00,0.00
1.538,770,0,12,2008,1999,2498,0.102,0.02,2540.00,0.00
1.540,771,0,12,2008,1999,2497,0.102,0.02,2537.00,0.00
1.542,772,0,12,2006,1998,2498,0.095,0.00,2538.00,0.00
1.544,773,0,12,2007,1998,2499,0.102,0.02,2534.00,0.00
1.546,774,0,12,2006,1998,2498,0.087,0.02,2537.00,0.00
1.548,775,0,12,2006,1998,2498,0.102,0.01,2534.00,0.00
1.550,776,0,12,2007,1998,2498,0.095,0.03,2540.00,0.00
1.552,777,0,12,2006,1998,2499,0.095,0.02,2532.00,0.00
1.554,778,0,12,2007,1997,2499,0.102,0.02,2537.00,0.00
1.556,779,0,12,2008,1999,2497,0.102,0.02,2535.00,0.00
1.558,780,0,12,2008,1999,2497,0.109,0.02,2541.00,0.00
1.560,781,0,13,2007,1999,2499,0.109,0.00,2532.00,0.00
1.562,782,0,13,2007,1998,2498,0.102,0.01,2531.00,0.00
1.564,783,0,13,2007,1997,2498,0.095,0.01,2531.00,0.00
1.566,784,0,13,2007,1998,2498,0.102,0.02,2531.00,0.00
1.568,785,0,13,2007,1997,2499,0.109,0.03,2532.00,0.00
1.570,786,0,13,2007,1997,2499,0.102,0.01,2531.00,0.00
1.572,787,0,13,2007,1997,2499,0.095,0.01,2531.00,0.00
1.574,788,0,13,2007,1997,2499,0.102,0.01,2532.00,0.00
1.576,789,0,13,2007,1997,2499,0.102,0.01,2531.00,0.00
1.578,790,0,13,2007,1997,2498,0.095,0.01,2531.00,0.00
1.580,791,0,13,2007,1997,2500,0.102,0.02,2530.00,0.00
1.582,792,0,13,2007,1997,2499,0.102,0.02,2531.00,0.00
1.584,793,0,13,2008,1997,2498,0.102,0.02,2531.00,0.00
1.586,794,0,13,2008,1998,2499,0.102,0.02,2532.00,0.00
1.588,795,0,13,2007,1997,2499,0.102,0.03,2531.00,0.00
1.590,796,0,13,2008,1997,2498,0.102,0.02,2532.00,0.00
1.592,797,0,13,2008,1999,2497,0.102,0.01,2532.00,0.00
1.594,798,0,13,2008,1999,2497,0.102,0.02,2534.00,0.00
1.596,799,0,13,2007,1998,2498,0.102,0.02,2532.00,0.00
1.598,800,0,13,2007,1999,2498,0.102,0.02,2531.00,0.00
1.600,801,0,13,2005,1997,2498,0.109,0.02,2531.00,0.00
1.602,802,0,13,2007,1998,2500,0.109,0.02,2531.00,0.00
1.604,803,0,13,2006,1998,2497,0.095,0.02,2532.00,0.00
1.606,804,0,13,2007,1998,2498,0.102,0.02,2531.00,0.00
1.608,805,0,13,2007,1998,2499,0.102,0.01,2530.00,0.00
1.610,806,0,13,2007,1998,2499,0.102,0.02,2531.00,0.00
1.612,807,0,13,2006,1997,2499,0.102,0.02,2530.00,0.00
1.614,808,0,13,2006,1997,2500,0.109,0.02,2530.00,0.00
1.616,809,0,13,2007,1997,2499,0.102,0.02,2532.00,0.00
1.618,810,0,13,2005,1996,2501,0.102,0.03,2530.00,0.00
1.620,811,0,13,2007,1998,2500,0.109,0.02,2531.00,0.00
1.622,812,0,13,2006,1997,2499,0.095,0.02,2531.00,0.00
1.624,813,0,13,2007,1998,2498,0.102,0.01,2531.00,0.00
1.626,814,0,13,2008,1997,2498,0.102,0.01,2531.00,0.00
1.628,815,0,13,2007,1998,2499,0.095,0.01,2531.00,0.00
1.630,816,0,13,2007,1999,2497,0.102,0.02,2532.00,0.00
1.632,817,0,13,2007,1998,2497,0.095,0.02,2535.00,0.00
1.634,818,0,13,2007,1998,2497,0.102,0.02,2535.00,0.00
1.636,819,0,13,2007,1997,2498,0.095,0.03,2532.00,0.00
1.638,820,0,13,2007,1997,2500,0.109,0.02,2530.00,0.00
1.640,821,0,13,2007,1998,2499,0.102,0.02,2531.00,0.00
1.642,822,0,13,2008,1998,2498,0.102,0.00,2531.00,0.00
1.644,823,0,13,2006,1997,2499,0.109,0.01,2531.00,0.00
1.646,824,0,13,2008,1998,2498,0.102,0.01,2532.00,0.00
1.648,825,0,13,2007,1997,2500,0.102,0.02,2531.00,0.00
1.650,826,0,13,2006,1998,2500,0.102,0.02,2531.00,0.00
1.652,827,0,13,2007,1998,2500,0.109,0.03,2531.00,0.00
1.654,828,0,13,2007,1998,2499,0.095,0.01,2531.00,0.00
1.656,829,0,13,2007,1998,2498,0.102,0.02,2532.00,0.00
1.658,830,0,13,2006,1997,2499,0.102,0.01,2531.00,0.00
1.660,831,0,13,2007,1997,2499,0.095,0.01,2531.00,0.00
1.662,832,0,13,2007,1997,2498,0.102,0.02,2538.00,0.00
1.664,833,0,13,2008,2000,2498,0.102,0.02,2535.00,0.00
1.666,834,0,13,2006,1997,2498,0.102,0.01,2538.00,0.00
1.668,835,0,13,2006,1997,2499,0.102,0.02,2532.00,0.00
1.670,836,0,13,2007,1998,2500,0.109,0.03,2535.00,0.00
1.672,837,0,13,2007,1998,2500,0.102,0.02,2531.00,0.00
1.674,838,0,13,2006,1998,2501,0.102,0.02,2535.00,0.00
1.676,839,0,13,2006,1996,2499,0.095,0.00,2531.00,0.00
1.678,840,0,13,2008,1998,2498,0.109,0.02,2538.00,0.00
1.680,841,0,14,2006,1997,2499,0.102,0.02,2534.00,0.00
1.682,842,0,14,2007,1998,2499,0.109,0.02,2538.00,0.00
1.684,843,0,14,2007,1998,2497,0.102,0.02,2535.00,0.00
1.686,844,0,14,2008,1999,2497,0.102,0.02,2540.00,0.00
1.688,845,0,14,2008,1999,2498,0.087,0.02,2535.00,0.00
1.690,846,0,14,2008,1999,2498,0.102,0.01,2541.00,0.00
1.692,847,0,14,2008,1999,2498,0.102,0.01,2534.00,0.00
1.694,848,0,14,2006,1998,2499,0.102,0.01,2537.00,0.00
1.696,849,0,14,2008,1999,2497,0.102,0.02,2537.00,0.00
1.698,850,0,14,2006,1997,2499,0.095,0.01,2537.00,0.00
1.700,851,0,14,2008,1997,2498,0.109,0.02,2532.00,0.00
1.702,852,0,14,2008,1999,2497,0.102,0.02,2540.00,0.00
1.704,853,0,14,2007,1998,2499,0.087,0.01,2534.00,0.00
1.706,854,0,14,2007,1997,2499,0.102,0.02,2537.00,0.00
1.708,855,0,14,2006,1996,2500,0.102,0.02,2531.00,0.00
1.710,856,0,14,2007,1997,2499,0.102,0.02,2537.00,0.00
1.712,857,0,14,2008,1998,2500,0.102,0.02,2532.00,0.00
1.714,858,0,14,2007,1997,2499,0.102,0.01,2538.00,0.00
1.716,859,0,14,2007,1997,2498,0.109,0.02,2534.00,0.00
1.718,860,0,14,2007,1998,2498,0.102,0.02,2540.00,0.00
1.720,861,0,14,2007,1998,2499,0.095,0.02,2534.00,0.00
1.722,862,0,14,2008,1999,2498,0.109,0.02,2540.00,0.00
1.724,863,0,14,2007,1999,2499,0.102,0.01,2534.00,0.00
1.726,864,0,14,2006,1998,2498,0.102,0.01,2540.00,0.00
1.728,865,0,14,2007,1999,2498,0.095,0.02,2535.00,0.00
1.730,866,0,14,2009,2000,2498,0.109,0.02,2540.00,0.00
1.732,867,0,14,2007,1998,2498,0.109,0.02,2532.00,0.00
1.734,868,0,14,2007,1998,2498,0.109,0.02,2541.00,0.00
1.736,869,0,14,2008,1999,2500,0.087,0.02,2531.00,0.00
1.738,870,0,14,2007,1998,2498,0.102,0.02,2538.00,0.00
1.740,871,0,14,2007,1998,2498,0.102,0.01,2535.00,0.00
1.742,872,0,14,2008,1998,2498,0.109,0.02,2538.00,0.00
1.744,873,0,14,2007,1997,2500,0.102,0.02,2532.00,0.00
1.746,874,0,14,2006,1997,2500,0.102,0.02,2537.00,0.00
1.748,875,0,14,2006,1997,2499,0.102,0.02,2534.00,0.00
1.750,876,0,14,2007,1998,2499,0.102,0.04,2538.00,0.00
1.752,877,0,14,2007,1998,2498,0.102,0.02,2534.00,0.00
1.754,878,0,14,2007,1997,2498,0.102,0.02,2540.00,0.00
1.756,879,0,14,2006,1997,2499,0.102,0.02,2532.00,0.00
1.758,880,0,14,2008,1997,2498,0.109,0.02,2538.00,0.00
1.760,881,0,14,2007,1998,2498,0.095,0.02,2535.00,0.00
1.762,882,0,14,2007,1998,2499,0.102,0.02,2532.00,0.00
1.764,883,0,14,2007,1998,2498,0.102,0.02,2532.00,0.00
1.766,884,0,14,2007,1998,2498,0.109,0.02,2532.00,0.00
1.768,885,0,14,2007,1999,2498,0.087,0.02,2532.00,0.00
1.770,886,0,14,2007,1998,2499,0.095,0.02,2531.00,0.00
1.772,887,0,14,2006,1997,2499,0.109,0.02,2531.00,0.00
1.774,888,0,14,2007,1998,2498,0.095,0.00,2531.00,0.00
1.776,889,0,14,2007,1999,2498,0.102,0.00,2532.00,0.00
1.778,890,0,14,2006,1997,2499,0.102,0.01,2530.00,0.00
1.780,891,0,14,2008,1998,2499,0.102,0.01,2532.00,0.00
1.782,892,0,14,2007,1997,2499,0.102,0.02,2531.00,0.00
1.784,893,0,14,2007,1998,2500,0.102,0.02,2530.00,0.00
1.786,894,0,14,2005,1996,2500,0.095,0.03,2531.00,0.00
1.788,895,0,14,2007,1997,2500,0.095,0.02,2530.00,0.00
1.790,896,0,14,2007,1998,2500,0.109,0.02,2531.00,0.00
1.792,897,0,14,2006,1997,2500,0.095,0.01,2531.00,0.00
1.794,898,0,14,2007,1998,2497,0.109,0.02,2532.00,0.00
1.796,899,0,14,2007,1997,2498,0.109,0.02,2532.00,0.00
1.798,900,0,14,2008,1997,2499,0.109,0.02,2531.00,0.00
1.800,901,0,15,2007,1998,2497,0.095,0.02,2534.00,0.00
1.802,902,0,15,2007,1998,2498,0.095,0.02,2534.00,0.00
1.804,903,0,15,2008,1998,2499,0.102,0.02,2532.00,0.00
1.806,904,0,15,2006,1998,2498,0.102,0.02,2532.00,0.00
1.808,905,0,15,2007,1998,2499,0.102,0.01,2532.00,0.00
1.810,906,0,15,2006,1998,2499,0.109,0.02,2531.00,0.00
1.812,907,0,15,2007,1998,2498,0.102,0.02,2531.00,0.00
1.814,908,0,15,2006,1997,2498,0.095,0.01,2532.00,0.00
1.816,909,0,15,2007,1998,2498,0.102,0.01,2532.00,0.00
1.818,910,0,15,2006,1997,2499,0.095,0.02,2532.00,0.00
1.820,911,0,15,2007,1997,2500,0.102,0.02,2530.00,0.00
1.822,912,0,15,2006,1998,2500,0.109,0.02,2531.00,0.00
1.824,913,0,15,2006,1997,2500,0.102,0.02,2531.00,0.00
1.826,914,0,15,2005,1996,2500,0.102,0.01,2531.00,0.00
1.828,915,0,15,2006,1997,2500,0.109,0.02,2531.00,0.00
1.830,916,0,15,2007,1998,2500,0.109,0.02,2530.00,0.00
1.832,917,0,15,2006,1998,2498,0.102,0.02,2530.00,0.00
1.834,918,0,15,2006,1997,2499,0.095,0.02,2531.00,0.00
1.836,919,0,15,2006,1997,2499,0.095,0.02,2531.00,0.00
1.838,920,0,15,2009,2000,2498,0.109,0.02,2534.00,0.00
1.840,921,0,15,2008,1998,2498,0.109,0.02,2534.00,0.00
1.842,922,0,15,2008,1998,2499,0.102,0.01,2532.00,0.00
1.844,923,0,15,2008,1999,2498,0.109,0.02,2534.00,0.00
1.846,924,0,15,2008,1998,2499,0.102,0.02,2531.00,0.00
1.848,925,0,15,2007,1998,2499,0.102,0.02,2530.00,0.00
1.850,926,0,15,2007,1997,2499,0.095,0.02,2531.00,0.00
1.852,927,0,15,2006,1997,2499,0.102,0.02,2531.00,0.00
1.854,928,0,15,2007,1998,2499,0.102,0.02,2531.00,0.00
1.856,929,0,15,2008,1998,2498,0.102,0.01,2532.00,0.00
1.858,930,0,15,2006,1997,2501,0.095,0.01,2528.00,0.00
1.860,931,0,15,2007,1997,2500,0.102,0.01,2531.00,0.00
1.862,932,0,15,2007,1997,2500,0.102,0.02,2538.00,0.00
1.864,933,0,15,2006,1997,2499,0.102,0.02,2532.00,0.00
1.866,934,0,15,2006,1997,2500,0.102,0.02,2537.00,0.00
1.868,935,0,15,2008,1998,2497,0.102,0.04,2535.00,0.00
1.870,936,0,15,2008,1999,2499,0.109,0.02,2538.00,0.00
1.872,937,0,15,2007,1998,2499,0.095,0.02,2532.00,0.00
1.874,938,0,15,2008,1999,2499,0.102,0.01,2540.00,0.00
1.876,939,0,15,2008,1998,2498,0.102,0.00,2535.00,0.00
1.878,940,0,15,2008,1999,2498,0.117,0.03,2540.00,0.00
1.880,941,0,15,2007,1999,2498,0.087,0.02,2535.00,0.00
1.882,942,0,15,2008,1999,2497,0.109,0.02,2541.00,0.00
1.884,943,0,15,2006,1998,2500,0.102,0.02,2532.00,0.00
1.886,944,0,15,2008,1999,2497,0.109,0.03,2541.00,0.00
1.888,945,0,15,2006,1998,2499,0.102,0.02,2532.00,0.00
1.890,946,0,15,2007,1998,2498,0.095,0.02,2537.00,0.00
1.892,947,0,15,2007,1997,2499,0.109,0.01,2532.00,0.00
1.894,948,0,15,2008,1999,2497,0.109,0.02,2540.00,0.00
1.896,949,0,15,2007,1999,2499,0.087,0.02,2534.00,0.00
1.898,950,0,15,2008,1999,2497,0.117,0.02,2540.00,0.00
1.900,951,0,15,2008,1999,2498,0.095,0.02,2535.00,0.00
1.902,952,0,15,2007,1998,2499,0.109,0.03,2538.00,0.00
1.904,953,0,15,2008,2000,2498,0.102,0.02,2535.00,0.00
1.906,954,0,15,2005,1996,2501,0.102,0.02,2537.00,0.00
1.908,955,0,15,2007,1997,2499,0.095,0.01,2532.00,0.00
1.910,956,0,15,2008,1998,2498,0.102,0.01,2540.00,0.00
1.912,957,0,15,2008,1999,2497,0.102,0.02,2535.00,0.00
1.914,958,0,15,2005,1997,2501,0.102,0.02,2535.00,0.00
1.916,959,0,15,2007,1997,2499,0.109,0.02,2531.00,0.00
1.918,960,0,15,2007,1997,2499,0.102,0.03,2538.00,0.00
1.920,961,0,16,2007,1997,2500,0.109,0.03,2534.00,0.00
1.922,962,0,16,2005,1996,2500,0.095,0.02,2535.00,0.00
1.924,963,0,16,2008,1997,2498,0.109,0.01,2534.00,0.00
1.926,964,0,16,2008,1998,2498,0.109,0.01,2540.00,0.00
1.928,965,0,16,2007,1998,2500,0.095,0.01,2532.00,0.00
1.930,966,0,16,2007,1998,2498,0.109,0.02,2538.00,0.00
1.932,967,0,16,2008,1998,2499,0.102,0.02,2535.00,0.00
1.934,968,0,16,2007,1998,2499,0.102,0.03,2538.00,0.00
1.936,969,0,16,2007,1998,2499,0.102,0.02,2534.00,0.00
1.938,970,0,16,2008,2000,2497,0.109,0.02,2541.00,0.00
1.940,971,0,16,2006,1997,2499,0.095,0.01,2532.00,0.00
1.942,972,0,16,2007,1998,2498,0.102,0.01,2540.00,0.00
1.944,973,0,16,2008,1998,2499,0.102,0.02,2532.00,0.00
1.946,974,0,16,2006,1997,2498,0.095,0.01,2540.00,0.00
1.948,975,0,16,2007,1997,2498,0.102,0.02,2532.00,0.00
1.950,976,0,16,2006,1997,2499,0.095,0.02,2538.00,0.00
1.952,977,0,16,2006,1997,2499,0.109,0.02,2534.00,0.00
1.954,978,0,16,2006,1996,2501,0.095,0.01,2535.00,0.00
1.956,979,0,16,2006,1997,2500,0.102,0.03,2534.00,0.00
1.958,980,0,16,2006,1997,2501,0.109,0.02,2537.00,0.00
1.960,981,0,16,2007,1997,2499,0.102,0.01,2532.00,0.00
1.962,982,0,16,2005,1996,2501,0.102,0.02,2530.00,0.00
1.964,983,0,16,2006,1998,2498,0.109,0.02,2532.00,0.00
1.966,984,0,16,2006,1997,2499,0.102,0.01,2531.00,0.00
1.968,985,0,16,2005,1997,2499,0.095,0.02,2531.00,0.00
1.970,986,0,16,2006,1998,2498,0.102,0.01,2532.00,0.00
1.972,987,0,16,2007,1998,2498,0.109,0.02,2535.00,0.00
1.974,988,0,16,2007,1998,2497,0.102,0.01,2535.00,0.00
1.976,989,0,16,2008,1999,2496,0.102,0.01,2537.00,0.00
1.978,990,0,16,2007,1998,2498,0.102,0.01,2532.00,0.00
1.980,991,0,16,2006,1997,2499,0.109,0.01,2531.00,0.00
1.982,992,0,16,2007,1998,2499,0.095,0.02,2532.00,0.00
1.984,993,0,16,2007,1998,2498,0.102,0.03,2532.00,0.00
1.986,994,0,16,2008,1999,2498,0.102,0.02,2534.00,0.00
1.988,995,0,16,2008,1997,2499,0.102,0.02,2532.00,0.00
1.990,996,0,16,2007,1997,2500,0.095,0.02,2531.00,0.00
1.992,997,0,16,2007,1996,2500,0.102,0.00,2531.00,0.00
1.994,998,0,16,2008,1999,2498,0.109,0.02,2532.00,0.00
1.996,999,0,16,2008,1998,2498,0.102,0.02,2535.00,0.00
1.998,1000,0,16,2007,1998,2499,0.102,0.01,2531.00,0.00
2.000,1001,0,16,2006,1996,2500,0.102,0.02,2530.00,0.00
2.002,1002,0,16,2007,1998,2499,0.102,0.02,2531.00,0.00
2.004,1003,0,16,2007,1997,2500,0.102,0.02,2531.00,0.00
2.006,1004,0,16,2007,1997,2499,0.109,0.01,2531.00,0.00
2.008,1005,0,16,2008,1999,2498,0.095,0.01,2532.00,0.00
2.010,1006,0,16,2007,1997,2501,0.102,0.02,2530.00,0.00
2.012,1007,0,16,2008,1998,2499,0.102,0.02,2531.00,0.00
2.014,1008,0,16,2006,1997,2500,0.102,0.02,2532.00,0.00
2.016,1009,0,16,2006,1997,2500,0.109,0.02,2531.00,0.00
2.018,1010,0,16,2007,1998,2499,0.102,0.03,2531.00,0.00
2.020,1011,0,16,2006,1996,2501,0.102,0.02,2530.00,0.00
2.022,1012,0,16,2006,1997,2500,0.095,0.02,2531.00,0.00
2.024,1013,0,16,2007,1998,2499,0.102,0.01,2531.00,0.00
2.026,1014,0,16,2006,1998,2499,0.109,0.01,2531.00,0.00
2.028,1015,0,16,2007,1999,2498,0.102,0.02,2534.00,0.00
2.030,1016,0,16,2006,1998,2499,0.095,0.01,2532.00,0.00
2.032,1017,0,16,2006,1997,2499,0.095,0.02,2532.00,0.00
2.034,1018,0,16,2007,1999,2497,0.102,0.03,2534.00,0.00
2.036,1019,0,16,2007,1997,2500,0.102,0.02,2531.00,0.00
2.038,1020,0,16,2005,1996,2500,0.102,0.02,2530.00,0.00
2.040,1021,0,17,2007,1999,2499,0.102,0.01,2532.00,0.00
2.042,1022,0,17,2007,1997,2499,0.102,0.01,2531.00,0.00
2.044,1023,0,17,2007,1998,2499,0.095,0.02,2532.00,0.00
2.046,1024,0,17,2006,1997,2499,0.102,0.01,2531.00,0.00
2.048,1025,0,17,2005,1996,2501,0.095,0.02,2528.00,0.00
2.050,1026,0,17,2007,1998,2500,0.102,0.02,2530.00,0.00
2.052,1027,0,17,2006,1997,2500,0.102,0.03,2530.00,0.00
2.054,1028,0,17,2006,1997,2501,0.102,0.02,2530.00,0.00
2.056,1029,0,17,2007,1998,2501,0.095,0.01,2531.00,0.00
2.058,1030,0,17,2005,1996,2501,0.095,0.01,2527.00,0.00
2.060,1031,0,17,2007,1998,2499,0.102,0.01,2532.00,0.00
2.062,1032,0,17,2005,1996,2499,0.087,0.01,2538.00,0.00
2.064,1033,0,17,2007,1997,2498,0.095,0.01,2534.00,0.00
2.066,1034,0,17,2008,1999,2498,0.102,0.02,2540.00,0.00
2.068,1035,0,17,2008,1999,2499,0.102,0.04,2534.00,0.00
2.070,1036,0,17,2007,1999,2499,0.102,0.02,2538.00,0.00
2.072,1037,0,17,2008,1999,2497,0.102,0.02,2535.00,0.00
2.074,1038,0,17,2006,1997,2500,0.087,0.00,2535.00,0.00
2.076,1039,0,17,2007,1997,2498,0.087,0.01,2534.00,0.00
2.078,1040,0,17,2007,1998,2498,0.102,0.02,2538.00,0.00
2.080,1041,0,17,2005,1996,2500,0.087,0.00,2532.00,0.00
2.082,1042,0,17,2007,1999,2497,0.102,0.02,2540.00,0.00
2.084,1043,0,17,2005,1996,2500,0.073,0.02,2531.00,0.00
2.086,1044,0,17,2007,1998,2499,0.087,0.02,2537.00,0.00
2.088,1045,0,17,2006,1998,2497,0.095,0.02,2534.00,0.00
2.090,1046,0,17,2006,1997,2499,0.087,0.01,2537.00,0.00
2.092,1047,0,17,2007,1998,2498,0.095,0.01,2532.00,0.00
2.094,1048,0,17,2005,1996,2498,0.095,0.01,2537.00,0.00
2.096,1049,0,17,2005,1997,2499,0.080,0.01,2531.00,0.00
2.098,1050,0,17,2007,1998,2497,0.102,0.02,2540.00,0.00
2.100,1051,0,17,2006,1997,2499,0.102,0.02,2532.00,0.00
2.102,1052,0,17,2006,1997,2498,0.087,0.01,2538.00,0.00
2.104,1053,0,17,2008,1999,2497,0.102,0.02,2534.00,0.00
2.106,1054,0,17,2005,1997,2501,0.109,0.02,2535.00,0.00
2.108,1055,0,17,2007,1998,2499,0.102,0.01,2532.00,0.00
2.110,1056,0,17,2005,1996,2500,0.095,0.01,2535.00,0.00
2.112,1057,0,17,2006,1996,2498,0.095,0.02,2532.00,0.00
2.114,1058,0,17,2007,1998,2498,0.102,0.02,2540.00,0.00
2.116,1059,0,17,2006,1997,2498,0.095,0.02,2531.00,0.00
2.118,1060,0,17,2006,1996,2499,0.102,0.02,2537.00,0.00
2.120,1061,0,17,2007,1999,2498,0.102,0.02,2534.00,0.00
2.122,1062,0,17,2008,1998,2498,0.102,0.02,2538.00,0.00
2.124,1063,0,17,2008,1999,2498,0.102,0.01,2535.00,0.00
2.126,1064,0,17,2007,1998,2498,0.102,0.01,2538.00,0.00
2.128,1065,0,17,2007,1998,2498,0.087,0.02,2535.00,0.00
2.130,1066,0,17,2008,1999,2497,0.102,0.01,2540.00,0.00
2.132,1067,0,17,2006,1997,2500,0.102,0.02,2531.00,0.00
2.134,1068,0,17,2008,1999,2498,0.087,0.02,2537.00,0.00
2.136,1069,0,17,2008,1998,2498,0.102,0.03,2532.00,0.00
2.138,1070,0,17,2007,1998,2499,0.102,0.02,2538.00,0.00
2.140,1071,0,17,2008,2000,2497,0.102,0.01,2534.00,0.00
2.142,1072,0,17,2007,1998,2498,0.102,0.01,2538.00,0.00
2.144,1073,0,17,2006,1996,2500,0.102,0.02,2532.00,0.00
2.146,1074,0,17,2007,1998,2499,0.102,0.01,2537.00,0.00
2.148,1075,0,17,2007,1997,2500,0.095,0.02,2532.00,0.00
2.150,1076,0,17,2006,1996,2501,0.102,0.02,2534.00,0.00
2.152,1077,0,17,2008,1999,2497,0.102,0.03,2532.00,0.00
2.154,1078,0,17,2006,1997,2500,0.087,0.02,2535.00,0.00
2.156,1079,0,17,2007,1998,2499,0.102,0.02,2532.00,0.00
2.158,1080,0,17,2006,1997,2500,0.102,0.01,2537.00,0.00
2.160,1081,0,18,2007,1998,2499,0.102,0.02,2534.00,0.00
2.162,1082,0,18,2007,1998,2498,0.102,0.02,2532.00,0.00
2.164,1083,0,18,2007,1999,2498,0.109,0.02,2532.00,0.00
2.166,1084,0,18,2007,1998,2498,0.087,0.01,2532.00,0.00
2.168,1085,0,18,2008,1999,2497,0.095,0.03,2532.00,0.00
2.170,1086,0,18,2007,1999,2499,0.102,0.01,2530.00,0.00
2.172,1087,0,18,2007,1998,2499,0.102,0.02,2531.00,0.00
2.174,1088,0,18,2007,1998,2499,0.087,0.00,2532.00,0.00
2.176,1089,0,18,2008,1998,2499,0.102,0.00,2531.00,0.00
2.178,1090,0,18,2008,1999,2498,0.102,0.02,2532.00,0.00
2.180,1091,0,18,2005,1996,2500,0.095,0.02,2528.00,0.00
2.182,1092,0,18,2007,1999,2498,0.102,0.02,2531.00,0.00
2.184,1093,0,18,2009,2000,2497,0.117,0.03,2534.00,0.00
2.186,1094,0,18,2006,1998,2499,0.087,0.02,2532.00,0.00
2.188,1095,0,18,2007,1998,2499,0.102,0.02,2531.00,0.00
2.190,1096,0,18,2006,1996,2500,0.102,0.01,2528.00,0.00
2.192,1097,0,18,2008,1998,2499,0.095,0.01,2531.00,0.00
2.194,1098,0,18,2007,1998,2499,0.102,0.01,2532.00,0.00
2.196,1099,0,18,2007,1998,2499,0.102,0.01,2531.00,0.00
2.198,1100,0,18,2007,1998,2498,0.102,0.01,2531.00,0.00
2.200,1101,0,18,2007,1997,2500,0.109,0.02,2528.00,0.00
2.202,1102,0,18,2007,1997,2499,0.109,0.02,2530.00,0.00
2.204,1103,0,18,2008,1998,2500,0.109,0.02,2530.00,0.00
2.206,1104,0,18,2007,1998,2499,0.102,0.02,2530.00,0.00
2.208,1105,0,18,2005,1996,2500,0.095,0.00,2530.00,0.00
2.210,1106,0,18,2008,1997,2499,0.109,0.02,2530.00,0.00
2.212,1107,0,18,2006,1996,2499,0.087,0.02,2530.00,0.00
2.214,1108,0,18,2006,1996,2499,0.087,0.02,2530.00,0.00
2.216,1109,0,18,2007,1998,2497,0.095,0.02,2532.00,0.00
2.218,1110,0,18,2007,1998,2498,0.109,0.02,2531.00,0.00
2.220,1111,0,18,2008,1999,2498,0.102,0.02,2532.00,0.00
2.222,1112,0,18,2007,1997,2499,0.087,0.01,2531.00,0.00
2.224,1113,0,18,2007,1999,2497,0.095,0.01,2534.00,0.00
2.226,1114,0,18,2008,1999,2498,0.095,0.01,2532.00,0.00
2.228,1115,0,18,2006,1997,2499,0.102,0.02,2531.00,0.00
2.230,1116,0,18,2006,1997,2499,0.087,0.01,2530.00,0.00
2.232,1117,0,18,2007,1998,2499,0.102,0.02,2531.00,0.00
2.234,1118,0,18,2007,1998,2498,0.095,0.02,2531.00,0.00
2.236,1119,0,18,2006,1998,2498,0.095,0.02,2532.00,0.00
2.238,1120,0,18,2007,1997,2498,0.109,0.02,2531.00,0.00
2.240,1121,0,18,2006,1996,2500,0.095,0.02,2528.00,0.00
2.242,1122,0,18,2006,1998,2499,0.109,0.01,2530.00,0.00
2.244,1123,0,18,2005,1996,2500,0.095,0.02,2530.00,0.00
2.246,1124,0,18,2007,1998,2499,0.102,0.02,2531.00,0.00
2.248,1125,0,18,2007,1997,2499,0.102,0.02,2531.00,0.00
2.250,1126,0,18,2006,1996,2499,0.087,0.02,2530.00,0.00
2.252,1127,0,18,2007,1998,2498,0.102,0.02,2531.00,0.00
2.254,1128,0,18,2006,1997,2499,0.087,0.01,2530.00,0.00
2.256,1129,0,18,2007,1998,2498,0.095,0.02,2531.00,0.00
2.258,1130,0,18,2008,2000,2498,0.102,0.00,2532.00,0.00
2.260,1131,0,18,2008,1999,2497,0.102,0.02,2532.00,0.00
2.262,1132,0,18,2006,1999,2498,0.095,0.02,2540.00,0.00
2.264,1133,0,18,2007,1999,2498,0.095,0.01,2532.00,0.00
2.266,1134,0,18,2007,1999,2497,0.102,0.02,2541.00,0.00
2.268,1135,0,18,2007,1998,2499,0.102,0.04,2532.00,0.00
2.270,1136,0,18,2006,1997,2499,0.087,0.01,2538.00,0.00
2.272,1137,0,18,2007,1997,2499,0.087,0.01,2532.00,0.00
2.274,1138,0,18,2007,1998,2499,0.102,0.00,2538.00,0.00
2.276,1139,0,18,2006,1997,2500,0.095,0.00,2532.00,0.00
2.278,1140,0,18,2007,1997,2499,0.102,0.01,2540.00,0.00
2.280,1141,0,19,2006,1997,2499,0.109,0.02,2532.00,0.00
2.282,1142,0,19,2008,1998,2498,0.109,0.02,2538.00,0.00
2.284,1143,0,19,2007,1997,2499,0.102,0.02,2531.00,0.00
2.286,1144,0,19,2007,1998,2497,0.102,0.03,2540.00,0.00
2.288,1145,0,19,2008,1998,2497,0.095,0.03,2535.00,0.00
2.290,1146,0,19,2008,1998,2497,0.109,0.02,2540.00,0.00
2.292,1147,0,19,2007,1999,2497,0.102,0.02,2537.00,0.00
2.294,1148,0,19,2006,1997,2498,0.095,0.02,2538.00,0.00
2.296,1149,0,19,2007,1998,2498,0.109,0.02,2534.00,0.00
2.298,1150,0,19,2007,1997,2499,0.095,0.02,2537.00,0.00
2.300,1151,0,19,2006,1997,2500,0.109,0.03,2532.00,0.00
2.302,1152,0,19,2007,1998,2498,0.102,0.02,2537.00,0.00
2.304,1153,0,19,2008,1998,2497,0.102,0.02,2534.00,0.00
2.306,1154,0,19,2007,1998,2499,0.102,0.01,2538.00,0.00
2.308,1155,0,19,2006,1997,2499,0.095,0.01,2532.00,0.00
2.310,1156,0,19,2006,1997,2497,0.102,0.02,2538.00,0.00
2.312,1157,0,19,2007,1999,2498,0.109,0.02,2535.00,0.00
2.314,1158,0,19,2008,1999,2497,0.102,0.02,2541.00,0.00
2.316,1159,0,19,2007,1999,2498,0.102,0.02,2535.00,0.00
2.318,1160,0,19,2008,2000,2496,0.102,0.04,2543.00,0.00
2.320,1161,0,19,2006,1998,2498,0.095,0.02,2535.00,0.00
2.322,1162,0,19,2006,1998,2499,0.102,0.02,2537.00,0.00
2.324,1163,0,19,2008,1999,2497,0.109,0.01,2537.00,0.00
2.326,1164,0,19,2006,1997,2499,0.095,0.00,2537.00,0.00
2.328,1165,0,19,2006,1998,2498,0.109,0.02,2532.00,0.00
2.330,1166,0,19,2007,1998,2497,0.109,0.02,2540.00,0.00
2.332,1167,0,19,2007,1998,2498,0.102,0.02,2532.00,0.00
2.334,1168,0,19,2007,1997,2499,0.109,0.02,2540.00,0.00
2.336,1169,0,19,2008,1998,2498,0.109,0.03,2532.00,0.00
2.338,1170,0,19,2006,1997,2500,0.102,0.02,2537.00,0.00
2.340,1171,0,19,2007,1996,2500,0.095,0.01,2532.00,0.00
2.342,1172,0,19,2008,1998,2497,0.109,0.01,2540.00,0.00
2.344,1173,0,19,2009,1999,2498,0.102,0.02,2534.00,0.00
2.346,1174,0,19,2008,1997,2498,0.109,0.02,2538.00,0.00
2.348,1175,0,19,2007,1998,2498,0.102,0.02,2534.00,0.00
2.350,1176,0,19,2009,1999,2497,0.109,0.03,2541.00,0.00
2.352,1177,0,19,2009,1999,2498,0.102,0.02,2535.00,0.00
2.354,1178,0,19,2009,1999,2498,0.102,0.02,2541.00,0.00
2.356,1179,0,19,2009,1999,2498,0.102,0.02,2535.00,0.00
2.358,1180,0,19,2009,1999,2498,0.095,0.01,2540.00,0.00
2.360,1181,0,19,2007,1998,2499,0.117,0.01,2532.00,0.00
2.362,1182,0,19,2007,1998,2498,0.095,0.01,2532.00,0.00
2.364,1183,0,19,2006,1996,2499,0.102,0.02,2531.00,0.00
2.366,1184,0,19,2008,1998,2497,0.102,0.02,2532.00,0.00
2.368,1185,0,19,2009,1999,2497,0.102,0.02,2534.00,0.00
2.370,1186,0,19,2008,1998,2498,0.102,0.02,2532.00,0.00
2.372,1187,0,19,2008,1998,2500,0.095,0.01,2530.00,0.00
2.374,1188,0,19,2007,1998,2500,0.102,0.01,2531.00,0.00
2.376,1189,0,19,2007,1998,2500,0.102,0.01,2530.00,0.00
2.378,1190,0,19,2007,1997,2498,0.102,0.02,2531.00,0.00
2.380,1191,0,19,2007,1997,2499,0.102,0.02,2531.00,0.00
2.382,1192,0,19,2007,1997,2498,0.102,0.02,2532.00,0.00
2.384,1193,0,19,2008,1999,2497,0.109,0.03,2532.00,0.00
2.386,1194,0,19,2008,1998,2499,0.109,0.02,2532.00,0.00
2.388,1195,0,19,2007,1998,2498,0.102,0.02,2531.00,0.00
2.390,1196,0,19,2009,1999,2497,0.102,0.02,2535.00,0.00
2.392,1197,0,19,2007,2000,2498,0.109,0.01,2534.00,0.00
2.394,1198,0,19,2007,1999,2498,0.102,0.02,2532.00,0.00
2.396,1199,0,19,2007,1999,2497,0.109,0.02,2534.00,0.00
2.398,1200,0,19,2005,1998,2499,0.095,0.02,2532.00,0.00
2.400,1201,0,20,2005,1997,2499,0.095,0.02,2531.00,0.00
2.402,1202,0,20,2006,1998,2498,0.102,0.02,2534.00,0.00
2.404,1203,0,20,2006,1998,2497,0.109,0.02,2535.00,0.00
2.406,1204,0,20,2007,1999,2498,0.095,0.02,2532.00,0.00
2.408,1205,0,20,2004,1998,2499,0.102,0.00,2531.00,0.00
2.410,1206,0,20,2005,1998,2498,0.095,0.01,2531.00,0.00
2.412,1207,0,20,2004,1997,2498,0.102,0.02,2531.00,0.00
2.414,1208,0,20,2004,1997,2499,0.102,0.01,2532.00,0.00
2.416,1209,0,20,2005,1998,2498,0.109,0.02,2532.00,0.00
2.418,1210,0,20,2004,1996,2498,0.102,0.02,2531.00,0.00
2.420,1211,0,20,2006,1998,2500,0.102,0.01,2530.00,0.00
2.422,1212,0,20,2007,1999,2497,0.117,0.02,2534.00,0.00
2.424,1213,0,20,2006,1998,2499,0.102,0.00,2531.00,0.00
2.426,1214,0,20,2007,1999,2496,0.109,0.01,2535.00,0.00
2.428,1215,0,20,2008,1999,2497,0.102,0.02,2534.00,0.00
2.430,1216,0,20,2008,1999,2498,0.102,0.02,2532.00,0.00
2.432,1217,0,20,2010,1999,2497,0.102,0.02,2534.00,0.00
2.434,1218,0,20,2009,1999,2498,0.109,0.02,2534.00,0.00
2.436,1219,0,20,2010,1998,2497,0.095,0.03,2534.00,0.00
2.438,1220,0,20,2009,1997,2498,0.109,0.02,2532.00,0.00
2.440,1221,0,20,2010,1997,2499,0.102,0.00,2531.00,0.00
2.442,1222,0,20,2011,1999,2498,0.109,0.01,2532.00,0.00
2.444,1223,0,20,2011,1997,2499,0.102,0.02,2534.00,0.00
2.446,1224,0,20,2011,1999,2498,0.102,0.02,2532.00,0.00
2.448,1225,0,20,2011,1998,2499,0.102,0.02,2532.00,0.00
2.450,1226,0,20,2011,1997,2499,0.109,0.03,2531.00,0.00
2.452,1227,0,20,2011,1997,2499,0.102,0.02,2531.00,0.00
2.454,1228,0,20,2011,1997,2500,0.109,0.02,2532.00,0.00
2.456,1229,0,20,2009,1998,2501,0.095,0.02,2531.00,0.00
2.458,1230,0,20,2010,1998,2500,0.102,0.02,2532.00,0.00
2.460,1231,0,20,2009,1998,2499,0.095,0.01,2532.00,0.00
2.462,1232,0,20,2008,1998,2498,0.102,0.02,2540.00,0.00
2.464,1233,0,20,2009,1999,2497,0.109,0.02,2537.00,0.00
2.466,1234,0,20,2008,2000,2498,0.109,0.02,2540.00,0.00
2.468,1235,0,20,2007,1999,2498,0.117,0.04,2535.00,0.00
2.470,1236,0,20,2008,2000,2498,0.102,0.02,2540.00,0.00
2.472,1237,0,20,2006,1998,2498,0.109,0.02,2534.00,0.00
2.474,1238,0,20,2006,1999,2498,0.102,0.02,2538.00,0.00
2.476,1239,0,20,2005,1999,2498,0.102,0.01,2535.00,0.00
2.478,1240,0,20,2004,1998,2497,0.109,0.02,2541.00,0.00
2.480,1241,0,20,2004,1998,2498,0.102,0.02,2535.00,0.00
2.482,1242,0,20,2005,1999,2498,0.102,0.02,2538.00,0.00
2.484,1243,0,20,2006,1998,2498,0.102,0.03,2534.00,0.00
2.486,1244,0,20,2004,1997,2499,0.109,0.03,2537.00,0.00
2.488,1245,0,20,2005,1998,2499,0.109,0.02,2532.00,0.00
2.490,1246,0,20,2004,1998,2499,0.102,0.02,2535.00,0.00
2.492,1247,0,20,2004,1997,2500,0.095,0.01,2531.00,0.00
2.494,1248,0,20,2005,1998,2498,0.102,0.02,2538.00,0.00
2.496,1249,0,20,2006,1998,2497,0.102,0.02,2534.00,0.00
2.498,1250,0,20,2006,1997,2498,0.102,0.01,2540.00,0.00
2.500,1251,0,20,2007,1998,2497,0.102,0.03,2534.00,0.00
2.502,1252,0,20,2008,1999,2497,0.109,0.03,2543.00,0.00
2.504,1253,0,20,2008,1999,2498,0.102,0.02,2535.00,0.00
2.506,1254,0,20,2008,1998,2498,0.109,0.02,2540.00,0.00
2.508,1255,0,20,2008,1999,2498,0.109,0.01,2535.00,0.00
2.510,1256,0,20,2009,1999,2496,0.102,0.02,2543.00,0.00
2.512,1257,0,20,2008,1998,2499,0.102,0.02,2532.00,0.00
2.514,1258,0,20,2008,1999,2498,0.102,0.02,2540.00,0.00
2.516,1259,0,20,2008,1998,2498,0.109,0.02,2534.00,0.00
2.518,1260,0,20,2009,1998,2497,0.102,0.04,2541.00,0.00
2.520,1261,0,21,2008,1998,2497,0.109,0.02,2537.00,0.00
2.522,1262,0,21,2007,1997,2498,0.095,0.02,2540.00,0.00
2.524,1263,0,21,2007,1997,2499,0.102,0.01,2532.00,0.00
2.526,1264,0,21,2006,1997,2499,0.102,0.01,2537.00,0.00
2.528,1265,0,21,2006,1997,2499,0.102,0.02,2532.00,0.00
2.530,1266,0,21,2005,1996,2499,0.102,0.02,2538.00,0.00
2.532,1267,0,21,2007,1998,2497,0.095,0.02,2534.00,0.00
2.534,1268,0,21,2006,1998,2498,0.102,0.02,2538.00,0.00
2.536,1269,0,21,2005,1996,2499,0.102,0.02,2534.00,0.00
2.538,1270,0,21,2006,1996,2498,0.102,0.02,2540.00,0.00
2.540,1271,0,21,2007,1999,2497,0.102,0.02,2537.00,0.00
2.542,1272,0,21,2007,1999,2497,0.102,0.01,2541.00,0.00
2.544,1273,0,21,2007,1999,2498,0.109,0.02,2535.00,0.00
2.546,1274,0,21,2006,1998,2497,0.102,0.01,2541.00,0.00
2.548,1275,0,21,2007,1999,2497,0.102,0.02,2537.00,0.00
2.550,1276,0,21,2007,1998,2497,0.102,0.03,2541.00,0.00
2.552,1277,0,21,2007,1998,2498,0.109,0.03,2535.00,0.00
2.554,1278,0,21,2008,1997,2498,0.102,0.01,2540.00,0.00
2.556,1279,0,21,2006,1996,2499,0.087,0.01,2531.00,0.00
2.558,1280,0,21,2008,1997,2498,0.102,0.01,2540.00,0.00
2.560,1281,0,21,2008,1997,2497,0.102,0.01,2535.00,0.00
2.562,1282,0,21,2007,1997,2499,0.102,0.02,2531.00,0.00
2.564,1283,0,21,2009,1999,2497,0.102,0.02,2535.00,0.00
2.566,1284,0,21,2008,1998,2498,0.095,0.02,2531.00,0.00
2.568,1285,0,21,2008,1998,2499,0.095,0.02,2531.00,0.00
2.570,1286,0,21,2008,1997,2497,0.109,0.02,2532.00,0.00
2.572,1287,0,21,2008,1998,2499,0.095,0.01,2532.00,0.00
2.574,1288,0,21,2008,1997,2498,0.102,0.00,2532.00,0.00
2.576,1289,0,21,2007,1997,2498,0.102,0.00,2532.00,0.00
2.578,1290,0,21,2007,1996,2499,0.102,0.02,2531.00,0.00
2.580,1291,0,21,2008,1999,2497,0.102,0.02,2534.00,0.00
2.582,1292,0,21,2008,1999,2497,0.102,0.02,2535.00,0.00
2.584,1293,0,21,2008,1998,2497,0.102,0.02,2534.00,0.00
2.586,1294,0,21,2009,1999,2496,0.109,0.03,2535.00,0.00
2.588,1295,0,21,2007,1997,2499,0.102,0.02,2531.00,0.00
2.590,1296,0,21,2007,1997,2498,0.109,0.02,2532.00,0.00
2.592,1297,0,21,2008,1998,2497,0.109,0.01,2534.00,0.00
2.594,1298,0,21,2006,1997,2498,0.102,0.01,2531.00,0.00
2.596,1299,0,21,2007,1997,2498,0.102,0.01,2532.00,0.00
2.598,1300,0,21,2006,1997,2498,0.095,0.01,2532.00,0.00
2.600,1301,0,21,2006,1996,2499,0.102,0.03,2531.00,0.00
2.602,1302,0,21,2007,1997,2500,0.109,0.03,2531.00,0.00
2.604,1303,0,21,2006,1997,2499,0.095,0.02,2531.00,0.00
2.606,1304,0,21,2006,1996,2500,0.102,0.02,2530.00,0.00
2.608,1305,0,21,2007,1997,2499,0.102,0.01,2532.00,0.00
2.610,1306,0,21,2006,1996,2499,0.095,0.02,2531.00,0.00
2.612,1307,0,21,2008,1997,2498,0.102,0.01,2531.00,0.00
2.614,1308,0,21,2007,1998,2498,0.102,0.01,2531.00,0.00
2.616,1309,0,21,2007,1998,2498,0.102,0.02,2532.00,0.00
2.618,1310,0,21,2008,1999,2497,0.109,0.04,2534.00,0.00
2.620,1311,0,21,2009,1999,2497,0.109,0.02,2534.00,0.00
2.622,1312,0,21,2008,1999,2498,0.102,0.02,2534.00,0.00
2.624,1313,0,21,2009,1999,2497,0.109,0.02,2534.00,0.00
2.626,1314,0,21,2007,1997,2500,0.095,0.00,2531.00,0.00
2.628,1315,0,21,2008,1997,2498,0.095,0.01,2532.00,0.00
2.630,1316,0,21,2006,1996,2499,0.109,0.02,2531.00,0.00
2.632,1317,0,21,2007,1997,2498,0.102,0.02,2531.00,0.00
2.634,1318,0,21,2008,1998,2498,0.095,0.02,2531.00,0.00
2.636,1319,0,21,2007,1998,2499,0.102,0.03,2532.00,0.00
2.638,1320,0,21,2006,1997,2500,0.109,0.02,2532.00,0.00
2.640,1321,0,22,2007,1997,2499,0.102,0.02,2531.00,0.00
2.642,1322,0,22,2007,1997,2499,0.102,0.01,2531.00,0.00
2.644,1323,0,22,2007,1997,2499,0.102,0.02,2531.00,0.00
2.646,1324,0,22,2006,1997,2498,0.102,0.02,2531.00,0.00
2.648,1325,0,22,2007,1997,2501,0.102,0.02,2528.00,0.00
2.650,1326,0,22,2007,1997,2498,0.109,0.02,2532.00,0.00
2.652,1327,0,22,2007,1997,2498,0.095,0.02,2532.00,0.00
2.654,1328,0,22,2008,1997,2498,0.102,0.02,2532.00,0.00
2.656,1329,0,22,2008,1997,2498,0.102,0.02,2534.00,0.00
2.658,1330,0,22,2007,1998,2498,0.095,0.01,2534.00,0.00
2.660,1331,0,22,2008,1997,2498,0.102,0.01,2534.00,0.00
2.662,1332,0,22,2008,1997,2497,0.102,0.02,2541.00,0.00
2.664,1333,0,22,2007,1996,2499,0.095,0.02,2534.00,0.00
2.666,1334,0,22,2007,1995,2498,0.102,0.02,2541.00,0.00
2.668,1335,0,22,2006,1994,2498,0.109,0.03,2534.00,0.00
2.670,1336,0,22,2006,1994,2499,0.109,0.02,2538.00,0.00
2.672,1337,0,22,2007,1994,2499,0.102,0.02,2532.00,0.00
2.674,1338,0,22,2008,1994,2499,0.095,0.01,2540.00,0.00
2.676,1339,0,22,2008,1994,2498,0.102,0.00,2535.00,0.00
2.678,1340,0,22,2007,1994,2498,0.109,0.02,2541.00,0.00
2.680,1341,0,22,2007,1994,2498,0.109,0.02,2535.00,0.00
2.682,1342,0,22,2006,1993,2498,0.102,0.02,2540.00,0.00
2.684,1343,0,22,2007,1993,2498,0.095,0.03,2535.00,0.00
2.686,1344,0,22,2005,1992,2500,0.102,0.02,2538.00,0.00
2.688,1345,0,22,2006,1993,2498,0.102,0.02,2534.00,0.00
2.690,1346,0,22,2006,1992,2499,0.102,0.01,2540.00,0.00
2.692,1347,0,22,2006,1992,2500,0.102,0.00,2532.00,0.00
2.694,1348,0,22,2006,1993,2500,0.109,0.02,2537.00,0.00
2.696,1349,0,22,2005,1991,2500,0.102,0.02,2532.00,0.00
2.698,1350,0,22,2005,1991,2499,0.109,0.02,2537.00,0.00
2.700,1351,0,22,2005,1992,2499,0.109,0.03,2534.00,0.00
2.702,1352,0,22,2005,1991,2500,0.102,0.02,2537.00,0.00
2.704,1353,0,22,2005,1991,2498,0.102,0.02,2532.00,0.00
2.706,1354,0,22,2006,1992,2498,0.095,0.02,2540.00,0.00
2.708,1355,0,22,2006,1991,2499,0.102,0.01,2534.00,0.00
2.710,1356,0,22,2005,1990,2499,0.102,0.01,2537.00,0.00
2.712,1357,0,22,2006,1992,2498,0.102,0.02,2534.00,0.00
2.714,1358,0,22,2007,1992,2498,0.109,0.02,2540.00,0.00
2.716,1359,0,22,2007,1992,2498,0.102,0.02,2535.00,0.00
2.718,1360,0,22,2007,1991,2498,0.109,0.03,2540.00,0.00
2.720,1361,0,22,2006,1990,2499,0.102,0.02,2532.00,0.00
2.722,1362,0,22,2007,1991,2497,0.102,0.02,2538.00,0.00
2.724,1363,0,22,2005,1989,2499,0.102,0.02,2531.00,0.00
2.726,1364,0,22,2005,1990,2498,0.109,0.00,2537.00,0.00
2.728,1365,0,22,2006,1990,2498,0.102,0.03,2531.00,0.00
2.730,1366,0,22,2006,1990,2499,0.109,0.02,2537.00,0.00
2.732,1367,0,22,2006,1989,2499,0.102,0.02,2531.00,0.00
2.734,1368,0,22,2006,1989,2499,0.102,0.03,2537.00,0.00
2.736,1369,0,22,2006,1990,2499,0.109,0.02,2532.00,0.00
2.738,1370,0,22,2007,1989,2499,0.102,0.02,2537.00,0.00
2.740,1371,0,22,2007,1988,2500,0.102,0.02,2532.00,0.00
2.742,1372,0,22,2007,1989,2498,0.102,0.01,2538.00,0.00
2.744,1373,0,22,2007,1989,2498,0.102,0.02,2532.00,0.00
2.746,1374,0,22,2007,1988,2498,0.109,0.01,2538.00,0.00
2.748,1375,0,22,2007,1989,2498,0.102,0.02,2534.00,0.00
2.750,1376,0,22,2008,1989,2497,0.109,0.03,2540.00,0.00
2.752,1377,0,22,2008,1990,2497,0.109,0.02,2535.00,0.00
2.754,1378,0,22,2007,1989,2497,0.102,0.02,2540.00,0.00
2.756,1379,0,22,2008,1990,2499,0.102,0.02,2534.00,0.00
2.758,1380,0,22,2007,1988,2499,0.095,0.00,2537.00,0.00
2.760,1381,0,23,2008,1989,2498,0.109,0.02,2534.00,0.00
2.762,1382,0,23,2007,1987,2498,0.109,0.02,2531.00,0.00
2.764,1383,0,23,2007,1988,2498,0.102,0.01,2531.00,0.00
2.766,1384,0,23,2008,1988,2498,0.095,0.02,2532.00,0.00
2.768,1385,0,23,2007,1987,2498,0.102,0.03,2532.00,0.00
2.770,1386,0,23,2007,1987,2500,0.102,0.02,2528.00,0.00
2.772,1387,0,23,2006,1987,2500,0.109,0.02,2530.00,0.00
2.774,1388,0,23,2005,1986,2501,0.102,0.02,2527.00,0.00
2.776,1389,0,23,2008,1987,2498,0.117,0.01,2531.00,0.00
2.778,1390,0,23,2006,1988,2498,0.102,0.02,2530.00,0.00
2.780,1391,0,23,2006,1987,2499,0.102,0.02,2531.00,0.00
2.782,1392,0,23,2006,1986,2498,0.102,0.02,2531.00,0.00
2.784,1393,0,23,2008,1987,2498,0.109,0.03,2532.00,0.00
2.786,1394,0,23,2006,1988,2498,0.102,0.02,2531.00,0.00
2.788,1395,0,23,2005,1987,2498,0.102,0.02,2532.00,0.00
2.790,1396,0,23,2006,1988,2497,0.102,0.02,2532.00,0.00
2.792,1397,0,23,2006,1989,2497,0.102,0.01,2532.00,0.00
2.794,1398,0,23,2005,1989,2498,0.102,0.02,2532.00,0.00
2.796,1399,0,23,2006,1989,2498,0.102,0.01,2531.00,0.00
2.798,1400,0,23,2006,1989,2497,0.102,0.02,2532.00,0.00
2.800,1401,0,23,2003,1988,2498,0.109,0.02,2531.00,0.00
2.802,1402,0,23,2005,1989,2497,0.102,0.02,2532.00,0.00
2.804,1403,0,23,2004,1989,2499,0.102,0.01,2530.00,0.00
2.806,1404,0,23,2004,1990,2499,0.102,0.01,2532.00,0.00
2.808,1405,0,23,2004,1990,2498,0.102,0.01,2531.00,0.00
2.810,1406,0,23,2003,1990,2500,0.102,0.02,2528.00,0.00
2.812,1407,0,23,2003,1991,2499,0.102,0.02,2530.00,0.00
2.814,1408,0,23,2003,1991,2500,0.102,0.02,2528.00,0.00
2.816,1409,0,23,2003,1992,2499,0.102,0.02,2530.00,0.00
2.818,1410,0,23,2002,1993,2498,0.102,0.02,2530.00,0.00
2.820,1411,0,23,2003,1993,2499,0.109,0.02,2531.00,0.00
2.822,1412,0,23,2003,1994,2498,0.109,0.02,2532.00,0.00
2.824,1413,0,23,2005,1996,2497,0.087,0.00,2531.00,0.00
2.826,1414,0,23,2003,1996,2498,0.102,0.01,2534.00,0.00
2.828,1415,0,23,2003,1998,2497,0.102,0.02,2532.00,0.00
2.830,1416,0,23,2003,1998,2497,0.102,0.02,2532.00,0.00
2.832,1417,0,23,2003,1999,2497,0.102,0.02,2532.00,0.00
2.834,1418,0,23,2004,2000,2497,0.102,0.02,2534.00,0.00
2.836,1419,0,23,2003,1999,2499,0.095,0.02,2531.00,0.00
2.838,1420,0,23,2004,1999,2498,0.109,0.02,2531.00,0.00
2.840,1421,0,23,2005,2001,2497,0.095,0.00,2532.00,0.00
2.842,1422,0,23,2005,2001,2498,0.109,0.00,2532.00,0.00
2.844,1423,0,23,2005,2003,2498,0.102,0.01,2532.00,0.00
2.846,1424,0,23,2004,2002,2499,0.102,0.02,2531.00,0.00
2.848,1425,0,23,2006,2005,2498,0.102,0.02,2534.00,0.00
2.850,1426,0,23,2007,2006,2498,0.102,0.02,2534.00,0.00
2.852,1427,0,23,2007,2005,2498,0.102,0.03,2532.00,0.00
2.854,1428,0,23,2007,2004,2501,0.095,0.00,2531.00,0.00
2.856,1429,0,23,2008,2005,2500,0.102,0.02,2532.00,0.00
2.858,1430,0,23,2008,2003,2500,0.109,0.01,2532.00,0.00
2.860,1431,0,23,2009,2003,2500,0.102,0.01,2531.00,0.00
2.862,1432,0,23,2009,2002,2500,0.102,0.01,2537.00,0.00
2.864,1433,0,23,2009,2002,2500,0.102,0.01,2531.00,0.00
2.866,1434,0,23,2010,2002,2500,0.102,0.02,2537.00,0.00
2.868,1435,0,23,2010,2001,2501,0.095,0.02,2532.00,0.00
2.870,1436,0,23,2010,2001,2500,0.102,0.02,2538.00,0.00
2.872,1437,0,23,2011,2002,2500,0.095,0.01,2532.00,0.00
2.874,1438,0,23,2010,2002,2501,0.102,0.02,2537.00,0.00
2.876,1439,0,23,2011,2003,2499,0.102,0.01,2534.00,0.00
2.878,1440,0,23,2011,2002,2499,0.095,0.01,2540.00,0.00
2.880,1441,0,24,2010,2003,2501,0.102,0.02,2534.00,0.00
2.882,1442,0,24,2012,2005,2499,0.102,0.01,2541.00,0.00
2.884,1443,0,24,2009,2002,2501,0.095,0.02,2532.00,0.00
2.886,1444,0,24,2009,2001,2503,0.102,0.02,2535.00,0.00
2.888,1445,0,24,2009,2002,2502,0.109,0.03,2532.00,0.00
2.890,1446,0,24,2008,2002,2502,0.102,0.01,2535.00,0.00
2.892,1447,0,24,2009,2002,2501,0.102,0.01,2532.00,0.00
2.894,1448,0,24,2009,2002,2500,0.102,0.01,2538.00,0.00
2.896,1449,0,24,2007,2001,2500,0.095,0.01,2532.00,0.00
2.898,1450,0,24,2008,2002,2499,0.102,0.01,2538.00,0.00
2.900,1451,0,24,2007,2002,2500,0.102,0.02,2531.00,0.00
2.902,1452,0,24,2007,2002,2499,0.102,0.02,2540.00,0.00
2.904,1453,0,24,2008,2003,2499,0.109,0.02,2535.00,0.00
2.906,1454,0,24,2008,2003,2500,0.102,0.02,2540.00,0.00
2.908,1455,0,24,2008,2002,2499,0.095,0.01,2535.00,0.00
2.910,1456,0,24,2005,2001,2499,0.102,0.02,2541.00,0.00
2.912,1457,0,24,2005,2002,2501,0.095,0.01,2532.00,0.00
2.914,1458,0,24,2007,2002,2498,0.102,0.02,2540.00,0.00
2.916,1459,0,24,2005,2001,2501,0.102,0.02,2531.00,0.00
2.918,1460,0,24,2006,2002,2501,0.102,0.02,2537.00,0.00
2.920,1461,0,24,2008,2003,2498,0.102,0.02,2535.00,0.00
2.922,1462,0,24,2005,2001,2501,0.095,0.01,2537.00,0.00
2.924,1463,0,24,2006,2002,2500,0.102,0.01,2532.00,0.00
2.926,1464,0,24,2005,2001,2501,0.102,0.01,2535.00,0.00
2.928,1465,0,24,2005,2001,2502,0.102,0.02,2531.00,0.00
2.930,1466,0,24,2006,2001,2501,0.102,0.02,2537.00,0.00
2.932,1467,0,24,2007,2002,2500,0.109,0.02,2531.00,0.00
2.934,1468,0,24,2006,2001,2500,0.095,0.02,2537.00,0.00
2.936,1469,0,24,2007,2001,2499,0.102,0.02,2534.00,0.00
2.938,1470,0,24,2006,2000,2500,0.095,0.02,2537.00,0.00
2.940,1471,0,24,2008,2001,2499,0.095,0.01,2537.00,0.00
2.942,1472,0,24,2009,2002,2499,0.109,0.02,2540.00,0.00
2.944,1473,0,24,2008,2001,2500,0.095,0.02,2532.00,0.00
2.946,1474,0,24,2009,2002,2498,0.095,0.01,2540.00,0.00
2.948,1475,0,24,2008,2001,2500,0.102,0.02,2534.00,0.00
2.950,1476,0,24,2008,2001,2501,0.087,0.02,2537.00,0.00
2.952,1477,0,24,2010,2003,2498,0.109,0.02,2535.00,0.00
2.954,1478,0,24,2008,2000,2500,0.095,0.02,2537.00,0.00
2.956,1479,0,24,2010,2000,2499,0.095,0.01,2534.00,0.00
2.958,1480,0,24,2009,2001,2500,0.087,0.01,2538.00,0.00
2.960,1481,0,24,2009,2000,2499,0.095,0.01,2532.00,0.00
2.962,1482,0,24,2009,2001,2498,0.102,0.02,2534.00,0.00
2.964,1483,0,24,2008,2001,2499,0.102,0.02,2532.00,0.00
2.966,1484,0,24,2009,2001,2500,0.102,0.03,2532.00,0.00
2.968,1485,0,24,2010,2001,2498,0.095,0.02,2532.00,0.00
2.970,1486,0,24,2008,1999,2500,0.109,0.02,2531.00,0.00
2.972,1487,0,24,2008,2001,2500,0.102,0.02,2532.00,0.00
2.974,1488,0,24,2008,2000,2500,0.102,0.00,2531.00,0.00
2.976,1489,0,24,2007,2000,2500,0.102,0.00,2531.00,0.00
2.978,1490,0,24,2007,2000,2499,0.109,0.02,2531.00,0.00
2.980,1491,0,24,2008,2002,2498,0.102,0.01,2535.00,0.00
2.982,1492,0,24,2007,2001,2498,0.095,0.02,2534.00,0.00
2.984,1493,0,24,2008,2002,2498,0.102,0.03,2534.00,0.00
2.986,1494,0,24,2007,2000,2499,0.102,0.02,2532.00,0.00
2.988,1495,0,24,2005,2000,2499,0.087,0.02,2532.00,0.00
2.990,1496,0,24,2005,1999,2499,0.102,0.01,2531.00,0.00
2.992,1497,0,24,2005,2000,2500,0.109,0.01,2531.00,0.00
2.994,1498,0,24,2005,2000,2498,0.102,0.02,2534.00,0.00
2.996,1499,0,24,2003,1999,2499,0.102,0.00,2531.00,0.00
2.998,1500,0,24,2004,1999,2500,0.095,0.01,2531.00,0.00
3.000,1501,0,25,2006,2000,2497,0.095,0.02,2534.00,0.00
3.002,1502,0,25,2003,2000,2498,0.095,0.02,2532.00,0.00
3.004,1503,0,25,2005,2000,2498,0.102,0.01,2535.00,0.00
3.006,1504,0,25,2003,2000,2499,0.087,0.01,2532.00,0.00
3.008,1505,0,25,2003,1998,2499,0.109,0.01,2531.00,0.00
3.010,1506,0,25,2004,2000,2498,0.102,0.00,2534.00,0.00
3.012,1507,0,25,2005,2001,2498,0.095,0.01,2532.00,0.00
3.014,1508,0,25,2004,2000,2498,0.102,0.02,2531.00,0.00
3.016,1509,0,25,2006,2001,2496,0.109,0.02,2534.00,0.00
3.018,1510,0,25,2005,2001,2499,0.102,0.02,2534.00,0.00
3.020,1511,0,25,2006,2002,2497,0.095,0.01,2534.00,0.00
3.022,1512,0,25,2005,2002,2499,0.095,0.02,2532.00,0.00
3.024,1513,0,25,2005,2002,2499,0.102,0.01,2532.00,0.00
3.026,1514,0,25,2006,2002,2499,0.102,0.00,2531.00,0.00
3.028,1515,0,25,2005,2001,2500,0.087,0.02,2530.00,0.00
3.030,1516,0,25,2005,2002,2500,0.102,0.02,2531.00,0.00
3.032,1517,0,25,2006,2003,2498,0.109,0.02,2532.00,0.00
3.034,1518,0,25,2005,2003,2499,0.102,0.02,2531.00,0.00
3.036,1519,0,25,2006,2002,2499,0.102,0.02,2531.00,0.00
3.038,1520,0,25,2006,2002,2501,0.102,0.02,2530.00,0.00
3.040,1521,0,25,2005,2003,2501,0.102,0.02,2531.00,0.00
3.042,1522,0,25,2006,2003,2500,0.102,0.01,2531.00,0.00
3.044,1523,0,25,2006,2003,2500,0.102,0.02,2531.00,0.00
3.046,1524,0,25,2005,2003,2500,0.102,0.02,2530.00,0.00
3.048,1525,0,25,2005,2003,2500,0.102,0.02,2532.00,0.00
3.050,1526,0,25,2005,2004,2500,0.102,0.02,2531.00,0.00
3.052,1527,0,25,2006,2004,2499,0.102,0.02,2532.00,0.00
3.054,1528,0,25,2005,2004,2499,0.095,0.02,2532.00,0.00
3.056,1529,0,25,2006,2005,2499,0.102,0.02,2532.00,0.00
3.058,1530,0,25,2005,2005,2499,0.109,0.01,2534.00,0.00
3.060,1531,0,25,2005,2005,2499,0.102,0.01,2532.00,0.00
3.062,1532,0,25,2006,2005,2498,0.102,0.02,2540.00,0.00
3.064,1533,0,25,2006,2005,2500,0.109,0.02,2532.00,0.00
3.066,1534,0,25,2005,2006,2498,0.095,0.02,2540.00,0.00
3.068,1535,0,25,2006,2006,2498,0.102,0.02,2534.00,0.00
3.070,1536,0,25,2005,2005,2499,0.095,0.01,2540.00,0.00
3.072,1537,0,25,2004,2006,2499,0.102,0.02,2534.00,0.00
3.074,1538,0,25,2006,2006,2498,0.102,0.01,2540.00,0.00
3.076,1539,0,25,2004,2004,2501,0.102,0.01,2531.00,0.00
3.078,1540,0,25,2004,2005,2500,0.102,0.02,2537.00,0.00
3.080,1541,0,25,2005,2006,2500,0.109,0.02,2534.00,0.00
3.082,1542,0,25,2004,2005,2500,0.117,0.02,2537.00,0.00
3.084,1543,0,25,2006,2006,2498,0.095,0.02,2534.00,0.00
3.086,1544,0,25,2004,2005,2500,0.095,0.02,2537.00,0.00
3.088,1545,0,25,2005,2006,2500,0.102,0.02,2534.00,0.00
3.090,1546,0,25,2005,2006,2499,0.095,0.01,2540.00,0.00
3.092,1547,0,25,2005,2007,2500,0.102,0.01,2534.00,0.00
3.094,1548,0,25,2004,2006,2500,0.102,0.02,2537.00,0.00
3.096,1549,0,25,2006,2007,2498,0.109,0.02,2535.00,0.00
3.098,1550,0,25,2006,2007,2499,0.095,0.02,2540.00,0.00
3.100,1551,0,25,2006,2007,2499,0.095,0.02,2535.00,0.00
3.102,1552,0,25,2005,2006,2499,0.102,0.02,2538.00,0.00
3.104,1553,0,25,2005,2006,2499,0.102,0.02,2534.00,0.00
3.106,1554,0,25,2006,2006,2498,0.109,0.01,2540.00,0.00
3.108,1555,0,25,2006,2005,2500,0.095,0.01,2532.00,0.00
3.110,1556,0,25,2007,2007,2498,0.109,0.02,2541.00,0.00
3.112,1557,0,25,2005,2005,2500,0.102,0.01,2534.00,0.00
3.114,1558,0,25,2006,2005,2501,0.102,0.02,2537.00,0.00
3.116,1559,0,25,2007,2006,2498,0.102,0.02,2534.00,0.00
3.118,1560,0,25,2006,2005,2500,0.102,0.02,2537.00,0.00
3.120,1561,0,26,2006,2006,2500,0.102,0.02,2531.00,0.00
3.122,1562,0,26,2007,2006,2499,0.109,0.02,2540.00,0.00
3.124,1563,0,26,2006,2005,2499,0.095,0.00,2534.00,0.00
3.126,1564,0,26,2006,2005,2500,0.102,0.00,2537.00,0.00
3.128,1565,0,26,2007,2006,2500,0.102,0.01,2534.00,0.00
3.130,1566,0,26,2007,2006,2498,0.102,0.02,2541.00,0.00
3.132,1567,0,26,2008,2007,2497,0.109,0.02,2537.00,0.00
3.134,1568,0,26,2007,2006,2498,0.102,0.02,2541.00,0.00
3.136,1569,0,26,2007,2007,2499,0.102,0.02,2535.00,0.00
3.138,1570,0,26,2008,2007,2498,0.109,0.02,2541.00,0.00
3.140,1571,0,26,2006,2005,2500,0.102,0.02,2534.00,0.00
3.142,1572,0,26,2006,2005,2498,0.095,0.01,2541.00,0.00
3.144,1573,0,26,2004,2004,2499,0.102,0.01,2532.00,0.00
3.146,1574,0,26,2005,2004,2498,0.102,0.01,2538.00,0.00
3.148,1575,0,26,2008,2006,2498,0.109,0.02,2535.00,0.00
3.150,1576,0,26,2006,2004,2498,0.102,0.02,2541.00,0.00
3.152,1577,0,26,2006,2003,2500,0.102,0.02,2534.00,0.00
3.154,1578,0,26,2006,2003,2500,0.102,0.02,2537.00,0.00
3.156,1579,0,26,2005,2003,2499,0.102,0.02,2531.00,0.00
3.158,1580,0,26,2005,2003,2501,0.102,0.01,2537.00,0.00
3.160,1581,0,26,2005,2003,2500,0.095,0.01,2532.00,0.00
3.162,1582,0,26,2006,2002,2499,0.087,0.01,2532.00,0.00
3.164,1583,0,26,2006,2004,2499,0.095,0.02,2532.00,0.00
3.166,1584,0,26,2006,2003,2500,0.095,0.02,2532.00,0.00
3.168,1585,0,26,2006,2002,2499,0.095,0.02,2532.00,0.00
3.170,1586,0,26,2006,2003,2499,0.102,0.02,2532.00,0.00
3.172,1587,0,26,2006,2002,2500,0.087,0.02,2532.00,0.00
3.174,1588,0,26,2007,2003,2499,0.095,0.02,2532.00,0.00
3.176,1589,0,26,2006,2002,2498,0.102,0.01,2535.00,0.00
3.178,1590,0,26,2006,2002,2499,0.109,0.02,2534.00,0.00
3.180,1591,0,26,2005,2001,2500,0.109,0.02,2532.00,0.00
3.182,1592,0,26,2006,2001,2499,0.095,0.02,2534.00,0.00
3.184,1593,0,26,2006,2001,2498,0.109,0.02,2532.00,0.00
3.186,1594,0,26,2006,2001,2498,0.095,0.02,2534.00,0.00
3.188,1595,0,26,2006,2000,2499,0.102,0.02,2532.00,0.00
3.190,1596,0,26,2006,2001,2499,0.109,0.02,2532.00,0.00
3.192,1597,0,26,2006,2000,2500,0.117,0.02,2531.00,0.00
3.194,1598,0,26,2006,1999,2500,0.102,0.02,2530.00,0.00
3.196,1599,0,26,2008,2000,2499,0.109,0.02,2532.00,0.00
3.198,1600,0,26,2007,1999,2499,0.109,0.02,2531.00,0.00
3.200,1601,0,26,2007,1999,2500,0.109,0.02,2532.00,0.00
3.202,1602,0,26,2007,1999,2498,0.102,0.02,2532.00,0.00
3.204,1603,0,26,2006,1998,2499,0.102,0.02,2532.00,0.00
3.206,1604,0,26,2007,1998,2499,0.102,0.02,2531.00,0.00
3.208,1605,0,26,2008,2000,2498,0.109,0.01,2535.00,0.00
3.210,1606,0,26,2008,2000,2497,0.102,0.02,2535.00,0.00
3.212,1607,0,26,2008,1999,2498,0.102,0.02,2535.00,0.00
3.214,1608,0,26,2008,1999,2497,0.102,0.01,2535.00,0.00
3.216,1609,0,26,2007,1998,2499,0.095,0.02,2532.00,0.00
3.218,1610,0,26,2008,1997,2500,0.109,0.03,2531.00,0.00
3.220,1611,0,26,2008,1998,2499,0.102,0.01,2534.00,0.00
3.222,1612,0,26,2009,1997,2499,0.102,0.01,2532.00,0.00
3.224,1613,0,26,2008,1996,2499,0.102,0.00,2532.00,0.00
3.226,1614,0,26,2008,1996,2500,0.109,0.00,2532.00,0.00
3.228,1615,0,26,2009,1997,2499,0.102,0.02,2534.00,0.00
3.230,1616,0,26,2009,1996,2498,0.102,0.02,2534.00,0.00
3.232,1617,0,26,2010,1997,2498,0.102,0.02,2534.00,0.00
3.234,1618,0,26,2009,1996,2498,0.102,0.02,2532.00,0.00
3.236,1619,0,26,2009,1994,2500,0.109,0.02,2531.00,0.00
3.238,1620,0,26,2009,1995,2498,0.102,0.02,2534.00,0.00
3.240,1621,0,27,2010,1995,2499,0.109,0.02,2534.00,0.00
3.242,1622,0,27,2011,1995,2498,0.109,0.02,2534.00,0.00
3.244,1623,0,27,2010,1994,2499,0.102,0.01,2532.00,0.00
3.246,1624,0,27,2009,1993,2499,0.102,0.01,2531.00,0.00
3.248,1625,0,27,2009,1993,2500,0.102,0.02,2531.00,0.00
3.250,1626,0,27,2009,1993,2500,0.102,0.02,2530.00,0.00
3.252,1627,0,27,2009,1993,2499,0.102,0.02,2531.00,0.00
3.254,1628,0,27,2010,1993,2499,0.095,0.02,2531.00,0.00
3.256,1629,0,27,2010,1993,2500,0.102,0.02,2531.00,0.00
3.258,1630,0,27,2010,1994,2498,0.102,0.00,2532.00,0.00
3.260,1631,0,27,2011,1995,2497,0.109,0.02,2535.00,0.00
3.262,1632,0,27,2010,1994,2499,0.102,0.02,2540.00,0.00
3.264,1633,0,27,2011,1995,2498,0.102,0.02,2537.00,0.00
3.266,1634,0,27,2012,1996,2497,0.102,0.02,2541.00,0.00
3.268,1635,0,27,2011,1995,2498,0.102,0.03,2535.00,0.00
3.270,1636,0,27,2011,1995,2498,0.109,0.02,2540.00,0.00
3.272,1637,0,27,2010,1996,2500,0.109,0.02,2534.00,0.00
3.274,1638,0,27,2011,1995,2498,0.102,0.01,2541.00,0.00
3.276,1639,0,27,2009,1994,2500,0.102,0.02,2531.00,0.00
3.278,1640,0,27,2010,1995,2497,0.109,0.02,2540.00,0.00
3.280,1641,0,27,2009,1994,2498,0.102,0.01,2532.00,0.00
3.282,1642,0,27,2008,1994,2498,0.102,0.02,2538.00,0.00
3.284,1643,0,27,2009,1994,2499,0.102,0.02,2531.00,0.00
3.286,1644,0,27,2009,1994,2499,0.109,0.02,2535.00,0.00
3.288,1645,0,27,2009,1995,2499,0.102,0.02,2531.00,0.00
3.290,1646,0,27,2009,1994,2498,0.109,0.02,2538.00,0.00
3.292,1647,0,27,2007,1993,2499,0.095,0.01,2531.00,0.00
3.294,1648,0,27,2008,1994,2498,0.109,0.02,2541.00,0.00
3.296,1649,0,27,2008,1995,2498,0.109,0.02,2535.00,0.00
3.298,1650,0,27,2008,1996,2497,0.109,0.02,2541.00,0.00
3.300,1651,0,27,2008,1995,2497,0.102,0.02,2535.00,0.00
3.302,1652,0,27,2008,1996,2498,0.102,0.02,2541.00,0.00
3.304,1653,0,27,2009,1996,2497,0.109,0.02,2537.00,0.00
3.306,1654,0,27,2008,1997,2496,0.109,0.02,2544.00,0.00
3.308,1655,0,27,2008,1997,2496,0.117,0.02,2538.00,0.00
3.310,1656,0,27,2007,1995,2498,0.095,0.01,2540.00,0.00
3.312,1657,0,27,2009,1996,2496,0.109,0.02,2540.00,0.00
3.314,1658,0,27,2007,1994,2499,0.102,0.02,2538.00,0.00
3.316,1659,0,27,2007,1994,2497,0.109,0.02,2535.00,0.00
3.318,1660,0,27,2008,1994,2498,0.102,0.03,2538.00,0.00
3.320,1661,0,27,2008,1995,2498,0.109,0.03,2535.00,0.00
3.322,1662,0,27,2008,1995,2498,0.109,0.02,2540.00,0.00
3.324,1663,0,27,2008,1995,2499,0.102,0.01,2532.00,0.00
3.326,1664,0,27,2009,1995,2498,0.109,0.01,2538.00,0.00
3.328,1665,0,27,2008,1995,2498,0.109,0.02,2532.00,0.00
3.330,1666,0,27,2009,1995,2498,0.102,0.02,2540.00,0.00
3.332,1667,0,27,2007,1994,2498,0.102,0.02,2534.00,0.00
3.334,1668,0,27,2008,1995,2498,0.095,0.02,2538.00,0.00
3.336,1669,0,27,2009,1995,2499,0.102,0.02,2534.00,0.00
3.338,1670,0,27,2008,1995,2498,0.102,0.02,2540.00,0.00
3.340,1671,0,27,2010,1998,2497,0.109,0.02,2538.00,0.00
3.342,1672,0,27,2009,1997,2496,0.109,0.01,2544.00,0.00
3.344,1673,0,27,2009,1996,2497,0.102,0.02,2537.00,0.00
3.346,1674,0,27,2009,1996,2497,0.109,0.02,2541.00,0.00
3.348,1675,0,27,2008,1995,2499,0.095,0.01,2534.00,0.00
3.350,1676,0,27,2010,1997,2496,0.102,0.02,2543.00,0.00
3.352,1677,0,27,2008,1994,2500,0.109,0.03,2532.00,0.00
3.354,1678,0,27,2008,1995,2498,0.109,0.01,2540.00,0.00
3.356,1679,0,27,2010,1996,2498,0.102,0.01,2535.00,0.00
3.358,1680,0,27,2009,1996,2498,0.095,0.00,2540.00,0.00
3.360,1681,0,28,2009,1995,2499,0.102,0.01,2534.00,0.00
3.362,1682,0,28,2008,1995,2500,0.102,0.02,2531.00,0.00
3.364,1683,0,28,2009,1995,2498,0.102,0.02,2531.00,0.00
3.366,1684,0,28,2009,1995,2498,0.109,0.02,2532.00,0.00
3.368,1685,0,28,2009,1994,2499,0.102,0.02,2531.00,0.00
3.370,1686,0,28,2008,1995,2499,0.102,0.02,2531.00,0.00
3.372,1687,0,28,2009,1996,2498,0.109,0.02,2532.00,0.00
3.374,1688,0,28,2009,1996,2498,0.102,0.01,2531.00,0.00
3.376,1689,0,28,2009,1996,2498,0.102,0.00,2532.00,0.00
3.378,1690,0,28,2009,1996,2499,0.095,0.02,2534.00,0.00
3.380,1691,0,28,2009,1998,2498,0.109,0.02,2534.00,0.00
3.382,1692,0,28,2009,1997,2497,0.102,0.02,2534.00,0.00
3.384,1693,0,28,2010,1996,2497,0.117,0.04,2535.00,0.00
3.386,1694,0,28,2009,1996,2499,0.102,0.03,2532.00,0.00
3.388,1695,0,28,2008,1996,2498,0.109,0.02,2532.00,0.00
3.390,1696,0,28,2008,1996,2499,0.102,0.01,2534.00,0.00
3.392,1697,0,28,2008,1996,2499,0.102,0.00,2534.00,0.00
3.394,1698,0,28,2008,1996,2499,0.109,0.01,2532.00,0.00
3.396,1699,0,28,2008,1996,2498,0.102,0.01,2532.00,0.00
3.398,1700,0,28,2007,1995,2500,0.102,0.02,2531.00,0.00
3.400,1701,0,28,2008,1996,2499,0.095,0.02,2531.00,0.00
3.402,1702,0,28,2008,1996,2499,0.102,0.02,2532.00,0.00
3.404,1703,0,28,2008,1996,2498,0.109,0.02,2532.00,0.00
3.406,1704,0,28,2008,1996,2499,0.102,0.02,2532.00,0.00
3.408,1705,0,28,2007,1995,2499,0.102,0.01,2531.00,0.00
3.410,1706,0,28,2007,1996,2499,0.102,0.01,2532.00,0.00
3.412,1707,0,28,2007,1995,2498,0.102,0.02,2532.00,0.00
3.414,1708,0,28,2006,1994,2499,0.109,0.02,2531.00,0.00
3.416,1709,0,28,2006,1995,2499,0.102,0.01,2531.00,0.00
3.418,1710,0,28,2008,1997,2498,0.102,0.02,2535.00,0.00
3.420,1711,0,28,2008,1998,2497,0.109,0.02,2535.00,0.00
3.422,1712,0,28,2009,1997,2497,0.102,0.02,2535.00,0.00
3.424,1713,0,28,2008,1997,2499,0.102,0.01,2531.00,0.00
3.426,1714,0,28,2006,1995,2500,0.109,0.01,2531.00,0.00
3.428,1715,0,28,2008,1997,2498,0.102,0.01,2534.00,0.00
3.430,1716,0,28,2008,1997,2498,0.102,0.02,2534.00,0.00
3.432,1717,0,28,2008,1996,2499,0.109,0.02,2534.00,0.00
3.434,1718,0,28,2008,1996,2498,0.109,0.03,2532.00,0.00
3.436,1719,0,28,2009,1996,2498,0.117,0.03,2531.00,0.00
3.438,1720,0,28,2008,1996,2500,0.102,0.02,2532.00,0.00
3.440,1721,0,28,2008,1996,2500,0.109,0.02,2532.00,0.00
3.442,1722,0,28,2007,1995,2499,0.109,0.01,2531.00,0.00
3.444,1723,0,28,2007,1995,2500,0.109,0.02,2531.00,0.00
3.446,1724,0,28,2008,1996,2500,0.109,0.02,2532.00,0.00
3.448,1725,0,28,2007,1995,2499,0.102,0.01,2531.00,0.00
3.450,1726,0,28,2007,1997,2498,0.102,0.02,2534.00,0.00
3.452,1727,0,28,2007,1996,2500,0.102,0.02,2532.00,0.00
3.454,1728,0,28,2006,1997,2499,0.109,0.02,2532.00,0.00
3.456,1729,0,28,2008,1998,2497,0.102,0.02,2535.00,0.00
3.458,1730,0,28,2008,1997,2499,0.102,0.01,2534.00,0.00
3.460,1731,0,28,2008,1999,2498,0.102,0.01,2535.00,0.00
3.462,1732,0,28,2008,1998,2498,0.102,0.02,2541.00,0.00
3.464,1733,0,28,2007,1997,2498,0.109,0.02,2534.00,0.00
3.466,1734,0,28,2008,1998,2498,0.109,0.02,2541.00,0.00
3.468,1735,0,28,2008,1997,2499,0.102,0.03,2535.00,0.00
3.470,1736,0,28,2007,1997,2499,0.102,0.02,2540.00,0.00
3.472,1737,0,28,2008,1997,2498,0.102,0.02,2537.00,0.00
3.474,1738,0,28,2008,1998,2499,0.102,0.01,2538.00,0.00
3.476,1739,0,28,2008,1998,2498,0.102,0.01,2535.00,0.00
3.478,1740,0,28,2008,1999,2498,0.109,0.02,2541.00,0.00
3.480,1741,0,29,2007,1996,2498,0.095,0.02,2537.00,0.00
3.482,1742,0,29,2007,1996,2498,0.087,0.01,2541.00,0.00
3.484,1743,0,29,2007,1997,2498,0.109,0.03,2537.00,0.00
3.486,1744,0,29,2007,1996,2498,0.102,0.02,2540.00,0.00
3.488,1745,0,29,2006,1997,2499,0.102,0.02,2535.00,0.00
3.490,1746,0,29,2008,1997,2498,0.109,0.02,2541.00,0.00
3.492,1747,0,29,2008,1999,2497,0.102,0.01,2538.00,0.00
3.494,1748,0,29,2008,1999,2498,0.109,0.02,2541.00,0.00
3.496,1749,0,29,2007,1998,2498,0.102,0.00,2535.00,0.00
3.498,1750,0,29,2008,1999,2498,0.109,0.02,2541.00,0.00
3.500,1751,0,29,2007,1997,2499,0.102,0.02,2535.00,0.00
3.502,1752,0,29,2007,1997,2499,0.109,0.02,2540.00,0.00
3.504,1753,0,29,2008,1997,2498,0.109,0.02,2537.00,0.00
3.506,1754,0,29,2007,1996,2501,0.102,0.02,2538.00,0.00
3.508,1755,0,29,2007,1997,2498,0.109,0.01,2535.00,0.00
3.510,1756,0,29,2008,1999,2498,0.102,0.01,2541.00,0.00
3.512,1757,0,29,2007,1996,2499,0.102,0.01,2534.00,0.00
3.514,1758,0,29,2006,1996,2500,0.109,0.02,2538.00,0.00
3.516,1759,0,29,2007,1996,2499,0.117,0.02,2534.00,0.00
3.518,1760,0,29,2007,1997,2499,0.102,0.04,2537.00,0.00
3.520,1761,0,29,2008,1997,2500,0.109,0.02,2534.00,0.00
3.522,1762,0,29,2006,1996,2499,0.095,0.01,2538.00,0.00
3.524,1763,0,29,2007,1997,2499,0.109,0.01,2535.00,0.00
3.526,1764,0,29,2007,1997,2498,0.102,0.00,2538.00,0.00
3.528,1765,0,29,2007,1997,2499,0.109,0.02,2534.00,0.00
3.530,1766,0,29,2007,1998,2498,0.109,0.02,2541.00,0.00
3.532,1767,0,29,2008,1998,2497,0.102,0.02,2537.00,0.00
3.534,1768,0,29,2007,1998,2498,0.109,0.03,2541.00,0.00
3.536,1769,0,29,2008,1998,2498,0.109,0.03,2535.00,0.00
3.538,1770,0,29,2007,1998,2499,0.102,0.02,2540.00,0.00
3.540,1771,0,29,2007,1998,2500,0.109,0.02,2534.00,0.00
3.542,1772,0,29,2008,1999,2497,0.102,0.01,2541.00,0.00
3.544,1773,0,29,2006,1997,2498,0.095,0.01,2534.00,0.00
3.546,1774,0,29,2007,1997,2499,0.102,0.02,2538.00,0.00
3.548,1775,0,29,2008,1998,2498,0.109,0.02,2537.00,0.00
3.550,1776,0,29,2007,1997,2498,0.109,0.02,2540.00,0.00
3.552,1777,0,29,2006,1997,2500,0.102,0.02,2532.00,0.00
3.554,1778,0,29,2007,1997,2499,0.109,0.02,2537.00,0.00
3.556,1779,0,29,2006,1996,2500,0.109,0.02,2532.00,0.00
3.558,1780,0,29,2007,1997,2500,0.102,0.01,2537.00,0.00
3.560,1781,0,29,2005,1995,2499,0.095,0.01,2535.00,0.00
3.562,1782,0,29,2007,1997,2499,0.102,0.02,2532.00,0.00
3.564,1783,0,29,2007,1998,2499,0.095,0.01,2532.00,0.00
3.566,1784,0,29,2007,1997,2500,0.102,0.02,2530.00,0.00
3.568,1785,0,29,2007,1997,2499,0.102,0.02,2532.00,0.00
3.570,1786,0,29,2007,1997,2500,0.087,0.00,2531.00,0.00
3.572,1787,0,29,2008,1998,2499,0.095,0.02,2534.00,0.00
3.574,1788,0,29,2008,1998,2498,0.095,0.01,2532.00,0.00
3.576,1789,0,29,2007,1997,2499,0.095,0.00,2531.00,0.00
3.578,1790,0,29,2008,1997,2499,0.095,0.02,2531.00,0.00
3.580,1791,0,29,2007,1997,2498,0.102,0.02,2532.00,0.00
3.582,1792,0,29,2009,1998,2498,0.102,0.02,2534.00,0.00
3.584,1793,0,29,2008,1997,2499,0.102,0.02,2532.00,0.00
3.586,1794,0,29,2007,1996,2500,0.087,0.01,2531.00,0.00
3.588,1795,0,29,2008,1997,2500,0.109,0.02,2532.00,0.00
3.590,1796,0,29,2008,1999,2498,0.102,0.02,2534.00,0.00
3.592,1797,0,29,2009,1998,2498,0.102,0.00,2534.00,0.00
3.594,1798,0,29,2008,1998,2497,0.102,0.02,2534.00,0.00
3.596,1799,0,29,2007,1998,2498,0.095,0.02,2532.00,0.00
3.598,1800,0,29,2005,1996,2500,0.109,0.02,2531.00,0.00
3.600,1801,0,30,2008,1998,2499,0.109,0.02,2532.00,0.00
3.602,1802,0,30,2006,1996,2499,0.087,0.02,2531.00,0.00
3.604,1803,0,30,2007,1998,2499,0.102,0.01,2532.00,0.00
3.606,1804,0,30,2006,1997,2499,0.087,0.01,2530.00,0.00
3.608,1805,0,30,2005,1996,2500,0.102,0.01,2531.00,0.00
3.610,1806,0,30,2006,1997,2500,0.109,0.02,2531.00,0.00
3.612,1807,0,30,2007,1997,2500,0.109,0.02,2531.00,0.00
3.614,1808,0,30,2007,1996,2498,0.109,0.02,2531.00,0.00
3.616,1809,0,30,2007,1997,2499,0.109,0.02,2531.00,0.00
3.618,1810,0,30,2007,1996,2499,0.109,0.03,2531.00,0.00
3.620,1811,0,30,2007,1998,2499,0.102,0.01,2532.00,0.00
3.622,1812,0,30,2007,1998,2499,0.109,0.02,2532.00,0.00
3.624,1813,0,30,2006,1997,2499,0.102,0.01,2531.00,0.00
3.626,1814,0,30,2007,1998,2499,0.109,0.00,2531.00,0.00
3.628,1815,0,30,2007,1998,2499,0.102,0.02,2532.00,0.00
3.630,1816,0,30,2007,1998,2498,0.102,0.02,2534.00,0.00
3.632,1817,0,30,2008,1999,2497,0.109,0.02,2534.00,0.00
3.634,1818,0,30,2007,1998,2499,0.102,0.02,2531.00,0.00
3.636,1819,0,30,2008,1997,2499,0.109,0.02,2531.00,0.00
3.638,1820,0,30,2009,1998,2500,0.102,0.03,2532.00,0.00
3.640,1821,0,30,2009,1997,2500,0.095,0.01,2531.00,0.00
3.642,1822,0,30,2010,1997,2499,0.102,0.00,2532.00,0.00
3.644,1823,0,30,2009,1996,2501,0.109,0.02,2530.00,0.00
3.646,1824,0,30,2010,1998,2498,0.109,0.02,2535.00,0.00
3.648,1825,0,30,2009,1998,2498,0.109,0.02,2534.00,0.00
3.650,1826,0,30,2008,1997,2498,0.095,0.02,2534.00,0.00
3.652,1827,0,30,2008,1998,2498,0.102,0.02,2534.00,0.00
3.654,1828,0,30,2008,1998,2498,0.102,0.02,2531.00,0.00
3.656,1829,0,30,2008,1997,2499,0.109,0.02,2531.00,0.00
3.658,1830,0,30,2008,1998,2499,0.102,0.00,2532.00,0.00
3.660,1831,0,30,2007,1998,2499,0.102,0.00,2532.00,0.00
3.662,1832,0,30,2006,1997,2501,0.102,0.02,2537.00,0.00
3.664,1833,0,30,2006,1997,2501,0.102,0.02,2531.00,0.00
3.666,1834,0,30,2006,1997,2500,0.109,0.02,2538.00,0.00
3.668,1835,0,30,2006,1996,2500,0.102,0.02,2532.00,0.00
3.670,1836,0,30,2006,1996,2501,0.102,0.02,2538.00,0.00
3.672,1837,0,30,2007,1996,2501,0.102,0.02,2532.00,0.00
3.674,1838,0,30,2006,1996,2498,0.102,0.01,2540.00,0.00
3.676,1839,0,30,2006,1997,2497,0.102,0.00,2534.00,0.00
3.678,1840,0,30,2006,1997,2497,0.102,0.02,2538.00,0.00
3.680,1841,0,30,2006,1998,2497,0.109,0.02,2534.00,0.00
3.682,1842,0,30,2004,1997,2498,0.109,0.02,2538.00,0.00
3.684,1843,0,30,2006,1999,2498,0.102,0.02,2534.00,0.00
3.686,1844,0,30,2005,1999,2498,0.095,0.02,2540.00,0.00
3.688,1845,0,30,2006,1999,2498,0.102,0.02,2534.00,0.00
3.690,1846,0,30,2006,1999,2499,0.102,0.01,2540.00,0.00
3.692,1847,0,30,2005,1998,2499,0.102,0.00,2534.00,0.00
3.694,1848,0,30,2004,1997,2499,0.095,0.01,2538.00,0.00
3.696,1849,0,30,2004,1997,2499,0.095,0.02,2535.00,0.00
3.698,1850,0,30,2005,1998,2500,0.095,0.01,2538.00,0.00
3.700,1851,0,30,2006,1997,2499,0.102,0.02,2534.00,0.00
3.702,1852,0,30,2006,1998,2499,0.095,0.03,2538.00,0.00
3.704,1853,0,30,2007,1997,2499,0.095,0.02,2532.00,0.00
3.706,1854,0,30,2008,1998,2497,0.102,0.02,2541.00,0.00
3.708,1855,0,30,2007,1997,2498,0.102,0.01,2535.00,0.00
3.710,1856,0,30,2007,1997,2499,0.102,0.01,2538.00,0.00
3.712,1857,0,30,2008,1999,2499,0.109,0.02,2537.00,0.00
3.714,1858,0,30,2007,1997,2500,0.102,0.01,2538.00,0.00
3.716,1859,0,30,2007,1997,2499,0.102,0.02,2534.00,0.00
3.718,1860,0,30,2009,1997,2500,0.102,0.02,2538.00,0.00
3.720,1861,0,31,2010,1998,2499,0.109,0.02,2534.00,0.00
3.722,1862,0,31,2008,1996,2501,0.102,0.02,2535.00,0.00
3.724,1863,0,31,2008,1997,2500,0.102,0.02,2531.00,0.00
3.726,1864,0,31,2009,1996,2500,0.102,0.01,2538.00,0.00
3.728,1865,0,31,2008,1997,2501,0.102,0.02,2532.00,0.00
3.730,1866,0,31,2009,1997,2499,0.102,0.01,2537.00,0.00
3.732,1867,0,31,2007,1996,2499,0.102,0.02,2532.00,0.00
3.734,1868,0,31,2008,1997,2499,0.102,0.02,2538.00,0.00
3.736,1869,0,31,2008,1998,2498,0.095,0.02,2532.00,0.00
3.738,1870,0,31,2008,1999,2499,0.109,0.02,2540.00,0.00
3.740,1871,0,31,2007,1997,2499,0.095,0.01,2532.00,0.00
3.742,1872,0,31,2005,1996,2500,0.102,0.02,2538.00,0.00
3.744,1873,0,31,2005,1997,2500,0.102,0.02,2532.00,0.00
3.746,1874,0,31,2005,1997,2499,0.095,0.01,2537.00,0.00
3.748,1875,0,31,2004,1996,2500,0.102,0.02,2532.00,0.00
3.750,1876,0,31,2006,1997,2499,0.102,0.02,2537.00,0.00
3.752,1877,0,31,2004,1997,2500,0.087,0.02,2532.00,0.00
3.754,1878,0,31,2005,1997,2500,0.102,0.02,2537.00,0.00
3.756,1879,0,31,2004,1997,2500,0.095,0.02,2531.00,0.00
3.758,1880,0,31,2005,1999,2498,0.102,0.01,2540.00,0.00
3.760,1881,0,31,2005,1998,2496,0.102,0.01,2537.00,0.00
3.762,1882,0,31,2004,1997,2498,0.087,0.02,2532.00,0.00
3.764,1883,0,31,2004,1997,2497,0.095,0.02,2532.00,0.00
3.766,1884,0,31,2005,1998,2498,0.095,0.02,2532.00,0.00
3.768,1885,0,31,2005,1998,2499,0.102,0.02,2531.00,0.00
3.770,1886,0,31,2004,1997,2499,0.109,0.02,2532.00,0.00
3.772,1887,0,31,2006,1999,2498,0.095,0.02,2534.00,0.00
3.774,1888,0,31,2004,1998,2499,0.109,0.01,2534.00,0.00
3.776,1889,0,31,2005,1998,2499,0.102,0.00,2532.00,0.00
3.778,1890,0,31,2005,1997,2500,0.102,0.01,2531.00,0.00
3.780,1891,0,31,2006,2000,2498,0.109,0.02,2534.00,0.00
3.782,1892,0,31,2006,1999,2499,0.102,0.02,2534.00,0.00
3.784,1893,0,31,2007,1998,2498,0.102,0.04,2532.00,0.00
3.786,1894,0,31,2006,1998,2499,0.102,0.02,2531.00,0.00
3.788,1895,0,31,2005,1997,2500,0.109,0.02,2530.00,0.00
3.790,1896,0,31,2007,1998,2499,0.102,0.01,2531.00,0.00
3.792,1897,0,31,2006,1998,2499,0.102,0.00,2532.00,0.00
3.794,1898,0,31,2006,1998,2498,0.095,0.01,2532.00,0.00
3.796,1899,0,31,2007,1997,2499,0.109,0.01,2532.00,0.00
3.798,1900,0,31,2006,1997,2500,0.102,0.02,2531.00,0.00
3.800,1901,0,31,2007,1998,2500,0.102,0.02,2530.00,0.00
3.802,1902,0,31,2008,1998,2501,0.102,0.03,2531.00,0.00
3.804,1903,0,31,2008,1998,2500,0.102,0.02,2531.00,0.00
3.806,1904,0,31,2008,1998,2501,0.102,0.02,2531.00,0.00
3.808,1905,0,31,2007,1996,2500,0.102,0.01,2530.00,0.00
3.810,1906,0,31,2006,1997,2499,0.095,0.00,2532.00,0.00
3.812,1907,0,31,2007,1997,2499,0.109,0.01,2531.00,0.00
3.814,1908,0,31,2007,1998,2499,0.109,0.02,2532.00,0.00
3.816,1909,0,31,2007,1998,2499,0.109,0.02,2531.00,0.00
3.818,1910,0,31,2007,1999,2499,0.102,0.03,2532.00,0.00
3.820,1911,0,31,2008,2000,2497,0.102,0.02,2535.00,0.00
3.822,1912,0,31,2007,2000,2499,0.109,0.02,2534.00,0.00
3.824,1913,0,31,2005,1998,2500,0.095,0.00,2531.00,0.00
3.826,1914,0,31,2006,1999,2499,0.109,0.01,2532.00,0.00
3.828,1915,0,31,2004,1997,2500,0.109,0.02,2531.00,0.00
3.830,1916,0,31,2006,1998,2499,0.102,0.02,2530.00,0.00
3.832,1917,0,31,2006,1999,2500,0.102,0.02,2530.00,0.00
3.834,1918,0,31,2006,1999,2499,0.102,0.02,2532.00,0.00
3.836,1919,0,31,2005,1999,2499,0.095,0.02,2531.00,0.00
3.838,1920,0,31,2005,1999,2500,0.109,0.02,2531.00,0.00
3.840,1921,0,32,2005,1999,2500,0.102,0.02,2531.00,0.00
3.842,1922,0,32,2006,2000,2500,0.095,0.01,2531.00,0.00
3.844,1923,0,32,2005,2000,2500,0.109,0.02,2530.00,0.00
3.846,1924,0,32,2006,2002,2499,0.109,0.02,2532.00,0.00
3.848,1925,0,32,2006,2002,2499,0.095,0.02,2531.00,0.00
3.850,1926,0,32,2006,2002,2499,0.102,0.02,2532.00,0.00
3.852,1927,0,32,2005,2003,2500,0.095,0.02,2531.00,0.00
3.854,1928,0,32,2006,2004,2499,0.095,0.01,2532.00,0.00
3.856,1929,0,32,2007,2004,2499,0.102,0.02,2532.00,0.00
3.858,1930,0,32,2007,2006,2498,0.095,0.01,2534.00,0.00
3.860,1931,0,32,2007,2004,2498,0.109,0.00,2534.00,0.00
3.862,1932,0,32,2007,2005,2498,0.102,0.02,2540.00,0.00
3.864,1933,0,32,2008,2005,2499,0.095,0.02,2534.00,0.00
3.866,1934,0,32,2007,2003,2499,0.087,0.01,2538.00,0.00
3.868,1935,0,32,2006,2001,2499,0.087,0.02,2534.00,0.00
3.870,1936,0,32,2007,2002,2500,0.095,0.02,2538.00,0.00
3.872,1937,0,32,2007,2001,2500,0.095,0.01,2534.00,0.00
3.874,1938,0,32,2007,2002,2499,0.087,0.01,2538.00,0.00
3.876,1939,0,32,2007,2000,2499,0.095,0.01,2534.00,0.00
3.878,1940,0,32,2007,2000,2499,0.095,0.02,2538.00,0.00
3.880,1941,0,32,2008,2000,2499,0.102,0.02,2534.00,0.00
3.882,1942,0,32,2007,1998,2500,0.087,0.02,2538.00,0.00
3.884,1943,0,32,2007,1997,2499,0.102,0.02,2534.00,0.00
3.886,1944,0,32,2010,1998,2498,0.095,0.02,2540.00,0.00
3.888,1945,0,32,2009,1997,2500,0.102,0.02,2532.00,0.00
3.890,1946,0,32,2008,1996,2499,0.102,0.01,2540.00,0.00
3.892,1947,0,32,2010,1996,2500,0.095,0.00,2534.00,0.00
3.894,1948,0,32,2010,1996,2499,0.109,0.02,2540.00,0.00
3.896,1949,0,32,2010,1996,2499,0.087,0.01,2538.00,0.00
3.898,1950,0,32,2010,1995,2499,0.095,0.01,2556.00,0.00
3.900,1951,0,32,2009,1994,2500,0.095,0.02,2564.00,0.00
3.902,1952,0,32,2010,1996,2498,0.102,0.02,2583.00,0.00
3.904,1953,0,32,2010,1997,2498,0.102,0.01,2589.00,0.00
3.906,1954,0,32,2010,1997,2498,0.095,0.01,2604.00,0.00
3.908,1955,0,32,2011,1998,2499,0.102,0.00,2609.00,0.00
3.910,1956,0,32,2010,1997,2499,0.102,0.01,2627.00,0.00
3.912,1957,0,32,2011,1998,2499,0.095,0.01,2637.00,0.00
3.914,1958,0,32,2010,1998,2499,0.102,0.02,2653.00,0.00
3.916,1959,0,32,2010,1999,2498,0.102,0.02,2666.00,0.00
3.918,1960,0,32,2009,1998,2499,0.102,0.04,2688.00,0.00
3.920,1961,0,32,2008,1997,2500,0.095,0.02,2702.00,0.00
3.922,1962,0,32,2009,1999,2499,0.102,0.01,2730.00,0.00
3.924,1963,0,32,2008,1998,2499,0.102,0.01,2741.00,0.00
3.926,1964,0,32,2008,1999,2497,0.109,0.01,2765.00,0.00
3.928,1965,0,32,2009,1999,2499,0.102,0.02,2776.00,0.00
3.930,1966,0,32,2007,1997,2498,0.095,0.01,2802.00,0.00
3.932,1967,0,32,2006,1997,2498,0.102,0.02,2817.00,0.00
3.934,1968,0,32,2006,1996,2500,0.102,0.02,2850.00,0.00
3.936,1969,0,32,2006,1996,2500,0.102,0.02,2878.00,0.00
3.938,1970,0,32,2008,1998,2498,0.109,0.02,2913.00,0.00
3.940,1971,0,32,2006,1997,2500,0.102,0.02,2937.00,0.00
3.942,1972,0,32,2006,1997,2499,0.102,0.01,2969.00,0.00
3.944,1973,0,32,2008,1998,2499,0.102,0.02,2998.00,0.00
3.946,1974,0,32,2006,1998,2498,0.095,0.02,3032.00,0.00
3.948,1975,0,32,2008,1999,2497,0.102,0.01,3068.00,0.00
3.950,1976,0,32,2008,1998,2498,0.102,0.02,3103.00,0.00
3.952,1977,0,32,2007,1998,2497,0.102,0.04,3137.00,0.00
3.954,1978,0,32,2007,1998,2498,0.095,0.01,3171.00,0.00
3.956,1979,0,32,2007,1998,2497,0.102,0.02,3203.00,0.00
3.958,1980,0,32,2008,1998,2497,0.095,0.01,3238.00,0.00
3.960,1981,0,33,2009,1999,2497,0.109,0.01,3272.00,0.00
3.962,1982,0,33,2008,1997,2499,0.095,0.02,3304.00,0.00
3.964,1983,0,33,2008,1998,2498,0.109,0.01,3342.00,0.00
3.966,1984,0,33,2008,1997,2499,0.095,0.01,3381.00,0.00
3.968,1985,0,33,2008,1997,2499,0.102,0.02,3420.00,0.00
3.970,1986,0,33,2008,1997,2499,0.102,0.02,3460.00,0.00
3.972,1987,0,33,2008,1998,2499,0.087,0.02,3500.00,0.00
3.974,1988,0,33,2008,1997,2498,0.102,0.01,3545.00,0.00
3.976,1989,0,33,2008,1998,2499,0.109,0.01,3583.00,0.00
3.978,1990,0,33,2007,1997,2499,0.109,0.02,3624.00,0.00
3.980,1991,0,33,2007,1997,2498,0.102,0.01,3670.00,0.00
3.982,1992,0,33,2007,1996,2499,0.102,0.01,3714.00,0.00
3.984,1993,0,33,2007,1997,2499,0.102,0.02,3758.00,0.00
3.986,1994,0,33,2008,1998,2498,0.109,0.02,3805.00,0.00
3.988,1995,0,33,2008,1997,2500,0.102,0.02,3850.00,0.00
3.990,1996,0,33,2008,1998,2499,0.109,0.02,3895.00,0.00
3.992,1997,0,33,2008,1998,2500,0.102,0.00,3937.00,0.00
3.994,1998,0,33,2007,1996,2499,0.102,0.02,3978.00,0.00
3.996,1999,0,33,2007,1997,2498,0.109,0.02,4020.00,0.00
3.998,2000,0,33,2007,1996,2499,0.102,0.02,4059.00,0.00
4.000,2001,0,33,2007,1997,2499,0.102,0.02,4099.00,0.00
4.002,2002,0,33,2007,1996,2499,0.095,0.02,4137.00,0.00
4.004,2003,0,33,2007,1997,2498,0.102,0.01,4172.00,0.00
4.006,2004,0,33,2007,1996,2499,0.102,0.01,4208.00,0.00
4.008,2005,0,33,2009,1999,2499,0.117,0.02,4245.00,0.00
4.010,2006,0,33,2007,1998,2497,0.102,0.01,4282.00,0.00
4.012,2007,0,33,2008,1998,2496,0.109,0.02,4317.00,0.00
4.014,2008,0,33,2007,1996,2498,0.102,0.01,4346.00,0.00
4.016,2009,0,33,2007,1996,2498,0.109,0.01,4377.00,0.00
4.018,2010,0,33,2008,1997,2497,0.102,0.03,4409.00,0.00
4.020,2011,0,33,2007,1996,2499,0.102,0.01,4436.00,0.00
4.022,2012,0,33,2009,1997,2498,0.109,0.02,4468.00,0.00
4.024,2013,0,33,2008,1997,2499,0.102,0.00,4496.00,0.00
4.026,2014,0,33,2007,1995,2499,0.102,0.01,4519.00,0.00
4.028,2015,0,33,2008,1997,2498,0.109,0.02,4545.00,0.00
4.030,2016,0,33,2007,1996,2499,0.102,0.02,4567.00,0.00
4.032,2017,0,33,2007,1996,2499,0.109,0.02,4593.00,0.00
4.034,2018,0,33,2007,1996,2499,0.095,0.01,4613.00,0.00
4.036,2019,0,33,2007,1995,2499,0.095,0.02,4639.00,0.00
4.038,2020,0,33,2007,1996,2498,0.102,0.01,4658.00,0.00
4.040,2021,0,33,2008,1997,2498,0.087,0.00,4677.00,0.00
4.042,2022,0,33,2008,1997,2498,0.102,0.01,4693.00,0.00
4.044,2023,0,33,2008,1997,2497,0.102,0.02,4707.00,0.00
4.046,2024,0,33,2008,1997,2497,0.102,0.01,4718.00,0.00
4.048,2025,0,33,2008,1998,2497,0.095,0.02,4723.00,0.00
4.050,2026,0,33,2008,1998,2497,0.102,0.02,4728.00,0.00
4.052,2027,0,33,2007,1996,2498,0.095,0.02,4728.00,0.00
4.054,2028,0,33,2006,1996,2499,0.109,0.02,4728.00,0.00
4.056,2029,0,33,2007,1997,2499,0.109,0.02,4725.00,0.00
4.058,2030,0,33,2007,1997,2498,0.102,0.00,4715.00,0.00
4.060,2031,0,33,2007,1998,2496,0.095,0.00,4710.00,0.00
4.062,2032,0,33,2007,1997,2499,0.102,0.02,4691.00,0.00
4.064,2033,0,33,2006,1997,2499,0.109,0.02,4676.00,0.00
4.066,2034,0,33,2006,1998,2498,0.109,0.02,4657.00,0.00
4.068,2035,0,33,2006,1997,2499,0.095,0.02,4633.00,0.00
4.070,2036,0,33,2006,1997,2499,0.102,0.02,4603.00,0.00
4.072,2037,0,33,2006,1997,2500,0.102,0.01,4571.00,0.00
4.074,2038,0,33,2006,1998,2498,0.109,0.00,4538.00,0.00
4.076,2039,0,33,2007,1999,2498,0.095,0.01,4501.00,0.00
4.078,2040,0,33,2006,1997,2498,0.102,0.02,4465.00,0.00
4.080,2041,0,34,2006,1997,2498,0.102,0.01,4423.00,0.00
4.082,2042,0,34,2007,1999,2497,0.102,0.02,4385.00,0.00
4.084,2043,0,34,2007,1999,2498,0.102,0.02,4337.00,0.00
4.086,2044,0,34,2008,1999,2498,0.109,0.02,4290.00,0.00
4.088,2045,0,34,2007,1999,2498,0.102,0.02,4237.00,0.00
4.090,2046,0,34,2007,1999,2500,0.087,0.01,4182.00,0.00
4.092,2047,0,34,2007,1999,2499,0.102,0.00,4127.00,0.00
4.094,2048,0,34,2007,1999,2500,0.095,0.01,4069.00,0.00
4.096,2049,0,34,2006,1999,2499,0.095,0.01,4010.00,0.00
4.098,2050,0,34,2007,2000,2499,0.095,0.02,3953.00,0.00
4.100,2051,0,34,2007,1999,2500,0.102,0.02,3891.00,0.00
4.102,2052,0,34,2007,1999,2500,0.087,0.02,3837.00,0.00
4.104,2053,0,34,2007,1999,2500,0.087,0.01,3777.00,0.00
4.106,2054,0,34,2007,1999,2500,0.095,0.02,3721.00,0.00
4.108,2055,0,34,2007,1999,2499,0.087,0.01,3657.00,0.00
4.110,2056,0,34,2008,2000,2499,0.095,0.01,3597.00,0.00
4.112,2057,0,34,2006,1998,2501,0.109,0.02,3529.00,0.00
4.114,2058,0,34,2007,2000,2499,0.102,0.01,3474.00,0.00
4.116,2059,0,34,2006,1999,2500,0.102,0.02,3406.00,0.00
4.118,2060,0,34,2006,1999,2500,0.102,0.02,3345.00,0.00
4.120,2061,0,34,2007,1999,2499,0.102,0.01,3281.00,0.00
4.122,2062,0,34,2007,1999,2502,0.109,0.02,3225.00,0.00
4.124,2063,0,34,2007,2000,2500,0.102,0.01,3165.00,0.00
4.126,2064,0,34,2007,1999,2500,0.102,0.00,3117.00,0.00
4.128,2065,0,34,2006,1998,2500,0.102,0.02,3059.00,0.00
4.130,2066,0,34,2006,1999,2499,0.109,0.02,3017.00,0.00
4.132,2067,0,34,2007,1999,2499,0.102,0.02,2963.00,0.00
4.134,2068,0,34,2007,1998,2499,0.109,0.02,2921.00,0.00
4.136,2069,0,34,2007,1999,2499,0.102,0.02,2873.00,0.00
4.138,2070,0,34,2007,2000,2498,0.102,0.02,2836.00,0.00
4.140,2071,0,34,2007,2000,2498,0.109,0.02,2792.00,0.00
4.142,2072,0,34,2008,2000,2498,0.102,0.00,2754.00,0.00
4.144,2073,0,34,2007,1999,2497,0.102,0.01,2709.00,0.00
4.146,2074,0,34,2008,2001,2497,0.102,0.02,2678.00,0.00
4.148,2075,0,34,2007,1999,2499,0.102,0.02,2635.00,0.00
4.150,2076,0,34,2007,2000,2498,0.102,0.02,2611.00,0.00
4.152,2077,0,34,2007,1999,2499,0.102,0.02,2574.00,0.00
4.154,2078,0,34,2007,1998,2500,0.095,0.02,2554.00,0.00
4.156,2079,0,34,2007,1998,2498,0.095,0.01,2544.00,0.00
4.158,2080,0,34,2008,1999,2498,0.102,0.01,2544.00,0.00
4.160,2081,0,34,2008,1998,2498,0.095,0.00,2540.00,0.00
4.162,2082,0,34,2008,1998,2498,0.109,0.02,2537.00,0.00
4.164,2083,0,34,2008,1998,2499,0.102,0.02,2535.00,0.00
4.166,2084,0,34,2007,1997,2499,0.087,0.02,2534.00,0.00
4.168,2085,0,34,2008,1997,2499,0.109,0.02,2534.00,0.00
4.170,2086,0,34,2009,1998,2499,0.102,0.02,2534.00,0.00
4.172,2087,0,34,2010,1998,2498,0.102,0.02,2535.00,0.00
4.174,2088,0,34,2009,1998,2499,0.102,0.00,2534.00,0.00
4.176,2089,0,34,2008,1997,2499,0.095,0.01,2531.00,0.00
4.178,2090,0,34,2010,1999,2496,0.109,0.02,2537.00,0.00
4.180,2091,0,34,2008,1998,2498,0.102,0.01,2535.00,0.00
4.182,2092,0,34,2009,1998,2497,0.095,0.02,2535.00,0.00
4.184,2093,0,34,2009,1999,2499,0.095,0.02,2535.00,0.00
4.186,2094,0,34,2008,1997,2498,0.102,0.02,2534.00,0.00
4.188,2095,0,34,2008,1996,2499,0.102,0.02,2534.00,0.00
4.190,2096,0,34,2008,1997,2498,0.095,0.00,2534.00,0.00
4.192,2097,0,34,2009,1998,2497,0.109,0.00,2535.00,0.00
4.194,2098,0,34,2009,1998,2497,0.109,0.01,2534.00,0.00
4.196,2099,0,34,2008,1997,2498,0.102,0.01,2534.00,0.00
4.198,2100,0,34,2007,1996,2499,0.102,0.01,2531.00,0.00
4.200,2101,0,35,2007,1997,2499,0.095,0.01,2532.00,0.00
4.202,2102,0,35,2008,1997,2499,0.102,0.02,2532.00,0.00
4.204,2103,0,35,2008,1997,2498,0.109,0.02,2531.00,0.00
4.206,2104,0,35,2007,1996,2500,0.102,0.02,2532.00,0.00
4.208,2105,0,35,2008,1996,2499,0.102,0.00,2531.00,0.00
4.210,2106,0,35,2008,1998,2498,0.109,0.01,2532.00,0.00
4.212,2107,0,35,2007,1996,2498,0.087,0.02,2532.00,0.00
4.214,2108,0,35,2007,1997,2498,0.095,0.02,2531.00,0.00
4.216,2109,0,35,2008,1997,2498,0.109,0.02,2532.00,0.00
4.218,2110,0,35,2009,1999,2497,0.102,0.03,2535.00,0.00
4.220,2111,0,35,2008,1998,2497,0.102,0.02,2535.00,0.00
4.222,2112,0,35,2008,1999,2497,0.102,0.02,2534.00,0.00
4.224,2113,0,35,2007,1996,2498,0.080,0.00,2534.00,0.00
4.226,2114,0,35,2008,1997,2498,0.095,0.00,2534.00,0.00
4.228,2115,0,35,2008,1996,2499,0.109,0.02,2532.00,0.00
4.230,2116,0,35,2008,1997,2498,0.095,0.01,2535.00,0.00
4.232,2117,0,35,2009,1997,2498,0.102,0.01,2534.00,0.00
4.234,2118,0,35,2009,1997,2497,0.102,0.02,2534.00,0.00
4.236,2119,0,35,2010,1996,2499,0.109,0.02,2534.00,0.00
4.238,2120,0,35,2010,1997,2499,0.102,0.02,2538.00,0.00
4.240,2121,0,35,2010,1997,2499,0.102,0.02,2550.00,0.00
4.242,2122,0,35,2011,1997,2499,0.109,0.01,2567.00,0.00
4.244,2123,0,35,2010,1997,2499,0.102,0.01,2580.00,0.00
4.246,2124,0,35,2010,1996,2500,0.102,0.02,2596.00,0.00
4.248,2125,0,35,2009,1996,2499,0.109,0.02,2614.00,0.00
4.250,2126,0,35,2011,1998,2498,0.102,0.03,2638.00,0.00
4.252,2127,0,35,2011,1996,2499,0.102,0.02,2659.00,0.00
4.254,2128,0,35,2012,1998,2498,0.102,0.02,2682.00,0.00
4.256,2129,0,35,2012,1999,2498,0.109,0.02,2705.00,0.00
4.258,2130,0,35,2013,1999,2497,0.109,0.02,2728.00,0.00
4.260,2131,0,35,2011,1998,2497,0.095,0.00,2747.00,0.00
4.262,2132,0,35,2011,1999,2497,0.095,0.02,2773.00,0.00
4.264,2133,0,35,2009,1996,2500,0.102,0.02,2786.00,0.00
4.266,2134,0,35,2010,1997,2498,0.102,0.02,2810.00,0.00
4.268,2135,0,35,2009,1997,2499,0.102,0.03,2828.00,0.00
4.270,2136,0,35,2009,1997,2498,0.095,0.02,2853.00,0.00
4.272,2137,0,35,2009,1999,2497,0.095,0.02,2875.00,0.00
4.274,2138,0,35,2009,1998,2498,0.109,0.02,2904.00,0.00
4.276,2139,0,35,2009,1998,2498,0.109,0.01,2923.00,0.00
4.278,2140,0,35,2008,1998,2499,0.102,0.02,2950.00,0.00
4.280,2141,0,35,2007,1997,2497,0.102,0.02,2972.00,0.00
4.282,2142,0,35,2007,1998,2499,0.102,0.02,2998.00,0.00
4.284,2143,0,35,2008,1999,2496,0.117,0.03,3026.00,0.00
4.286,2144,0,35,2007,1998,2499,0.109,0.02,3052.00,0.00
4.288,2145,0,35,2007,1998,2498,0.102,0.02,3079.00,0.00
4.290,2146,0,35,2007,1998,2498,0.102,0.01,3113.00,0.00
4.292,2147,0,35,2006,1997,2498,0.095,0.00,3136.00,0.00
4.294,2148,0,35,2007,1998,2498,0.102,0.01,3172.00,0.00
4.296,2149,0,35,2006,1998,2499,0.109,0.02,3198.00,0.00
4.298,2150,0,35,2007,1999,2497,0.109,0.02,3238.00,0.00
4.300,2151,0,35,2006,1998,2501,0.095,0.02,3264.00,0.00
4.302,2152,0,35,2008,1999,2497,0.102,0.02,3307.00,0.00
4.304,2153,0,35,2007,1998,2499,0.109,0.02,3339.00,0.00
4.306,2154,0,35,2006,1999,2499,0.109,0.01,3383.00,0.00
4.308,2155,0,35,2007,1999,2498,0.109,0.00,3422.00,0.00
4.310,2156,0,35,2006,1996,2500,0.095,0.00,3465.00,0.00
4.312,2157,0,35,2006,1997,2500,0.109,0.02,3507.00,0.00
4.314,2158,0,35,2006,1997,2500,0.102,0.02,3554.00,0.00
4.316,2159,0,35,2008,1999,2498,0.117,0.02,3599.00,0.00
4.318,2160,0,35,2006,1997,2500,0.095,0.02,3644.00,0.00
4.320,2161,0,36,2006,1996,2500,0.102,0.02,3687.00,0.00
4.322,2162,0,36,2008,1999,2499,0.109,0.02,3735.00,0.00
4.324,2163,0,36,2006,1997,2499,0.109,0.00,3776.00,0.00
4.326,2164,0,36,2006,1998,2499,0.095,0.00,3822.00,0.00
4.328,2165,0,36,2006,1997,2499,0.109,0.02,3863.00,0.00
4.330,2166,0,36,2007,1999,2498,0.102,0.01,3908.00,0.00
4.332,2167,0,36,2006,1999,2497,0.109,0.02,3947.00,0.00
4.334,2168,0,36,2007,1999,2498,0.109,0.02,3985.00,0.00
4.336,2169,0,36,2007,1999,2498,0.102,0.02,4021.00,0.00
4.338,2170,0,36,2004,1997,2500,0.095,0.02,4056.00,0.00
4.340,2171,0,36,2006,1999,2498,0.095,0.01,4092.00,0.00
4.342,2172,0,36,2005,1997,2500,0.095,0.00,4126.00,0.00
4.344,2173,0,36,2007,1998,2498,0.109,0.02,4160.00,0.00
4.346,2174,0,36,2006,1997,2498,0.095,0.01,4191.00,0.00
4.348,2175,0,36,2008,1999,2497,0.102,0.02,4220.00,0.00
4.350,2176,0,36,2007,1998,2497,0.095,0.02,4247.00,0.00
4.352,2177,0,36,2008,2000,2497,0.095,0.02,4272.00,0.00
4.354,2178,0,36,2009,2000,2497,0.102,0.02,4298.00,0.00
4.356,2179,0,36,2008,1999,2497,0.102,0.01,4319.00,0.00
4.358,2180,0,36,2007,1998,2499,0.095,0.00,4336.00,0.00
4.360,2181,0,36,2007,1997,2499,0.117,0.01,4355.00,0.00
4.362,2182,0,36,2008,1997,2499,0.109,0.02,4368.00,0.00
4.364,2183,0,36,2007,1997,2499,0.102,0.01,4380.00,0.00
4.366,2184,0,36,2009,1998,2499,0.109,0.02,4391.00,0.00
4.368,2185,0,36,2007,1998,2499,0.095,0.02,4393.00,0.00
4.370,2186,0,36,2009,1999,2498,0.102,0.02,4400.00,0.00
4.372,2187,0,36,2009,1999,2498,0.095,0.02,4400.00,0.00
4.374,2188,0,36,2009,1999,2498,0.109,0.02,4397.00,0.00
4.376,2189,0,36,2008,1998,2499,0.109,0.01,4388.00,0.00
4.378,2190,0,36,2007,1997,2499,0.102,0.01,4375.00,0.00
4.380,2191,0,36,2006,1998,2500,0.087,0.01,4362.00,0.00
4.382,2192,0,36,2009,1999,2499,0.109,0.01,4346.00,0.00
4.384,2193,0,36,2006,1998,2498,0.095,0.02,4326.00,0.00
4.386,2194,0,36,2007,1999,2499,0.109,0.02,4301.00,0.00
4.388,2195,0,36,2007,1999,2499,0.109,0.02,4274.00,0.00
4.390,2196,0,36,2005,1998,2501,0.102,0.02,4242.00,0.00
4.392,2197,0,36,2006,1999,2500,0.109,0.01,4208.00,0.00
4.394,2198,0,36,2004,1998,2499,0.095,0.01,4172.00,0.00
4.396,2199,0,36,2005,1999,2500,0.109,0.02,4133.00,0.00
4.398,2200,0,36,2005,1998,2499,0.102,0.02,4092.00,0.00
4.400,2201,0,36,2006,1999,2498,0.102,0.02,4049.00,0.00
4.402,2202,0,36,2006,1999,2499,0.109,0.03,4001.00,0.00
4.404,2203,0,36,2005,1999,2499,0.095,0.01,3949.00,0.00
4.406,2204,0,36,2006,2000,2498,0.109,0.02,3899.00,0.00
4.408,2205,0,36,2005,2000,2498,0.095,0.01,3848.00,0.00
4.410,2206,0,36,2006,2001,2498,0.102,0.02,3793.00,0.00
4.412,2207,0,36,2005,1999,2498,0.102,0.02,3734.00,0.00
4.414,2208,0,36,2005,2000,2498,0.102,0.02,3673.00,0.00
4.416,2209,0,36,2005,1998,2499,0.102,0.02,3612.00,0.00
4.418,2210,0,36,2005,2000,2498,0.109,0.02,3550.00,0.00
4.420,2211,0,36,2005,1999,2498,0.095,0.02,3487.00,0.00
4.422,2212,0,36,2006,2000,2499,0.095,0.01,3419.00,0.00
4.424,2213,0,36,2005,1999,2501,0.095,0.00,3352.00,0.00
4.426,2214,0,36,2006,2000,2500,0.102,0.00,3284.00,0.00
4.428,2215,0,36,2007,2000,2499,0.102,0.02,3216.00,0.00
4.430,2216,0,36,2007,2001,2499,0.109,0.02,3145.00,0.00
4.432,2217,0,36,2007,2001,2499,0.102,0.02,3074.00,0.00
4.434,2218,0,36,2006,2000,2500,0.117,0.02,3000.00,0.00
4.436,2219,0,36,2007,2000,2499,0.109,0.02,2929.00,0.00
4.438,2220,0,36,2007,2000,2500,0.102,0.02,2859.00,0.00
4.440,2221,0,37,2006,1999,2500,0.102,0.01,2789.00,0.00
4.442,2222,0,37,2007,2000,2499,0.109,0.00,2721.00,0.00
4.444,2223,0,37,2005,1999,2501,0.102,0.02,2651.00,0.00
4.446,2224,0,37,2007,2001,2499,0.109,0.02,2590.00,0.00
4.448,2225,0,37,2007,2001,2498,0.109,0.02,2557.00,0.00
4.450,2226,0,37,2006,2000,2499,0.102,0.02,2543.00,0.00
4.452,2227,0,37,2006,2000,2499,0.102,0.02,2538.00,0.00
4.454,2228,0,37,2004,1999,2502,0.102,0.02,2532.00,0.00
4.456,2229,0,37,2004,1998,2500,0.109,0.03,2534.00,0.00
4.458,2230,0,37,2006,2000,2500,0.102,0.00,2534.00,0.00
4.460,2231,0,37,2005,1998,2500,0.095,0.01,2532.00,0.00
4.462,2232,0,37,2006,2000,2499,0.102,0.01,2540.00,0.00
4.464,2233,0,37,2006,2001,2499,0.109,0.02,2537.00,0.00
4.466,2234,0,37,2004,1999,2500,0.109,0.02,2538.00,0.00
4.468,2235,0,37,2005,2000,2501,0.109,0.03,2532.00,0.00
4.470,2236,0,37,2003,1998,2501,0.102,0.02,2537.00,0.00
4.472,2237,0,37,2004,1999,2501,0.095,0.02,2532.00,0.00
4.474,2238,0,37,2005,1999,2499,0.102,0.01,2540.00,0.00
4.476,2239,0,37,2004,1998,2499,0.095,0.01,2535.00,0.00
4.478,2240,0,37,2006,2000,2496,0.095,0.01,2541.00,0.00
4.480,2241,0,37,2006,2000,2497,0.109,0.02,2535.00,0.00
4.482,2242,0,37,2005,1997,2499,0.102,0.01,2538.00,0.00
4.484,2243,0,37,2006,1998,2499,0.102,0.02,2534.00,0.00
4.486,2244,0,37,2006,1997,2499,0.095,0.02,2538.00,0.00
4.488,2245,0,37,2007,1998,2499,0.102,0.02,2532.00,0.00
4.490,2246,0,37,2007,1998,2500,0.102,0.02,2538.00,0.00
4.492,2247,0,37,2006,1996,2500,0.095,0.00,2531.00,0.00
4.494,2248,0,37,2008,1999,2497,0.102,0.01,2541.00,0.00
4.496,2249,0,37,2008,1999,2498,0.109,0.02,2537.00,0.00
4.498,2250,0,37,2008,1997,2500,0.102,0.02,2538.00,0.00
4.500,2251,0,37,2010,2000,2498,0.117,0.03,2537.00,0.00
4.502,2252,0,37,2010,1999,2497,0.109,0.02,2543.00,0.00
4.504,2253,0,37,2009,1999,2499,0.117,0.03,2535.00,0.00
4.506,2254,0,37,2010,1999,2497,0.109,0.02,2541.00,0.00
4.508,2255,0,37,2010,1998,2497,0.102,0.02,2535.00,0.00
4.510,2256,0,37,2011,1999,2497,0.102,0.01,2540.00,0.00
4.512,2257,0,37,2010,1999,2496,0.109,0.02,2537.00,0.00
4.514,2258,0,37,2009,1996,2497,0.102,0.01,2538.00,0.00
4.516,2259,0,37,2010,1997,2497,0.109,0.02,2535.00,0.00
4.518,2260,0,37,2010,1999,2497,0.102,0.03,2541.00,0.00
4.520,2261,0,37,2008,1997,2499,0.109,0.02,2532.00,0.00
4.522,2262,0,37,2009,1997,2499,0.109,0.02,2537.00,0.00
4.524,2263,0,37,2008,1997,2500,0.109,0.02,2532.00,0.00
4.526,2264,0,37,2008,1998,2499,0.102,0.01,2538.00,0.00
4.528,2265,0,37,2008,1998,2499,0.109,0.02,2534.00,0.00
4.530,2266,0,37,2008,1999,2499,0.102,0.02,2538.00,0.00
4.532,2267,0,37,2007,1998,2498,0.109,0.02,2535.00,0.00
4.534,2268,0,37,2006,1997,2498,0.102,0.02,2540.00,0.00
4.536,2269,0,37,2007,1998,2499,0.095,0.02,2534.00,0.00
4.538,2270,0,37,2008,2000,2498,0.102,0.02,2541.00,0.00
4.540,2271,0,37,2007,2000,2497,0.109,0.02,2537.00,0.00
4.542,2272,0,37,2008,1999,2497,0.109,0.01,2540.00,0.00
4.544,2273,0,37,2007,1999,2497,0.109,0.02,2535.00,0.00
4.546,2274,0,37,2007,1998,2498,0.102,0.02,2540.00,0.00
4.548,2275,0,37,2007,1999,2498,0.095,0.02,2535.00,0.00
4.550,2276,0,37,2008,1999,2497,0.117,0.03,2541.00,0.00
4.552,2277,0,37,2006,1996,2499,0.102,0.02,2532.00,0.00
4.554,2278,0,37,2008,1998,2498,0.109,0.02,2540.00,0.00
4.556,2279,0,37,2007,1998,2498,0.102,0.02,2535.00,0.00
4.558,2280,0,37,2008,1999,2498,0.109,0.01,2541.00,0.00
4.560,2281,0,38,2008,1999,2499,0.109,0.01,2534.00,0.00
4.562,2282,0,38,2007,1997,2500,0.109,0.02,2531.00,0.00
4.564,2283,0,38,2008,1998,2499,0.117,0.02,2532.00,0.00
4.566,2284,0,38,2009,1999,2498,0.109,0.02,2532.00,0.00
4.568,2285,0,38,2007,1997,2501,0.095,0.02,2530.00,0.00
4.570,2286,0,38,2008,1997,2500,0.109,0.03,2531.00,0.00
4.572,2287,0,38,2008,1997,2499,0.109,0.02,2531.00,0.00
4.574,2288,0,38,2010,1999,2498,0.109,0.01,2532.00,0.00
4.576,2289,0,38,2009,1997,2499,0.109,0.01,2532.00,0.00
4.578,2290,0,38,2009,1998,2498,0.109,0.02,2532.00,0.00
4.580,2291,0,38,2009,1999,2498,0.109,0.02,2534.00,0.00
4.582,2292,0,38,2010,1999,2498,0.102,0.02,2534.00,0.00
4.584,2293,0,38,2009,1998,2499,0.102,0.03,2532.00,0.00
4.586,2294,0,38,2008,1997,2500,0.095,0.02,2531.00,0.00
4.588,2295,0,38,2009,1997,2500,0.109,0.02,2530.00,0.00
4.590,2296,0,38,2010,1998,2499,0.102,0.01,2532.00,0.00
4.592,2297,0,38,2010,2000,2498,0.117,0.01,2534.00,0.00
4.594,2298,0,38,2009,1998,2499,0.102,0.01,2531.00,0.00
4.596,2299,0,38,2010,2000,2498,0.109,0.02,2535.00,0.00
4.598,2300,0,38,2009,1999,2498,0.117,0.02,2532.00,0.00
4.600,2301,0,38,2006,1997,2501,0.102,0.02,2531.00,0.00
4.602,2302,0,38,2008,1998,2500,0.109,0.03,2531.00,0.00
4.604,2303,0,38,2008,1997,2500,0.102,0.02,2531.00,0.00
4.606,2304,0,38,2008,1998,2500,0.117,0.02,2530.00,0.00
4.608,2305,0,38,2008,1998,2500,0.109,0.02,2531.00,0.00
4.610,2306,0,38,2007,1997,2498,0.095,0.00,2530.00,0.00
4.612,2307,0,38,2008,1998,2497,0.109,0.02,2532.00,0.00
4.614,2308,0,38,2008,1998,2496,0.109,0.02,2534.00,0.00
4.616,2309,0,38,2008,1999,2498,0.095,0.02,2534.00,0.00
4.618,2310,0,38,2009,1999,2496,0.109,0.04,2535.00,0.00
4.620,2311,0,38,2008,1999,2497,0.102,0.02,2534.00,0.00
4.622,2312,0,38,2008,1998,2498,0.102,0.02,2534.00,0.00
4.624,2313,0,38,2007,1998,2499,0.109,0.02,2532.00,0.00
4.626,2314,0,38,2006,1997,2499,0.102,0.01,2532.00,0.00
4.628,2315,0,38,2007,1999,2498,0.109,0.01,2535.00,0.00
4.630,2316,0,38,2007,1997,2499,0.109,0.01,2532.00,0.00
4.632,2317,0,38,2006,1998,2499,0.087,0.01,2532.00,0.00
4.634,2318,0,38,2006,1998,2499,0.109,0.02,2534.00,0.00
4.636,2319,0,38,2007,1998,2500,0.102,0.02,2531.00,0.00
4.638,2320,0,38,2008,1999,2499,0.109,0.02,2532.00,0.00
4.640,2321,0,38,2007,1998,2500,0.102,0.02,2531.00,0.00
4.642,2322,0,38,2005,1996,2500,0.102,0.02,2531.00,0.00
4.644,2323,0,38,2007,1998,2500,0.109,0.02,2530.00,0.00
4.646,2324,0,38,2008,1998,2498,0.109,0.02,2531.00,0.00
4.648,2325,0,38,2007,1998,2498,0.095,0.01,2531.00,0.00
4.650,2326,0,38,2008,1998,2497,0.109,0.03,2534.00,0.00
4.652,2327,0,38,2007,1997,2499,0.102,0.02,2531.00,0.00
4.654,2328,0,38,2009,1999,2496,0.102,0.02,2537.00,0.00
4.656,2329,0,38,2008,1999,2498,0.102,0.02,2534.00,0.00
4.658,2330,0,38,2008,1998,2497,0.102,0.01,2535.00,0.00
4.660,2331,0,38,2009,1999,2497,0.117,0.01,2535.00,0.00
4.662,2332,0,38,2008,1999,2498,0.102,0.02,2540.00,0.00
4.664,2333,0,38,2007,1997,2500,0.095,0.01,2534.00,0.00
4.666,2334,0,38,2008,1999,2498,0.109,0.02,2541.00,0.00
4.668,2335,0,38,2008,1997,2499,0.095,0.02,2534.00,0.00
4.670,2336,0,38,2007,1998,2500,0.102,0.02,2537.00,0.00
4.672,2337,0,38,2008,2000,2497,0.109,0.02,2538.00,0.00
4.674,2338,0,38,2008,1998,2498,0.102,0.01,2543.00,0.00
4.676,2339,0,38,2008,1999,2498,0.109,0.01,2537.00,0.00
4.678,2340,0,38,2009,1999,2497,0.102,0.02,2541.00,0.00
4.680,2341,0,39,2008,1998,2498,0.087,0.01,2535.00,0.00
4.682,2342,0,39,2008,1998,2496,0.102,0.02,2543.00,0.00
4.684,2343,0,39,2007,1996,2499,0.095,0.02,2532.00,0.00
4.686,2344,0,39,2007,1997,2498,0.095,0.01,2540.00,0.00
4.688,2345,0,39,2007,1997,2499,0.102,0.01,2534.00,0.00
4.690,2346,0,39,2008,1998,2500,0.102,0.01,2538.00,0.00
4.692,2347,0,39,2007,1998,2499,0.109,0.02,2534.00,0.00
4.694,2348,0,39,2007,1997,2500,0.102,0.02,2537.00,0.00
4.696,2349,0,39,2007,1996,2500,0.095,0.01,2532.00,0.00
4.698,2350,0,39,2007,1997,2501,0.109,0.02,2537.00,0.00
4.700,2351,0,39,2007,1998,2500,0.102,0.02,2532.00,0.00
4.702,2352,0,39,2008,1999,2499,0.102,0.02,2540.00,0.00
4.704,2353,0,39,2007,1998,2498,0.102,0.02,2535.00,0.00
4.706,2354,0,39,2007,1998,2499,0.095,0.02,2540.00,0.00
4.708,2355,0,39,2007,1997,2498,0.109,0.01,2534.00,0.00
4.710,2356,0,39,2008,1999,2497,0.102,0.01,2541.00,0.00
4.712,2357,0,39,2008,1999,2499,0.102,0.02,2534.00,0.00
4.714,2358,0,39,2008,1999,2497,0.109,0.02,2541.00,0.00
4.716,2359,0,39,2008,2000,2498,0.109,0.02,2537.00,0.00
4.718,2360,0,39,2007,1997,2498,0.095,0.02,2540.00,0.00
4.720,2361,0,39,2008,1999,2498,0.102,0.02,2535.00,0.00
4.722,2362,0,39,2007,1997,2500,0.109,0.02,2537.00,0.00
4.724,2363,0,39,2008,1999,2498,0.109,0.01,2535.00,0.00
4.726,2364,0,39,2008,1998,2498,0.109,0.00,2540.00,0.00
4.728,2365,0,39,2007,1997,2500,0.102,0.02,2532.00,0.00
4.730,2366,0,39,2007,1997,2500,0.102,0.02,2538.00,0.00
4.732,2367,0,39,2007,1997,2499,0.102,0.02,2532.00,0.00
4.734,2368,0,39,2007,1996,2501,0.109,0.03,2537.00,0.00
4.736,2369,0,39,2008,1997,2500,0.109,0.03,2534.00,0.00
4.738,2370,0,39,2008,1997,2499,0.095,0.02,2538.00,0.00
4.740,2371,0,39,2008,1998,2499,0.109,0.01,2534.00,0.00
4.742,2372,0,39,2007,1996,2500,0.102,0.01,2538.00,0.00
4.744,2373,0,39,2008,1998,2499,0.102,0.01,2534.00,0.00
4.746,2374,0,39,2008,1998,2498,0.109,0.02,2540.00,0.00
4.748,2375,0,39,2008,1998,2498,0.095,0.01,2535.00,0.00
4.750,2376,0,39,2008,1998,2498,0.109,0.03,2540.00,0.00
4.752,2377,0,39,2008,1998,2499,0.102,0.03,2534.00,0.00
4.754,2378,0,39,2009,2000,2497,0.109,0.02,2540.00,0.00
4.756,2379,0,39,2007,1997,2500,0.095,0.02,2532.00,0.00
4.758,2380,0,39,2008,1999,2499,0.117,0.01,2540.00,0.00
4.760,2381,0,39,2008,1998,2499,0.102,0.01,2532.00,0.00
4.762,2382,0,39,2007,1998,2499,0.109,0.02,2532.00,0.00
4.764,2383,0,39,2006,1997,2498,0.102,0.02,2532.00,0.00
4.766,2384,0,39,2007,1997,2500,0.109,0.02,2532.00,0.00
4.768,2385,0,39,2008,1999,2499,0.109,0.03,2532.00,0.00
4.770,2386,0,39,2007,1999,2498,0.109,0.03,2534.00,0.00
4.772,2387,0,39,2007,1999,2498,0.109,0.02,2534.00,0.00
4.774,2388,0,39,2008,1999,2499,0.109,0.02,2534.00,0.00
4.776,2389,0,39,2006,1998,2499,0.095,0.00,2531.00,0.00
4.778,2390,0,39,2007,1998,2499,0.087,0.02,2531.00,0.00
4.780,2391,0,39,2007,1997,2498,0.109,0.01,2534.00,0.00
4.782,2392,0,39,2006,1997,2500,0.109,0.01,2531.00,0.00
4.784,2393,0,39,2006,1997,2499,0.109,0.02,2532.00,0.00
4.786,2394,0,39,2007,1998,2498,0.095,0.02,2534.00,0.00
4.788,2395,0,39,2006,1997,2499,0.109,0.02,2531.00,0.00
4.790,2396,0,39,2008,1998,2498,0.109,0.02,2532.00,0.00
4.792,2397,0,39,2008,2000,2500,0.102,0.00,2531.00,0.00
4.794,2398,0,39,2007,1997,2499,0.095,0.02,2531.00,0.00
4.796,2399,0,39,2007,1997,2500,0.102,0.02,2531.00,0.00
4.798,2400,0,39,2007,1997,2499,0.102,0.02,2532.00,0.00
4.800,2401,0,40,2007,1997,2499,0.109,0.03,2532.00,0.00
4.802,2402,0,40,2007,1997,2499,0.095,0.02,2532.00,0.00
4.804,2403,0,40,2007,1998,2499,0.109,0.01,2532.00,0.00
4.806,2404,0,40,2008,1999,2497,0.102,0.02,2535.00,0.00
4.808,2405,0,40,2008,1999,2498,0.087,0.01,2535.00,0.00
4.810,2406,0,40,2008,1997,2498,0.095,0.00,2534.00,0.00
4.812,2407,0,40,2008,1998,2497,0.102,0.02,2534.00,0.00
4.814,2408,0,40,2007,1996,2500,0.109,0.02,2531.00,0.00
4.816,2409,0,40,2007,1997,2499,0.109,0.02,2531.00,0.00
4.818,2410,0,40,2008,1998,2498,0.102,0.02,2532.00,0.00
4.820,2411,0,40,2006,1997,2500,0.087,0.02,2531.00,0.00
4.822,2412,0,40,2008,1999,2498,0.102,0.02,2532.00,0.00
4.824,2413,0,40,2008,1998,2499,0.102,0.01,2532.00,0.00
4.826,2414,0,40,2007,1997,2500,0.109,0.01,2530.00,0.00
4.828,2415,0,40,2004,1996,2496,0.109,0.02,2530.00,0.00
4.830,2416,0,40,2000,1995,2493,0.102,0.02,2531.00,0.00
4.832,2417,0,40,1999,1996,2493,0.102,0.02,2530.00,0.00
4.834,2418,0,40,1999,1995,2494,0.102,0.02,2531.00,0.00
4.836,2419,0,40,2001,1996,2496,0.109,0.02,2531.00,0.00
4.838,2420,0,40,2001,1997,2498,0.109,0.02,2532.00,0.00
4.840,2421,0,40,2001,1999,2503,0.109,0.02,2530.00,0.00
4.842,2422,0,40,2000,1998,2506,0.087,0.00,2532.00,0.00
4.844,2423,0,40,2002,2002,2507,0.095,0.02,2537.00,0.00
4.846,2424,0,40,2001,2002,2509,0.095,0.02,2537.00,0.00
4.848,2425,0,40,2000,2002,2508,0.102,0.02,2534.00,0.00
4.850,2426,0,40,2002,2002,2505,0.095,0.02,2532.00,0.00
4.852,2427,0,40,2004,2000,2503,0.095,0.03,2531.00,0.00
4.854,2428,0,40,2007,1999,2501,0.109,0.02,2530.00,0.00
4.856,2429,0,40,2011,1998,2498,0.095,0.02,2534.00,0.00
4.858,2430,0,40,2012,1997,2496,0.102,0.00,2532.00,0.00
4.860,2431,0,40,2014,1995,2495,0.102,0.00,2532.00,0.00
4.862,2432,0,40,2014,1993,2495,0.109,0.02,2537.00,0.00
4.864,2433,0,40,2013,1992,2495,0.095,0.02,2531.00,0.00
4.866,2434,0,40,2014,1993,2497,0.102,0.02,2537.00,0.00
4.868,2435,0,40,2012,1994,2499,0.102,0.02,2531.00,0.00
4.870,2436,0,40,2013,1997,2501,0.102,0.02,2537.00,0.00
4.872,2437,0,40,2012,2000,2504,0.102,0.02,2532.00,0.00
4.874,2438,0,40,2011,2002,2506,0.102,0.00,2540.00,0.00
4.876,2439,0,40,2010,2003,2507,0.095,0.01,2534.00,0.00
4.878,2440,0,40,2007,2003,2508,0.102,0.02,2538.00,0.00
4.880,2441,0,40,2007,2004,2506,0.102,0.02,2535.00,0.00
4.882,2442,0,40,2008,2004,2504,0.117,0.03,2541.00,0.00
4.884,2443,0,40,2006,2002,2505,0.102,0.03,2534.00,0.00
4.886,2444,0,40,2006,2002,2501,0.102,0.02,2540.00,0.00
4.888,2445,0,40,2005,2000,2498,0.109,0.02,2535.00,0.00
4.890,2446,0,40,2004,1997,2492,0.095,0.02,2538.00,0.00
4.892,2447,0,40,2008,1997,2495,0.102,0.02,2537.00,0.00
4.894,2448,0,40,2007,2002,2493,0.102,0.02,2535.00,0.00
4.896,2449,0,40,2007,1998,2496,0.102,0.02,2534.00,0.00
4.898,2450,0,40,2000,1996,2491,0.109,0.02,2540.00,0.00
4.900,2451,0,40,2000,1996,2491,0.095,0.01,2535.00,0.00
4.902,2452,0,40,2003,1999,2493,0.102,0.02,2537.00,0.00
4.904,2453,0,40,2000,2002,2494,0.109,0.02,2532.00,0.00
4.906,2454,0,40,1997,1999,2497,0.102,0.02,2537.00,0.00
4.908,2455,0,40,1998,2003,2500,0.102,0.02,2534.00,0.00
4.910,2456,0,40,2000,2005,2505,0.102,0.01,2537.00,0.00
4.912,2457,0,40,1999,2006,2507,0.102,0.01,2531.00,0.00
4.914,2458,0,40,1998,2008,2506,0.109,0.02,2540.00,0.00
4.916,2459,0,40,1998,2006,2507,0.095,0.01,2532.00,0.00
4.918,2460,0,40,2000,2008,2503,0.102,0.03,2541.00,0.00
4.920,2461,0,41,2000,2006,2503,0.109,0.02,2532.00,0.00
4.922,2462,0,41,1998,2003,2502,0.109,0.02,2537.00,0.00
4.924,2463,0,41,1997,2003,2498,0.102,0.01,2535.00,0.00
4.926,2464,0,41,1993,2001,2498,0.102,0.01,2538.00,0.00
4.928,2465,0,41,1991,2000,2497,0.102,0.02,2531.00,0.00
4.930,2466,0,41,1994,2000,2495,0.102,0.01,2540.00,0.00
4.932,2467,0,41,1993,1998,2495,0.095,0.02,2534.00,0.00
4.934,2468,0,41,1991,1998,2494,0.102,0.02,2540.00,0.00
4.936,2469,0,41,1991,1998,2495,0.109,0.03,2534.00,0.00
4.938,2470,0,41,1992,1999,2497,0.095,0.01,2540.00,0.00
4.940,2471,0,41,1995,2001,2497,0.102,0.02,2537.00,0.00
4.942,2472,0,41,1996,2001,2500,0.095,0.01,2540.00,0.00
4.944,2473,0,41,1996,2002,2501,0.102,0.01,2534.00,0.00
4.946,2474,0,41,1999,2005,2500,0.102,0.02,2541.00,0.00
4.948,2475,0,41,1997,2003,2503,0.087,0.00,2534.00,0.00
4.950,2476,0,41,1998,2004,2502,0.102,0.02,2540.00,0.00
4.952,2477,0,41,2000,2005,2503,0.102,0.02,2532.00,0.00
4.954,2478,0,41,2000,2003,2502,0.087,0.01,2538.00,0.00
4.956,2479,0,41,2001,2003,2501,0.095,0.02,2535.00,0.00
4.958,2480,0,41,2002,2002,2501,0.095,0.01,2540.00,0.00
4.960,2481,0,41,2001,2000,2500,0.109,0.00,2534.00,0.00
4.962,2482,0,41,2004,2000,2499,0.095,0.02,2532.00,0.00
4.964,2483,0,41,2004,1998,2498,0.095,0.02,2532.00,0.00
4.966,2484,0,41,2005,1998,2498,0.095,0.02,2531.00,0.00
4.968,2485,0,41,2006,2000,2497,0.109,0.02,2532.00,0.00
4.970,2486,0,41,2006,1999,2498,0.095,0.01,2531.00,0.00
4.972,2487,0,41,2007,2000,2499,0.087,0.02,2532.00,0.00
4.974,2488,0,41,2007,2000,2499,0.102,0.00,2532.00,0.00
4.976,2489,0,41,2007,2001,2502,0.102,0.01,2531.00,0.00
4.978,2490,0,41,2007,2002,2501,0.102,0.02,2535.00,0.00
4.980,2491,0,41,2006,2000,2501,0.095,0.01,2534.00,0.00
4.982,2492,0,41,2004,2001,2501,0.080,0.00,2534.00,0.00
4.984,2493,0,41,2005,2003,2500,0.095,0.02,2535.00,0.00
4.986,2494,0,41,2003,2001,2501,0.087,0.02,2532.00,0.00
4.988,2495,0,41,2003,2002,2500,0.109,0.02,2534.00,0.00
4.990,2496,0,41,2002,2001,2500,0.102,0.02,2532.00,0.00
4.992,2497,0,41,2000,2000,2499,0.109,0.01,2532.00,0.00
4.994,2498,0,41,2002,2001,2497,0.109,0.02,2532.00,0.00
4.996,2499,0,41,2000,1998,2500,0.095,0.02,2531.00,0.00
4.998,2500,0,41,2000,1999,2497,0.095,0.01,2535.00,0.00
5.000,2501,0,41,2001,2000,2496,0.102,0.02,2537.00,0.00
5.002,2502,0,41,2000,1999,2497,0.095,0.02,2534.00,0.00
5.004,2503,0,41,2000,2000,2498,0.109,0.02,2534.00,0.00
5.006,2504,0,41,1998,1999,2499,0.109,0.02,2531.00,0.00
5.008,2505,0,41,1999,2000,2499,0.102,0.00,2531.00,0.00
5.010,2506,0,41,1998,2001,2499,0.102,0.01,2531.00,0.00
5.012,2507,0,41,1999,2001,2500,0.095,0.02,2532.00,0.00
5.014,2508,0,41,1998,2000,2501,0.095,0.01,2531.00,0.00
5.016,2509,0,41,2000,2001,2499,0.109,0.02,2535.00,0.00
5.018,2510,0,41,2000,2001,2500,0.109,0.02,2534.00,0.00
5.020,2511,0,41,2002,2002,2500,0.102,0.02,2534.00,0.00
5.022,2512,0,41,2002,2001,2500,0.109,0.02,2534.00,0.00
5.024,2513,0,41,2001,2000,2499,0.102,0.00,2532.00,0.00
5.026,2514,0,41,2002,1999,2500,0.109,0.01,2532.00,0.00
5.028,2515,0,41,2002,1999,2499,0.087,0.00,2531.00,0.00
5.030,2516,0,41,2004,2000,2499,0.102,0.01,2531.00,0.00
5.032,2517,0,41,2004,2000,2499,0.102,0.02,2532.00,0.00
5.034,2518,0,41,2004,1999,2500,0.102,0.02,2530.00,0.00
5.036,2519,0,41,2007,2001,2498,0.117,0.03,2535.00,0.00
5.038,2520,0,41,2006,2001,2499,0.102,0.02,2534.00,0.00
5.040,2521,0,42,2006,2002,2499,0.102,0.02,2534.00,0.00
5.042,2522,0,42,2005,2001,2500,0.102,0.01,2532.00,0.00
5.044,2523,0,42,2005,2000,2500,0.102,0.02,2532.00,0.00
5.046,2524,0,42,2006,2001,2501,0.102,0.01,2532.00,0.00
5.048,2525,0,42,2006,2001,2501,0.117,0.02,2532.00,0.00
5.050,2526,0,42,2006,2000,2501,0.095,0.02,2531.00,0.00
5.052,2527,0,42,2006,2002,2500,0.109,0.04,2532.00,0.00
5.054,2528,0,42,2005,1999,2501,0.109,0.02,2531.00,0.00
5.056,2529,0,42,2005,1999,2501,0.102,0.02,2530.00,0.00
5.058,2530,0,42,2006,2000,2499,0.117,0.02,2532.00,0.00
5.060,2531,0,42,2004,1999,2499,0.102,0.01,2531.00,0.00
5.062,2532,0,42,2004,1999,2500,0.109,0.02,2537.00,0.00
5.064,2533,0,42,2004,1999,2499,0.117,0.02,2532.00,0.00
5.066,2534,0,42,2003,1999,2499,0.095,0.02,2537.00,0.00
5.068,2535,0,42,2003,2000,2498,0.109,0.03,2534.00,0.00
5.070,2536,0,42,2003,2000,2498,0.109,0.03,2540.00,0.00
5.072,2537,0,42,2004,2000,2500,0.102,0.02,2534.00,0.00
5.074,2538,0,42,2003,2000,2500,0.102,0.02,2537.00,0.00
5.076,2539,0,42,2003,2000,2501,0.102,0.00,2534.00,0.00
5.078,2540,0,42,2002,1999,2501,0.102,0.02,2537.00,0.00
5.080,2541,0,42,2003,2001,2501,0.102,0.02,2532.00,0.00
5.082,2542,0,42,2003,2000,2499,0.102,0.02,2540.00,0.00
5.084,2543,0,42,2003,2000,2499,0.109,0.02,2535.00,0.00
5.086,2544,0,42,2002,1999,2499,0.102,0.02,2540.00,0.00
5.088,2545,0,42,2002,2000,2499,0.102,0.02,2535.00,0.00
5.090,2546,0,42,2004,2000,2498,0.102,0.02,2541.00,0.00
5.092,2547,0,42,2003,1999,2498,0.095,0.01,2535.00,0.00
5.094,2548,0,42,2004,2000,2498,0.102,0.01,2540.00,0.00
5.096,2549,0,42,2004,1999,2497,0.102,0.02,2537.00,0.00
5.098,2550,0,42,2004,2000,2497,0.102,0.02,2541.00,0.00
5.100,2551,0,42,2004,2000,2499,0.095,0.02,2534.00,0.00
5.102,2552,0,42,2006,2001,2498,0.095,0.02,2543.00,0.00
5.104,2553,0,42,2005,2000,2499,0.102,0.01,2532.00,0.00
5.106,2554,0,42,2005,2000,2500,0.102,0.02,2540.00,0.00
5.108,2555,0,42,2005,2001,2498,0.102,0.01,2537.00,0.00
5.110,2556,0,42,2005,1999,2500,0.095,0.00,2538.00,0.00
5.112,2557,0,42,2006,1998,2500,0.095,0.01,2532.00,0.00
5.114,2558,0,42,2005,1998,2500,0.095,0.01,2537.00,0.00
5.116,2559,0,42,2005,1999,2500,0.102,0.02,2534.00,0.00
5.118,2560,0,42,2005,1999,2501,0.109,0.02,2537.00,0.00
5.120,2561,0,42,2006,1999,2498,0.102,0.02,2535.00,0.00
5.122,2562,0,42,2007,2000,2499,0.109,0.02,2540.00,0.00
5.124,2563,0,42,2006,1999,2499,0.102,0.01,2535.00,0.00
5.126,2564,0,42,2006,1999,2499,0.102,0.01,2540.00,0.00
5.128,2565,0,42,2008,2001,2499,0.109,0.02,2535.00,0.00
5.130,2566,0,42,2006,2000,2497,0.102,0.02,2543.00,0.00
5.132,2567,0,42,2006,2000,2498,0.095,0.02,2537.00,0.00
5.134,2568,0,42,2006,2000,2498,0.102,0.02,2543.00,0.00
5.136,2569,0,42,2006,2000,2498,0.102,0.02,2537.00,0.00
5.138,2570,0,42,2004,1999,2499,0.087,0.02,2540.00,0.00
5.140,2571,0,42,2006,2001,2498,0.109,0.02,2537.00,0.00
5.142,2572,0,42,2004,1999,2499,0.102,0.01,2540.00,0.00
5.144,2573,0,42,2004,1999,2499,0.109,0.02,2532.00,0.00
5.146,2574,0,42,2004,1999,2498,0.095,0.01,2541.00,0.00
5.148,2575,0,42,2002,1999,2499,0.095,0.02,2534.00,0.00
5.150,2576,0,42,2003,1999,2499,0.095,0.01,2540.00,0.00
5.152,2577,0,42,2003,1998,2500,0.102,0.02,2532.00,0.00
5.154,2578,0,42,2003,1999,2500,0.109,0.02,2537.00,0.00
5.156,2579,0,42,2004,1999,2500,0.109,0.02,2532.00,0.00
5.158,2580,0,42,2003,1999,2499,0.102,0.01,2540.00,0.00
5.160,2581,0,43,2004,1999,2500,0.095,0.01,2534.00,0.00
5.162,2582,0,43,2004,1999,2499,0.095,0.01,2532.00,0.00
5.164,2583,0,43,2003,1999,2499,0.102,0.02,2532.00,0.00
5.166,2584,0,43,2004,2000,2498,0.109,0.01,2534.00,0.00
5.168,2585,0,43,2004,1999,2498,0.102,0.02,2534.00,0.00
5.170,2586,0,43,2004,1999,2499,0.087,0.03,2532.00,0.00
5.172,2587,0,43,2005,1999,2499,0.087,0.02,2532.00,0.00
5.174,2588,0,43,2005,1999,2500,0.095,0.00,2532.00,0.00
5.176,2589,0,43,2005,1999,2500,0.095,0.01,2531.00,0.00
5.178,2590,0,43,2005,1999,2499,0.102,0.01,2532.00,0.00
5.180,2591,0,43,2006,1999,2498,0.109,0.02,2534.00,0.00
5.182,2592,0,43,2006,2000,2499,0.102,0.02,2532.00,0.00
5.184,2593,0,43,2006,2000,2498,0.109,0.02,2534.00,0.00
5.186,2594,0,43,2006,2000,2499,0.102,0.02,2532.00,0.00
5.188,2595,0,43,2006,1999,2499,0.109,0.02,2532.00,0.00
5.190,2596,0,43,2005,1998,2500,0.095,0.02,2531.00,0.00
5.192,2597,0,43,2005,1999,2501,0.109,0.02,2530.00,0.00
5.194,2598,0,43,2004,1998,2500,0.102,0.02,2530.00,0.00
5.196,2599,0,43,2005,1998,2500,0.109,0.02,2532.00,0.00
5.198,2600,0,43,2006,1999,2499,0.102,0.01,2532.00,0.00
5.200,2601,0,43,2005,1999,2499,0.102,0.02,2534.00,0.00
5.202,2602,0,43,2006,1999,2499,0.102,0.03,2532.00,0.00
5.204,2603,0,43,2006,2000,2498,0.102,0.02,2532.00,0.00
5.206,2604,0,43,2006,2001,2498,0.109,0.02,2535.00,0.00
5.208,2605,0,43,2005,2000,2499,0.095,0.01,2534.00,0.00
5.210,2606,0,43,2006,2000,2497,0.109,0.01,2535.00,0.00
5.212,2607,0,43,2005,2000,2498,0.109,0.02,2535.00,0.00
5.214,2608,0,43,2004,1999,2498,0.087,0.02,2534.00,0.00
5.216,2609,0,43,2004,1999,2498,0.109,0.02,2532.00,0.00
5.218,2610,0,43,2004,1999,2498,0.102,0.02,2534.00,0.00
5.220,2611,0,43,2004,2000,2498,0.102,0.02,2535.00,0.00
5.222,2612,0,43,2003,1999,2499,0.102,0.01,2532.00,0.00
5.224,2613,0,43,2003,1998,2499,0.102,0.01,2532.00,0.00
5.226,2614,0,43,2003,1998,2499,0.102,0.00,2531.00,0.00
5.228,2615,0,43,2003,2000,2498,0.102,0.02,2535.00,0.00
5.230,2616,0,43,2005,2000,2497,0.095,0.01,2535.00,0.00
5.232,2617,0,43,2004,2000,2498,0.109,0.02,2534.00,0.00
5.234,2618,0,43,2004,1998,2499,0.109,0.02,2534.00,0.00
5.236,2619,0,43,2005,1998,2498,0.095,0.03,2534.00,0.00
5.238,2620,0,43,2004,1999,2501,0.102,0.02,2531.00,0.00
5.240,2621,0,43,2005,1999,2500,0.095,0.02,2532.00,0.00
5.242,2622,0,43,2006,2000,2498,0.102,0.00,2534.00,0.00
5.244,2623,0,43,2004,1998,2499,0.102,0.02,2532.00,0.00
5.246,2624,0,43,2005,1999,2499,0.102,0.02,2532.00,0.00
5.248,2625,0,43,2004,1998,2499,0.095,0.02,2532.00,0.00
5.250,2626,0,43,2004,1997,2500,0.102,0.02,2532.00,0.00
5.252,2627,0,43,2005,1998,2499,0.102,0.02,2532.00,0.00
5.254,2628,0,43,2005,1998,2500,0.102,0.02,2531.00,0.00
5.256,2629,0,43,2006,1999,2499,0.095,0.01,2534.00,0.00
5.258,2630,0,43,2007,1999,2498,0.102,0.01,2534.00,0.00
5.260,2631,0,43,2006,1998,2499,0.087,0.01,2532.00,0.00
5.262,2632,0,43,2006,1998,2498,0.095,0.02,2541.00,0.00
5.264,2633,0,43,2006,1999,2499,0.109,0.02,2535.00,0.00
5.266,2634,0,43,2006,1998,2499,0.109,0.02,2537.00,0.00
5.268,2635,0,43,2006,1998,2499,0.109,0.02,2535.00,0.00
5.270,2636,0,43,2006,1998,2500,0.095,0.02,2538.00,0.00
5.272,2637,0,43,2007,1999,2499,0.102,0.02,2534.00,0.00
5.274,2638,0,43,2006,1999,2499,0.102,0.01,2540.00,0.00
5.276,2639,0,43,2006,1999,2499,0.102,0.01,2535.00,0.00
5.278,2640,0,43,2006,1999,2498,0.095,0.01,2540.00,0.00
5.280,2641,0,44,2006,1999,2497,0.102,0.02,2537.00,0.00
5.282,2642,0,44,2006,2000,2498,0.102,0.02,2543.00,0.00
5.284,2643,0,44,2006,1999,2497,0.087,0.02,2537.00,0.00
5.286,2644,0,44,2007,2000,2497,0.102,0.02,2543.00,0.00
5.288,2645,0,44,2006,2000,2498,0.117,0.02,2537.00,0.00
5.290,2646,0,44,2006,1999,2498,0.087,0.01,2540.00,0.00
5.292,2647,0,44,2005,1998,2499,0.102,0.01,2535.00,0.00
5.294,2648,0,44,2005,1998,2498,0.095,0.01,2540.00,0.00
5.296,2649,0,44,2005,1998,2499,0.102,0.01,2532.00,0.00
5.298,2650,0,44,2007,1999,2497,0.109,0.02,2541.00,0.00
5.300,2651,0,44,2006,1999,2498,0.109,0.03,2535.00,0.00
5.302,2652,0,44,2005,1998,2499,0.095,0.02,2538.00,0.00
5.304,2653,0,44,2005,1997,2500,0.102,0.02,2532.00,0.00
5.306,2654,0,44,2006,1998,2499,0.095,0.02,2538.00,0.00
5.308,2655,0,44,2006,1997,2500,0.102,0.01,2534.00,0.00
5.310,2656,0,44,2007,1999,2498,0.102,0.01,2540.00,0.00
5.312,2657,0,44,2007,1999,2498,0.102,0.02,2535.00,0.00
5.314,2658,0,44,2007,1998,2499,0.102,0.02,2540.00,0.00
5.316,2659,0,44,2006,1998,2498,0.102,0.02,2535.00,0.00
5.318,2660,0,44,2007,1999,2498,0.102,0.03,2540.00,0.00
5.320,2661,0,44,2007,1999,2499,0.102,0.02,2537.00,0.00
5.322,2662,0,44,2008,2001,2497,0.109,0.02,2541.00,0.00
5.324,2663,0,44,2008,2000,2498,0.102,0.02,2537.00,0.00
5.326,2664,0,44,2008,2000,2497,0.102,0.01,2543.00,0.00
5.328,2665,0,44,2008,2000,2499,0.102,0.02,2535.00,0.00
5.330,2666,0,44,2008,1999,2498,0.102,0.02,2540.00,0.00
5.332,2667,0,44,2008,1999,2498,0.109,0.02,2535.00,0.00
5.334,2668,0,44,2007,1999,2499,0.102,0.02,2540.00,0.00
5.336,2669,0,44,2007,1997,2499,0.095,0.02,2534.00,0.00
5.338,2670,0,44,2008,2000,2498,0.102,0.02,2543.00,0.00
5.340,2671,0,44,2008,1999,2498,0.102,0.02,2535.00,0.00
5.342,2672,0,44,2009,2000,2497,0.117,0.01,2541.00,0.00
5.344,2673,0,44,2008,2000,2498,0.109,0.02,2537.00,0.00
5.346,2674,0,44,2006,1998,2499,0.095,0.02,2538.00,0.00
5.348,2675,0,44,2008,2000,2497,0.109,0.02,2538.00,0.00
5.350,2676,0,44,2008,1999,2498,0.109,0.02,2540.00,0.00
5.352,2677,0,44,2007,1998,2499,0.102,0.02,2532.00,0.00
5.354,2678,0,44,2007,2000,2497,0.109,0.02,2541.00,0.00
5.356,2679,0,44,2008,2000,2498,0.109,0.02,2537.00,0.00
5.358,2680,0,44,2006,1998,2499,0.117,0.02,2538.00,0.00
5.360,2681,0,44,2007,1998,2498,0.109,0.01,2535.00,0.00
5.362,2682,0,44,2006,1998,2500,0.109,0.02,2532.00,0.00
5.364,2683,0,44,2007,1998,2499,0.109,0.02,2532.00,0.00
5.366,2684,0,44,2006,1998,2500,0.102,0.02,2532.00,0.00
5.368,2685,0,44,2006,1998,2500,0.102,0.03,2531.00,0.00
5.370,2686,0,44,2007,1999,2498,0.102,0.03,2534.00,0.00
5.372,2687,0,44,2006,1998,2499,0.102,0.02,2532.00,0.00
5.374,2688,0,44,2008,1999,2498,0.102,0.00,2535.00,0.00
5.376,2689,0,44,2007,2000,2497,0.109,0.02,2535.00,0.00
5.378,2690,0,44,2008,2000,2497,0.102,0.02,2535.00,0.00
5.380,2691,0,44,2007,2000,2497,0.109,0.02,2535.00,0.00
5.382,2692,0,44,2007,1999,2497,0.102,0.02,2537.00,0.00
5.384,2693,0,44,2007,1998,2499,0.095,0.02,2532.00,0.00
5.386,2694,0,44,2008,1999,2498,0.117,0.02,2534.00,0.00
5.388,2695,0,44,2007,1998,2498,0.102,0.02,2535.00,0.00
5.390,2696,0,44,2008,2000,2498,0.102,0.01,2535.00,0.00
5.392,2697,0,44,2008,1999,2498,0.102,0.01,2534.00,0.00
5.394,2698,0,44,2007,1998,2499,0.102,0.02,2534.00,0.00
5.396,2699,0,44,2008,1998,2498,0.109,0.02,2532.00,0.00
5.398,2700,0,44,2006,1997,2500,0.095,0.00,2532.00,0.00
5.400,2701,0,45,2007,1999,2498,0.109,0.02,2535.00,0.00
5.402,2702,0,45,2008,2000,2498,0.102,0.03,2535.00,0.00
5.404,2703,0,45,2006,1998,2499,0.102,0.01,2532.00,0.00
5.406,2704,0,45,2007,1999,2499,0.102,0.02,2534.00,0.00
5.408,2705,0,45,2007,1998,2498,0.102,0.01,2534.00,0.00
5.410,2706,0,45,2007,1998,2498,0.102,0.01,2534.00,0.00
5.412,2707,0,45,2008,2000,2498,0.109,0.01,2535.00,0.00
5.414,2708,0,45,2007,1999,2499,0.102,0.01,2532.00,0.00
5.416,2709,0,45,2006,1998,2499,0.117,0.02,2531.00,0.00
5.418,2710,0,45,2007,1998,2499,0.102,0.02,2532.00,0.00
5.420,2711,0,45,2007,1997,2499,0.102,0.02,2532.00,0.00
5.422,2712,0,45,2006,1998,2499,0.102,0.02,2534.00,0.00
5.424,2713,0,45,2007,1998,2499,0.102,0.01,2532.00,0.00
5.426,2714,0,45,2006,1997,2500,0.095,0.01,2531.00,0.00
5.428,2715,0,45,2007,1999,2498,0.102,0.02,2534.00,0.00
5.430,2716,0,45,2007,1998,2498,0.095,0.01,2534.00,0.00
5.432,2717,0,45,2006,1998,2498,0.109,0.02,2535.00,0.00
5.434,2718,0,45,2008,1999,2497,0.102,0.02,2535.00,0.00
5.436,2719,0,45,2007,1999,2497,0.109,0.03,2535.00,0.00
5.438,2720,0,45,2007,1999,2498,0.095,0.02,2537.00,0.00
5.440,2721,0,45,2007,1999,2497,0.102,0.02,2537.00,0.00
5.442,2722,0,45,2005,1997,2499,0.095,0.00,2532.00,0.00
5.444,2723,0,45,2005,1999,2498,0.095,0.02,2534.00,0.00
5.446,2724,0,45,2005,1997,2498,0.102,0.01,2532.00,0.00
5.448,2725,0,45,2006,1997,2499,0.102,0.01,2532.00,0.00
5.450,2726,0,45,2007,1999,2497,0.109,0.02,2532.00,0.00
5.452,2727,0,45,2007,1998,2498,0.102,0.02,2534.00,0.00
5.454,2728,0,45,2006,1997,2500,0.095,0.02,2532.00,0.00
5.456,2729,0,45,2008,1999,2499,0.109,0.02,2532.00,0.00
5.458,2730,0,45,2006,1997,2500,0.102,0.01,2532.00,0.00
5.460,2731,0,45,2008,1998,2498,0.102,0.01,2532.00,0.00
5.462,2732,0,45,2006,1997,2499,0.102,0.02,2538.00,0.00
5.464,2733,0,45,2007,1998,2498,0.109,0.02,2535.00,0.00
5.466,2734,0,45,2007,1999,2498,0.109,0.02,2540.00,0.00
5.468,2735,0,45,2007,1998,2499,0.102,0.02,2532.00,0.00
5.470,2736,0,45,2007,1999,2498,0.109,0.02,2541.00,0.00
5.472,2737,0,45,2008,1999,2498,0.109,0.02,2537.00,0.00
5.474,2738,0,45,2008,1999,2498,0.109,0.01,2541.00,0.00
5.476,2739,0,45,2007,1999,2498,0.109,0.01,2537.00,0.00
5.478,2740,0,45,2008,2000,2497,0.109,0.02,2543.00,0.00
5.480,2741,0,45,2006,1998,2498,0.102,0.02,2535.00,0.00
5.482,2742,0,45,2008,2000,2498,0.102,0.02,2541.00,0.00
5.484,2743,0,45,2008,1998,2499,0.109,0.02,2535.00,0.00
5.486,2744,0,45,2008,1999,2498,0.109,0.02,2540.00,0.00
5.488,2745,0,45,2007,1999,2498,0.109,0.02,2537.00,0.00
5.490,2746,0,45,2008,1999,2498,0.109,0.02,2543.00,0.00
5.492,2747,0,45,2008,2000,2498,0.102,0.01,2537.00,0.00
5.494,2748,0,45,2008,1999,2498,0.102,0.02,2541.00,0.00
5.496,2749,0,45,2008,2000,2499,0.109,0.01,2535.00,0.00
5.498,2750,0,45,2006,1998,2499,0.102,0.01,2540.00,0.00
5.500,2751,0,45,2008,2000,2499,0.102,0.02,2537.00,0.00
5.502,2752,0,45,2007,1999,2500,0.109,0.03,2540.00,0.00
5.504,2753,0,45,2007,1998,2499,0.109,0.02,2535.00,0.00
5.506,2754,0,45,2007,1997,2500,0.102,0.01,2537.00,0.00
5.508,2755,0,45,2007,1999,2499,0.109,0.00,2535.00,0.00
5.510,2756,0,45,2006,1997,2500,0.109,0.02,2540.00,0.00
5.512,2757,0,45,2006,1998,2500,0.102,0.02,2532.00,0.00
5.514,2758,0,45,2006,1998,2500,0.109,0.02,2537.00,0.00
5.516,2759,0,45,2007,1998,2500,0.109,0.02,2534.00,0.00
5.518,2760,0,45,2007,1998,2499,0.117,0.03,2538.00,0.00
5.520,2761,0,46,2007,1998,2499,0.109,0.03,2534.00,0.00
5.522,2762,0,46,2008,1998,2499,0.109,0.02,2540.00,0.00
5.524,2763,0,46,2007,1998,2499,0.102,0.01,2535.00,0.00
5.526,2764,0,46,2006,1998,2498,0.095,0.00,2541.00,0.00
5.528,2765,0,46,2006,1997,2500,0.102,0.01,2534.00,0.00
5.530,2766,0,46,2008,1999,2498,0.102,0.02,2541.00,0.00
5.532,2767,0,46,2008,1999,2498,0.102,0.02,2537.00,0.00
5.534,2768,0,46,2008,1999,2497,0.117,0.03,2541.00,0.00
5.536,2769,0,46,2008,1999,2498,0.102,0.02,2535.00,0.00
5.538,2770,0,46,2008,2000,2498,0.102,0.02,2541.00,0.00
5.540,2771,0,46,2007,1998,2499,0.109,0.02,2535.00,0.00
5.542,2772,0,46,2008,1998,2499,0.095,0.00,2540.00,0.00
5.544,2773,0,46,2007,1998,2499,0.102,0.01,2534.00,0.00
5.546,2774,0,46,2008,1999,2498,0.109,0.02,2541.00,0.00
5.548,2775,0,46,2007,1998,2498,0.102,0.02,2537.00,0.00
5.550,2776,0,46,2008,1999,2498,0.102,0.02,2543.00,0.00
5.552,2777,0,46,2008,1999,2499,0.102,0.03,2537.00,0.00
5.554,2778,0,46,2009,1999,2498,0.102,0.02,2541.00,0.00
5.556,2779,0,46,2007,1998,2499,0.109,0.02,2535.00,0.00
5.558,2780,0,46,2009,1999,2498,0.095,0.01,2541.00,0.00
5.560,2781,0,46,2008,1998,2498,0.102,0.01,2535.00,0.00
5.562,2782,0,46,2007,1998,2499,0.102,0.02,2534.00,0.00
5.564,2783,0,46,2007,1999,2499,0.102,0.02,2534.00,0.00
5.566,2784,0,46,2006,1999,2499,0.102,0.02,2532.00,0.00
5.568,2785,0,46,2006,1998,2499,0.102,0.02,2532.00,0.00
5.570,2786,0,46,2008,1999,2499,0.087,0.03,2534.00,0.00
5.572,2787,0,46,2008,1999,2500,0.095,0.02,2534.00,0.00
5.574,2788,0,46,2008,1998,2498,0.095,0.01,2534.00,0.00
5.576,2789,0,46,2007,1998,2499,0.102,0.01,2534.00,0.00
5.578,2790,0,46,2005,1997,2499,0.102,0.02,2534.00,0.00
5.580,2791,0,46,2006,1997,2499,0.102,0.02,2532.00,0.00
5.582,2792,0,46,2007,1997,2499,0.102,0.01,2534.00,0.00
5.584,2793,0,46,2006,1997,2499,0.102,0.02,2534.00,0.00
5.586,2794,0,46,2006,1997,2500,0.102,0.02,2534.00,0.00
5.588,2795,0,46,2006,1997,2500,0.102,0.02,2532.00,0.00
5.590,2796,0,46,2007,1998,2500,0.102,0.02,2531.00,0.00
5.592,2797,0,46,2006,1996,2501,0.109,0.02,2531.00,0.00
5.594,2798,0,46,2006,1997,2501,0.117,0.02,2531.00,0.00
5.596,2799,0,46,2006,1997,2499,0.102,0.01,2532.00,0.00
5.598,2800,0,46,2006,1997,2499,0.102,0.02,2534.00,0.00
5.600,2801,0,46,2007,1998,2499,0.102,0.02,2532.00,0.00
5.602,2802,0,46,2007,1998,2499,0.109,0.02,2532.00,0.00
5.604,2803,0,46,2007,1998,2499,0.102,0.02,2534.00,0.00
5.606,2804,0,46,2007,1999,2498,0.102,0.02,2535.00,0.00
5.608,2805,0,46,2008,1999,2497,0.102,0.02,2537.00,0.00
5.610,2806,0,46,2008,1999,2498,0.102,0.00,2534.00,0.00
5.612,2807,0,46,2005,1999,2498,0.095,0.02,2535.00,0.00
5.614,2808,0,46,1997,1997,2502,0.102,0.02,2534.00,0.00
5.616,2809,0,46,1993,1996,2504,0.109,0.01,2531.00,0.00
5.618,2810,0,46,1997,1998,2500,0.102,0.02,2532.00,0.00
5.620,2811,0,46,1995,1999,2497,0.102,0.02,2534.00,0.00
5.622,2812,0,46,1999,1997,2498,0.102,0.02,2534.00,0.00
5.624,2813,0,46,2004,2000,2500,0.102,0.00,2531.00,0.00
5.626,2814,0,46,2007,1998,2499,0.102,0.01,2535.00,0.00
5.628,2815,0,46,2010,1997,2498,0.102,0.02,2537.00,0.00
5.630,2816,0,46,2011,1998,2495,0.109,0.02,2535.00,0.00
5.632,2817,0,46,2010,1995,2496,0.102,0.02,2534.00,0.00
5.634,2818,0,46,2010,1991,2496,0.102,0.02,2531.00,0.00
5.636,2819,0,46,2013,1994,2496,0.102,0.02,2532.00,0.00
5.638,2820,0,46,2012,1996,2497,0.102,0.01,2534.00,0.00
5.640,2821,0,47,2012,1997,2499,0.102,0.01,2532.00,0.00
5.642,2822,0,47,2012,1997,2499,0.095,0.01,2535.00,0.00
5.644,2823,0,47,2014,1997,2501,0.102,0.02,2531.00,0.00
5.646,2824,0,47,2017,1999,2502,0.102,0.02,2532.00,0.00
5.648,2825,0,47,2018,1998,2503,0.109,0.02,2534.00,0.00
5.650,2826,74,47,2020,1999,2504,0.095,0.02,2535.00,0.00
5.652,2827,74,47,2024,2000,2504,0.109,0.02,2537.00,0.00
5.654,2828,74,47,2024,1999,2503,0.102,0.01,2537.00,0.00
5.656,2829,74,47,2023,1999,2502,0.109,0.02,2534.00,0.00
5.658,2830,74,47,2022,1999,2502,0.109,0.00,2534.00,0.00
5.660,2831,74,47,2019,1997,2501,0.102,0.01,2532.00,0.00
5.662,2832,74,47,2017,1996,2500,0.109,0.02,2538.00,0.00
5.664,2833,74,47,2012,1995,2499,0.102,0.02,2532.00,0.00
5.666,2834,74,47,2010,1996,2497,0.109,0.02,2538.00,0.00
5.668,2835,74,47,2008,1996,2497,0.109,0.02,2535.00,0.00
5.670,2836,74,47,2007,1997,2497,0.102,0.02,2540.00,0.00
5.672,2837,74,47,2004,1996,2499,0.095,0.02,2532.00,0.00
5.674,2838,74,47,2004,1997,2498,0.095,0.01,2540.00,0.00
5.676,2839,74,47,2004,1997,2500,0.095,0.01,2532.00,0.00
5.678,2840,74,47,2005,1998,2500,0.095,0.02,2540.00,0.00
5.680,2841,74,47,2005,1999,2501,0.109,0.01,2535.00,0.00
5.682,2842,74,47,2003,1998,2503,0.102,0.02,2538.00,0.00
5.684,2843,74,47,2001,1997,2503,0.102,0.02,2531.00,0.00
5.686,2844,74,47,2001,1999,2502,0.109,0.02,2540.00,0.00
5.688,2845,74,47,1999,1999,2501,0.109,0.02,2534.00,0.00
5.690,2846,74,47,1997,1996,2501,0.095,0.02,2538.00,0.00
5.692,2847,74,47,1998,1997,2498,0.109,0.01,2535.00,0.00
5.694,2848,74,47,1997,1996,2498,0.095,0.02,2538.00,0.00
5.696,2849,74,47,1998,1997,2497,0.095,0.01,2535.00,0.00
5.698,2850,74,47,2000,1997,2497,0.095,0.01,2540.00,0.00
5.700,2851,74,47,2002,1996,2498,0.095,0.02,2535.00,0.00
5.702,2852,74,47,2006,1999,2497,0.102,0.02,2543.00,0.00
5.704,2853,74,47,2008,1997,2499,0.102,0.02,2535.00,0.00
5.706,2854,74,47,2010,1999,2499,0.102,0.02,2541.00,0.00
5.708,2855,74,47,2010,1997,2501,0.095,0.01,2534.00,0.00
5.710,2856,74,47,2010,1997,2501,0.102,0.01,2538.00,0.00
5.712,2857,74,47,2012,1998,2502,0.102,0.02,2534.00,0.00
5.714,2858,74,47,2012,1997,2502,0.080,0.01,2540.00,0.00
5.716,2859,74,47,2013,1999,2501,0.102,0.02,2538.00,0.00
5.718,2860,74,47,2012,1999,2499,0.095,0.02,2547.00,0.00
5.720,2861,74,47,2014,2000,2499,0.102,0.03,2543.00,0.00
5.722,2862,74,47,2012,1997,2500,0.087,0.00,2543.00,0.00
5.724,2863,74,47,2014,1997,2500,0.095,0.01,2535.00,0.00
5.726,2864,74,47,2014,1997,2500,0.102,0.01,2538.00,0.00
5.728,2865,74,47,2014,1996,2500,0.087,0.01,2535.00,0.00
5.730,2866,74,47,2014,1996,2500,0.102,0.01,2538.00,0.00
5.732,2867,74,47,2014,1997,2500,0.095,0.02,2535.00,0.00
5.734,2868,74,47,2015,1997,2499,0.080,0.01,2540.00,0.00
5.736,2869,74,47,2015,1998,2497,0.095,0.02,2538.00,0.00
5.738,2870,74,47,2013,1996,2501,0.080,0.00,2540.00,0.00
5.740,2871,74,47,2010,1997,2501,0.073,0.01,2535.00,0.00
5.742,2872,74,47,2008,1998,2499,0.095,0.01,2541.00,0.00
5.744,2873,74,47,2006,1997,2499,0.095,0.01,2537.00,0.00
5.746,2874,74,47,2005,1997,2501,0.102,0.02,2538.00,0.00
5.748,2875,74,47,2004,1998,2500,0.102,0.02,2534.00,0.00
5.750,2876,74,47,2004,1998,2499,0.102,0.02,2540.00,0.00
5.752,2877,74,47,2004,1998,2499,0.087,0.02,2537.00,0.00
5.754,2878,74,47,2004,1998,2499,0.109,0.01,2538.00,0.00
5.756,2879,74,47,2004,1998,2499,0.102,0.02,2535.00,0.00
5.758,2880,74,47,2004,1996,2500,0.102,0.02,2538.00,0.00
5.760,2881,74,48,2002,1995,2500,0.087,0.00,2532.00,0.00
5.762,2882,74,48,2002,1997,2498,0.102,0.02,2535.00,0.00
5.764,2883,74,48,2004,1998,2498,0.102,0.02,2535.00,0.00
5.766,2884,74,48,2004,1998,2496,0.095,0.01,2537.00,0.00
5.768,2885,74,48,2004,1999,2499,0.102,0.03,2534.00,0.00
5.770,2886,74,48,2002,1998,2499,0.102,0.02,2531.00,0.00
5.772,2887,74,48,2002,1997,2500,0.095,0.02,2532.00,0.00
5.774,2888,74,48,2005,1998,2500,0.095,0.00,2532.00,0.00
5.776,2889,74,48,2006,1998,2500,0.109,0.01,2532.00,0.00
5.778,2890,74,48,2007,1999,2499,0.109,0.01,2534.00,0.00
5.780,2891,74,48,2008,1998,2500,0.095,0.02,2532.00,0.00
5.782,2892,74,48,2009,1997,2499,0.087,0.01,2534.00,0.00
5.784,2893,74,48,2010,1998,2501,0.102,0.02,2534.00,0.00
5.786,2894,74,48,2011,1997,2501,0.102,0.02,2531.00,0.00
5.788,2895,74,48,2013,1999,2500,0.102,0.02,2534.00,0.00
5.790,2896,74,48,2012,1997,2500,0.102,0.00,2532.00,0.00
5.792,2897,74,48,2014,1998,2499,0.102,0.01,2535.00,0.00
5.794,2898,74,48,2013,1998,2498,0.102,0.01,2538.00,0.00
5.796,2899,74,48,2012,1997,2500,0.095,0.02,2537.00,0.00
5.798,2900,74,48,2013,1998,2498,0.087,0.02,2538.00,0.00
5.800,2901,74,48,2013,1997,2500,0.095,0.02,2534.00,0.00
5.802,2902,74,48,2012,1997,2500,0.102,0.02,2532.00,0.00
5.804,2903,74,48,2012,1997,2501,0.109,0.02,2531.00,0.00
5.806,2904,74,48,2012,1998,2500,0.095,0.01,2532.00,0.00
5.808,2905,74,48,2012,1998,2500,0.102,0.01,2532.00,0.00
5.810,2906,74,48,2012,1997,2500,0.109,0.01,2532.00,0.00
5.812,2907,74,48,2011,1997,2500,0.102,0.02,2532.00,0.00
5.814,2908,74,48,2010,1998,2501,0.102,0.02,2532.00,0.00
5.816,2909,74,48,2010,1997,2500,0.109,0.02,2534.00,0.00
5.818,2910,74,48,2006,1997,2500,0.102,0.02,2532.00,0.00
5.820,2911,74,48,2006,1997,2500,0.095,0.02,2531.00,0.00
5.822,2912,74,48,2006,1997,2499,0.109,0.01,2532.00,0.00
5.824,2913,74,48,2004,1997,2499,0.095,0.01,2532.00,0.00
5.826,2914,74,48,2003,1997,2498,0.087,0.00,2532.00,0.00
5.828,2915,74,48,2003,1997,2498,0.095,0.02,2534.00,0.00
5.830,2916,74,48,2004,1998,2498,0.102,0.01,2534.00,0.00
5.832,2917,74,48,2004,1998,2501,0.095,0.02,2531.00,0.00
5.834,2918,74,48,2004,1998,2499,0.080,0.02,2534.00,0.00
5.836,2919,74,48,2005,1998,2499,0.102,0.02,2534.00,0.00
5.838,2920,74,48,2003,1996,2499,0.102,0.02,2532.00,0.00
5.840,2921,74,48,2005,1998,2499,0.087,0.02,2534.00,0.00
5.842,2922,74,48,2005,1998,2498,0.095,0.01,2534.00,0.00
5.844,2923,74,48,2004,1996,2499,0.102,0.02,2532.00,0.00
5.846,2924,74,48,2006,1998,2498,0.102,0.01,2535.00,0.00
5.848,2925,74,48,2006,1998,2501,0.102,0.00,2531.00,0.00
5.850,2926,74,48,2006,1997,2500,0.102,0.02,2532.00,0.00
5.852,2927,74,48,2008,1998,2498,0.109,0.03,2535.00,0.00
5.854,2928,74,48,2007,1997,2501,0.102,0.02,2531.00,0.00
5.856,2929,74,48,2008,1996,2501,0.095,0.02,2531.00,0.00
5.858,2930,74,48,2009,1997,2500,0.102,0.02,2532.00,0.00
5.860,2931,74,48,2010,1997,2500,0.087,0.00,2532.00,0.00
5.862,2932,74,48,2013,1999,2498,0.109,0.02,2541.00,0.00
5.864,2933,74,48,2013,1999,2497,0.102,0.02,2538.00,0.00
5.866,2934,74,48,2011,1996,2499,0.095,0.02,2541.00,0.00
5.868,2935,74,48,2012,1997,2499,0.102,0.02,2535.00,0.00
5.870,2936,74,48,2011,1996,2499,0.102,0.03,2540.00,0.00
5.872,2937,74,48,2012,1998,2498,0.102,0.02,2537.00,0.00
5.874,2938,74,48,2012,1999,2498,0.102,0.01,2543.00,0.00
5.876,2939,74,48,2011,1998,2499,0.102,0.00,2535.00,0.00
5.878,2940,74,48,2011,1999,2497,0.109,0.02,2543.00,0.00
5.880,2941,74,49,2010,1997,2500,0.095,0.01,2531.00,0.00
5.882,2942,74,49,2009,1997,2499,0.102,0.01,2540.00,0.00
5.884,2943,74,49,2010,1998,2499,0.095,0.02,2540.00,0.00
5.886,2944,74,49,2009,1997,2499,0.095,0.02,2544.00,0.00
5.888,2945,74,49,2008,1997,2500,0.095,0.02,2540.00,0.00
5.890,2946,74,49,2007,1997,2500,0.087,0.01,2543.00,0.00
5.892,2947,74,49,2008,1997,2500,0.102,0.01,2537.00,0.00
5.894,2948,74,49,2007,1998,2499,0.109,0.02,2540.00,0.00
5.896,2949,74,49,2005,1996,2499,0.102,0.02,2534.00,0.00
5.898,2950,74,49,2006,1997,2498,0.095,0.02,2540.00,0.00
5.900,2951,74,49,2006,1998,2498,0.117,0.02,2535.00,0.00
5.902,2952,74,49,2003,1996,2499,0.095,0.02,2538.00,0.00
5.904,2953,74,49,2003,1997,2499,0.095,0.02,2535.00,0.00
5.906,2954,74,49,2003,1997,2499,0.087,0.02,2541.00,0.00
5.908,2955,74,49,2004,1998,2499,0.095,0.02,2535.00,0.00
5.910,2956,74,49,2005,1998,2498,0.095,0.00,2541.00,0.00
5.912,2957,74,49,2005,1999,2497,0.102,0.02,2535.00,0.00
5.914,2958,74,49,2004,1997,2499,0.095,0.01,2540.00,0.00
5.916,2959,74,49,2006,1998,2498,0.102,0.01,2537.00,0.00
5.918,2960,74,49,2006,1998,2500,0.087,0.02,2538.00,0.00
5.920,2961,74,49,2006,1996,2500,0.095,0.02,2534.00,0.00
5.922,2962,74,49,2006,1998,2500,0.095,0.01,2538.00,0.00
5.924,2963,74,49,2006,1998,2500,0.102,0.00,2535.00,0.00
5.926,2964,74,49,2008,1999,2499,0.095,0.01,2540.00,0.00
5.928,2965,74,49,2008,1998,2499,0.102,0.02,2534.00,0.00
5.930,2966,74,49,2009,1998,2499,0.095,0.01,2540.00,0.00
5.932,2967,74,49,2010,1999,2497,0.109,0.02,2538.00,0.00
5.934,2968,74,49,2010,1999,2498,0.117,0.02,2541.00,0.00
5.936,2969,74,49,2010,1997,2500,0.102,0.02,2534.00,0.00
5.938,2970,74,49,2011,1997,2499,0.102,0.02,2541.00,0.00
5.940,2971,74,49,2011,1997,2500,0.102,0.02,2534.00,0.00
5.942,2972,74,49,2011,1998,2500,0.102,0.00,2540.00,0.00
5.944,2973,74,49,2011,1999,2497,0.102,0.02,2538.00,0.00
5.946,2974,74,49,2010,1998,2500,0.095,0.02,2540.00,0.00
5.948,2975,74,49,2008,1996,2501,0.102,0.02,2532.00,0.00
5.950,2976,74,49,2009,1998,2500,0.109,0.02,2538.00,0.00
5.952,2977,74,49,2008,1997,2499,0.095,0.02,2534.00,0.00
5.954,2978,74,49,2008,1996,2500,0.102,0.02,2538.00,0.00
5.956,2979,74,49,2008,1998,2498,0.102,0.01,2535.00,0.00
5.958,2980,74,49,2008,1997,2500,0.109,0.02,2538.00,0.00
5.960,2981,74,49,2008,1999,2498,0.095,0.00,2535.00,0.00
5.962,2982,74,49,2006,1997,2499,0.102,0.02,2534.00,0.00
5.964,2983,74,49,2006,1997,2500,0.095,0.02,2531.00,0.00
5.966,2984,74,49,2007,1998,2498,0.109,0.02,2532.00,0.00
5.968,2985,74,49,2006,1998,2497,0.109,0.04,2535.00,0.00
5.970,2986,74,49,2007,1999,2498,0.109,0.03,2535.00,0.00
5.972,2987,74,49,2006,1999,2498,0.109,0.02,2535.00,0.00
5.974,2988,74,49,2006,1999,2498,0.109,0.02,2535.00,0.00
5.976,2989,74,49,2006,1999,2498,0.109,0.01,2535.00,0.00
5.978,2990,74,49,2004,1998,2498,0.102,0.01,2534.00,0.00
5.980,2991,74,49,2005,1998,2498,0.102,0.02,2534.00,0.00
5.982,2992,74,49,2003,1996,2499,0.095,0.01,2534.00,0.00
5.984,2993,74,49,2005,1998,2499,0.095,0.01,2534.00,0.00
5.986,2994,74,49,2005,1999,2498,0.102,0.02,2532.00,0.00
5.988,2995,74,49,2006,1998,2498,0.102,0.02,2534.00,0.00
5.990,2996,74,49,2007,1999,2498,0.102,0.02,2537.00,0.00
5.992,2997,74,49,2007,1998,2499,0.102,0.01,2534.00,0.00
5.994,2998,74,49,2007,1998,2499,0.087,0.02,2534.00,0.00
5.996,2999,74,49,2007,1997,2500,0.102,0.01,2532.00,0.00
5.998,3000,74,49,2008,1997,2499,0.102,0.02,2534.00,0.00
6.000,3001,74,50,2007,1996,2499,0.095,0.02,2532.00,0.00
6.002,3002,74,50,2010,2000,2496,0.109,0.04,2537.00,0.00
6.004,3003,74,50,2008,1997,2500,0.102,0.02,2534.00,0.00
6.006,3004,74,50,2008,1997,2499,0.109,0.01,2537.00,0.00
6.008,3005,74,50,2010,1999,2497,0.102,0.01,2540.00,0.00
6.010,3006,74,50,2009,1997,2498,0.102,0.00,2538.00,0.00
6.012,3007,74,50,2009,1997,2499,0.109,0.01,2538.00,0.00
6.014,3008,74,50,2009,1997,2499,0.095,0.02,2538.00,0.00
6.016,3009,74,50,2009,1998,2497,0.095,0.01,2540.00,0.00
6.018,3010,74,50,2009,1998,2499,0.087,0.02,2535.00,0.00
6.020,3011,74,50,2008,1996,2499,0.095,0.02,2534.00,0.00
6.022,3012,74,50,2009,1998,2498,0.109,0.02,2535.00,0.00
6.024,3013,74,50,2009,1997,2497,0.087,0.01,2534.00,0.00
6.026,3014,74,50,2007,1996,2499,0.095,0.01,2532.00,0.00
6.028,3015,74,50,2007,1997,2499,0.102,0.02,2534.00,0.00
6.030,3016,74,50,2006,1996,2498,0.102,0.02,2532.00,0.00
6.032,3017,74,50,2006,1998,2499,0.095,0.01,2532.00,0.00
6.034,3018,74,50,2005,1997,2499,0.095,0.02,2531.00,0.00
6.036,3019,74,50,2006,1998,2498,0.109,0.03,2535.00,0.00
6.038,3020,74,50,2005,1998,2500,0.087,0.02,2532.00,0.00
6.040,3021,74,50,2007,2000,2497,0.102,0.02,2535.00,0.00
6.042,3022,74,50,2005,1998,2500,0.102,0.01,2531.00,0.00
6.044,3023,74,50,2006,1998,2498,0.109,0.02,2532.00,0.00
6.046,3024,74,50,2004,1996,2499,0.095,0.02,2531.00,0.00
6.048,3025,74,50,2004,1997,2501,0.102,0.02,2532.00,0.00
6.050,3026,74,50,2005,1998,2498,0.102,0.02,2532.00,0.00
6.052,3027,74,50,2005,1998,2499,0.087,0.02,2532.00,0.00
6.054,3028,74,50,2005,1999,2498,0.095,0.02,2534.00,0.00
6.056,3029,74,50,2006,1999,2499,0.102,0.03,2534.00,0.00
6.058,3030,74,50,2005,1998,2500,0.102,0.02,2532.00,0.00
6.060,3031,74,50,2005,1997,2499,0.095,0.01,2532.00,0.00
6.062,3032,74,50,2006,1998,2498,0.102,0.02,2541.00,0.00
6.064,3033,74,50,2007,1998,2498,0.102,0.02,2537.00,0.00
6.066,3034,74,50,2008,1999,2498,0.102,0.02,2543.00,0.00
6.068,3035,74,50,2007,1998,2498,0.102,0.02,2535.00,0.00
6.070,3036,74,50,2008,1999,2499,0.109,0.02,2540.00,0.00
6.072,3037,74,50,2009,1998,2499,0.095,0.02,2535.00,0.00
6.074,3038,74,50,2008,1999,2499,0.109,0.01,2540.00,0.00
6.076,3039,74,50,2008,1997,2499,0.095,0.00,2535.00,0.00
6.078,3040,74,50,2008,1997,2498,0.095,0.01,2541.00,0.00
6.080,3041,74,50,2009,1998,2498,0.095,0.02,2535.00,0.00
6.082,3042,74,50,2009,1998,2498,0.095,0.02,2541.00,0.00
6.084,3043,74,50,2008,1997,2499,0.109,0.03,2535.00,0.00
6.086,3044,74,50,2010,1999,2499,0.109,0.02,2540.00,0.00
6.088,3045,74,50,2010,1999,2497,0.095,0.02,2537.00,0.00
6.090,3046,74,50,2009,1998,2498,0.095,0.02,2541.00,0.00
6.092,3047,74,50,2009,1998,2498,0.109,0.01,2537.00,0.00
6.094,3048,74,50,2008,1998,2500,0.102,0.02,2540.00,0.00
6.096,3049,74,50,2008,1997,2499,0.102,0.02,2535.00,0.00
6.098,3050,74,50,2008,1997,2500,0.109,0.02,2540.00,0.00
6.100,3051,74,50,2007,1996,2499,0.102,0.02,2535.00,0.00
6.102,3052,74,50,2007,1997,2499,0.109,0.03,2540.00,0.00
6.104,3053,74,50,2007,1998,2499,0.109,0.02,2534.00,0.00
6.106,3054,74,50,2006,1997,2499,0.102,0.02,2537.00,0.00
6.108,3055,74,50,2008,1999,2498,0.109,0.02,2535.00,0.00
6.110,3056,74,50,2006,1997,2498,0.109,0.01,2541.00,0.00
6.112,3057,74,50,2006,1999,2497,0.095,0.02,2538.00,0.00
6.114,3058,74,50,2006,1997,2498,0.109,0.02,2540.00,0.00
6.116,3059,74,50,2007,2000,2497,0.102,0.02,2537.00,0.00
6.118,3060,74,50,2006,1999,2498,0.109,0.03,2541.00,0.00
6.120,3061,74,50,2008,2000,2497,0.102,0.04,2538.00,0.00
6.122,3062,74,50,2006,2000,2497,0.117,0.02,2543.00,0.00
6.124,3063,74,50,2006,1999,2499,0.095,0.02,2534.00,0.00
6.126,3064,74,50,2006,1999,2499,0.102,0.01,2540.00,0.00
6.128,3065,74,50,2005,1998,2499,0.102,0.02,2535.00,0.00
6.130,3066,74,50,2006,1999,2498,0.095,0.02,2541.00,0.00
6.132,3067,74,50,2006,1997,2499,0.102,0.02,2534.00,0.00
6.134,3068,74,50,2007,1998,2499,0.109,0.02,2538.00,0.00
6.136,3069,74,50,2007,1998,2498,0.102,0.02,2535.00,0.00
6.138,3070,74,50,2008,1999,2498,0.109,0.02,2541.00,0.00
6.140,3071,74,50,2007,1998,2499,0.109,0.02,2534.00,0.00
6.142,3072,74,50,2008,1998,2498,0.095,0.01,2541.00,0.00
6.144,3073,74,50,2008,1998,2499,0.102,0.02,2535.00,0.00
6.146,3074,74,50,2007,1997,2498,0.095,0.01,2540.00,0.00
6.148,3075,74,50,2008,1997,2499,0.109,0.02,2535.00,0.00
6.150,3076,74,50,2007,1996,2500,0.102,0.02,2538.00,0.00
6.152,3077,74,50,2009,1998,2499,0.102,0.02,2535.00,0.00
6.154,3078,74,50,2008,1997,2500,0.102,0.02,2540.00,0.00
6.156,3079,74,50,2009,1997,2500,0.109,0.02,2534.00,0.00
6.158,3080,74,50,2008,1997,2499,0.109,0.01,2538.00,0.00
6.160,3081,74,50,2008,1997,2499,0.102,0.00,2535.00,0.00
6.162,3082,74,50,2008,1997,2498,0.095,0.01,2534.00,0.00
6.164,3083,74,50,2009,1997,2499,0.102,0.02,2532.00,0.00
6.166,3084,74,50,2008,1997,2499,0.109,0.01,2535.00,0.00
6.168,3085,74,50,2008,1997,2498,0.102,0.03,2534.00,0.00
6.170,3086,74,50,2009,1998,2498,0.109,0.02,2535.00,0.00
6.172,3087,74,50,2009,1999,2498,0.117,0.02,2532.00,0.00
6.174,3088,74,50,2009,1998,2498,0.087,0.02,2535.00,0.00
6.176,3089,74,50,2009,1999,2497,0.102,0.01,2537.00,0.00
6.178,3090,74,50,2008,1999,2498,0.102,0.02,2535.00,0.00
6.180,3091,74,50,2008,1998,2497,0.095,0.02,2535.00,0.00
6.182,3092,74,50,2007,1998,2498,0.109,0.02,2534.00,0.00
6.184,3093,74,50,2007,1997,2497,0.102,0.03,2534.00,0.00
6.186,3094,74,50,2007,1998,2499,0.109,0.02,2531.00,0.00
6.188,3095,74,50,2007,1998,2496,0.102,0.02,2534.00,0.00
6.190,3096,74,50,2007,1999,2497,0.102,0.02,2535.00,0.00
6.192,3097,74,50,2006,1997,2499,0.095,0.01,2534.00,0.00
6.194,3098,74,50,2007,1998,2497,0.102,0.02,2535.00,0.00
6.196,3099,74,50,2008,1999,2497,0.102,0.02,2535.00,0.00
6.198,3100,74,50,2007,1999,2498,0.109,0.02,2535.00,0.00
6.200,3101,74,50,2006,1998,2499,0.102,0.02,2534.00,0.00
6.202,3102,74,50,2005,1996,2499,0.095,0.03,2534.00,0.00
6.204,3103,74,50,2007,1998,2497,0.109,0.02,2535.00,0.00
6.206,3104,74,50,2007,1998,2498,0.102,0.02,2534.00,0.00
6.208,3105,74,50,2008,2000,2497,0.102,0.02,2535.00,0.00
6.210,3106,74,50,2007,1997,2498,0.087,0.01,2532.00,0.00
6.212,3107,74,50,2008,1999,2497,0.109,0.02,2535.00,0.00
6.214,3108,74,50,2007,1997,2499,0.109,0.02,2532.00,0.00
6.216,3109,74,50,2007,1998,2498,0.117,0.02,2532.00,0.00
6.218,3110,74,50,2008,1997,2499,0.109,0.02,2531.00,0.00
6.220,3111,74,50,2008,1997,2499,0.102,0.02,2532.00,0.00
6.222,3112,74,50,2008,1998,2499,0.102,0.02,2534.00,0.00
6.224,3113,74,50,2007,1997,2498,0.102,0.01,2532.00,0.00
6.226,3114,74,50,2008,1999,2497,0.102,0.01,2535.00,0.00
6.228,3115,74,50,2008,1998,2498,0.102,0.02,2532.00,0.00
6.230,3116,74,50,2008,1998,2498,0.102,0.01,2534.00,0.00
6.232,3117,74,50,2007,1997,2498,0.095,0.02,2532.00,0.00
6.234,3118,74,50,2008,1998,2498,0.117,0.02,2534.00,0.00
6.236,3119,74,50,2007,1997,2500,0.102,0.02,2532.00,0.00
6.238,3120,74,50,2007,1997,2498,0.095,0.01,2532.00,0.00
6.240,3121,74,50,2010,1999,2497,0.109,0.02,2534.00,0.00
6.242,3122,74,50,2008,1998,2498,0.095,0.00,2534.00,0.00
6.244,3123,74,50,2007,1997,2499,0.102,0.01,2532.00,0.00
6.246,3124,74,50,2007,1997,2499,0.102,0.02,2531.00,0.00
6.248,3125,74,50,2008,1998,2498,0.109,0.02,2534.00,0.00
6.250,3126,74,50,2009,1999,2497,0.117,0.03,2537.00,0.00
6.252,3127,74,50,2009,2000,2497,0.102,0.04,2537.00,0.00
6.254,3128,74,50,2009,1999,2497,0.102,0.02,2535.00,0.00
6.256,3129,74,50,2008,1999,2497,0.109,0.03,2537.00,0.00
6.258,3130,74,50,2008,1998,2499,0.102,0.02,2534.00,0.00
6.260,3131,74,50,2007,1997,2498,0.102,0.00,2534.00,0.00
6.262,3132,74,50,2007,1997,2499,0.102,0.01,2540.00,0.00
6.264,3133,74,50,2008,1999,2497,0.109,0.02,2537.00,0.00
6.266,3134,74,50,2008,1998,2497,0.102,0.02,2540.00,0.00
6.268,3135,74,50,2008,1998,2498,0.109,0.02,2535.00,0.00
6.270,3136,74,50,2009,1999,2497,0.095,0.02,2541.00,0.00
6.272,3137,74,50,2009,1999,2497,0.102,0.02,2538.00,0.00
6.274,3138,74,50,2009,2000,2498,0.109,0.01,2541.00,0.00
6.276,3139,74,50,2008,1998,2498,0.095,0.02,2537.00,0.00
6.278,3140,74,50,2006,1996,2499,0.087,0.00,2538.00,0.00
6.280,3141,74,50,2008,1998,2498,0.102,0.02,2535.00,0.00
6.282,3142,74,50,2008,1998,2498,0.102,0.02,2541.00,0.00
6.284,3143,74,50,2007,1997,2499,0.095,0.02,2535.00,0.00
6.286,3144,74,50,2009,1999,2498,0.102,0.02,2541.00,0.00
6.288,3145,74,50,2008,1999,2498,0.102,0.01,2537.00,0.00
6.290,3146,74,50,2008,1998,2499,0.087,0.02,2540.00,0.00
6.292,3147,74,50,2008,1999,2498,0.102,0.01,2537.00,0.00
6.294,3148,74,50,2007,1997,2499,0.109,0.01,2538.00,0.00
6.296,3149,74,50,2008,1997,2498,0.102,0.01,2535.00,0.00
6.298,3150,74,50,2008,1999,2498,0.102,0.02,2540.00,0.00
6.300,3151,74,50,2007,1997,2498,0.102,0.02,2535.00,0.00
6.302,3152,74,50,2007,1997,2500,0.102,0.03,2538.00,0.00
6.304,3153,74,50,2008,1998,2499,0.095,0.02,2534.00,0.00
6.306,3154,74,50,2008,1997,2499,0.102,0.02,2541.00,0.00
6.308,3155,74,50,2008,1998,2500,0.102,0.01,2534.00,0.00
6.310,3156,74,50,2007,1997,2500,0.102,0.01,2538.00,0.00
6.312,3157,74,50,2007,1997,2499,0.102,0.02,2535.00,0.00
6.314,3158,74,50,2008,1998,2499,0.109,0.02,2540.00,0.00
6.316,3159,74,50,2007,1998,2498,0.109,0.02,2537.00,0.00
6.318,3160,74,50,2008,1998,2498,0.102,0.02,2541.00,0.00
6.320,3161,74,50,2007,1997,2498,0.109,0.03,2537.00,0.00
6.322,3162,74,50,2008,1999,2498,0.095,0.02,2541.00,0.00
6.324,3163,74,50,2008,1998,2498,0.102,0.01,2535.00,0.00
6.326,3164,74,50,2007,1999,2498,0.102,0.00,2543.00,0.00
6.328,3165,74,50,2008,1999,2498,0.102,0.02,2537.00,0.00
6.330,3166,74,50,2007,1999,2497,0.102,0.02,2543.00,0.00
6.332,3167,74,50,2008,1999,2497,0.102,0.02,2537.00,0.00
6.334,3168,74,50,2006,1997,2498,0.102,0.03,2540.00,0.00
6.336,3169,74,50,2008,1998,2498,0.095,0.02,2535.00,0.00
6.338,3170,74,50,2006,1997,2499,0.102,0.02,2540.00,0.00
6.340,3171,74,50,2006,1997,2499,0.102,0.02,2537.00,0.00
6.342,3172,74,50,2006,1997,2499,0.087,0.00,2538.00,0.00
6.344,3173,74,50,2008,1998,2499,0.095,0.02,2534.00,0.00
6.346,3174,74,50,2008,1998,2498,0.109,0.02,2541.00,0.00
6.348,3175,74,50,2006,1997,2499,0.087,0.02,2534.00,0.00
6.350,3176,74,50,2008,1998,2498,0.109,0.02,2540.00,0.00
6.352,3177,74,50,2008,1998,2498,0.087,0.02,2535.00,0.00
6.354,3178,74,50,2007,1997,2499,0.109,0.01,2538.00,0.00
6.356,3179,74,50,2007,1998,2499,0.095,0.02,2535.00,0.00
6.358,3180,74,50,2007,1996,2499,0.087,0.00,2540.00,0.00
6.360,3181,74,50,2007,1997,2500,0.102,0.02,2534.00,0.00
6.362,3182,74,50,2008,1998,2498,0.102,0.02,2534.00,0.00
6.364,3183,74,50,2008,1997,2498,0.109,0.01,2535.00,0.00
6.366,3184,74,50,2007,1997,2499,0.102,0.02,2532.00,0.00
6.368,3185,74,50,2008,1998,2500,0.109,0.02,2532.00,0.00
6.370,3186,74,50,2007,1997,2500,0.102,0.02,2532.00,0.00
6.372,3187,74,50,2008,1998,2499,0.102,0.02,2531.00,0.00
6.374,3188,74,50,2006,1997,2499,0.095,0.00,2532.00,0.00
6.376,3189,74,50,2008,1999,2499,0.109,0.00,2534.00,0.00
6.378,3190,74,50,2008,1998,2499,0.102,0.02,2532.00,0.00
6.380,3191,74,50,2009,1999,2498,0.109,0.02,2535.00,0.00
6.382,3192,74,50,2008,1999,2498,0.102,0.02,2534.00,0.00
6.384,3193,74,50,2008,1999,2497,0.102,0.02,2535.00,0.00
6.386,3194,74,50,2008,1999,2498,0.102,0.02,2534.00,0.00
6.388,3195,74,50,2009,1999,2498,0.102,0.02,2535.00,0.00
6.390,3196,74,50,2007,1998,2500,0.095,0.00,2532.00,0.00
6.392,3197,74,50,2007,1998,2499,0.109,0.01,2534.00,0.00
6.394,3198,74,50,2008,1999,2497,0.109,0.02,2535.00,0.00
6.396,3199,74,50,2008,1997,2498,0.102,0.02,2532.00,0.00
6.398,3200,74,50,2008,1999,2497,0.109,0.02,2535.00,0.00
6.400,3201,74,50,2008,1998,2498,0.095,0.01,2535.00,0.00
6.402,3202,74,50,2006,1997,2499,0.102,0.02,2532.00,0.00
6.404,3203,74,50,2007,1997,2500,0.109,0.02,2534.00,0.00
6.406,3204,74,50,2008,1997,2500,0.102,0.02,2532.00,0.00
6.408,3205,74,50,2008,1997,2500,0.102,0.01,2532.00,0.00
6.410,3206,74,50,2008,1998,2499,0.109,0.01,2532.00,0.00
6.412,3207,74,50,2008,1998,2498,0.109,0.02,2532.00,0.00
6.414,3208,74,50,2008,1999,2498,0.109,0.02,2532.00,0.00
6.416,3209,74,50,2007,1998,2499,0.102,0.02,2532.00,0.00
6.418,3210,74,50,2007,1996,2499,0.109,0.02,2532.00,0.00
6.420,3211,74,50,2007,1998,2499,0.109,0.02,2532.00,0.00
6.422,3212,74,50,2008,1999,2497,0.095,0.02,2535.00,0.00
6.424,3213,74,50,2009,1999,2498,0.102,0.01,2535.00,0.00
6.426,3214,74,50,2009,1999,2498,0.109,0.02,2535.00,0.00
6.428,3215,74,50,2007,1999,2499,0.087,0.01,2532.00,0.00
6.430,3216,74,50,2007,1998,2498,0.102,0.02,2534.00,0.00
6.432,3217,74,50,2008,1998,2499,0.109,0.02,2534.00,0.00
6.434,3218,74,50,2007,1997,2499,0.102,0.02,2531.00,0.00
6.436,3219,74,50,2009,1999,2498,0.102,0.02,2535.00,0.00
6.438,3220,74,50,2008,1998,2499,0.095,0.02,2534.00,0.00
6.440,3221,74,50,2008,1999,2500,0.109,0.01,2534.00,0.00
6.442,3222,74,50,2008,1998,2499,0.109,0.02,2532.00,0.00
6.444,3223,74,50,2007,1996,2499,0.102,0.02,2534.00,0.00
6.446,3224,74,50,2008,1997,2499,0.102,0.02,2532.00,0.00
6.448,3225,74,50,2007,1997,2499,0.102,0.02,2531.00,0.00
6.450,3226,74,50,2008,1997,2498,0.102,0.02,2534.00,0.00
6.452,3227,74,50,2008,1998,2498,0.095,0.03,2534.00,0.00
6.454,3228,74,50,2008,1998,2499,0.087,0.02,2532.00,0.00
6.456,3229,74,50,2007,1998,2499,0.109,0.02,2534.00,0.00
6.458,3230,74,50,2007,1998,2500,0.102,0.02,2532.00,0.00
6.460,3231,74,50,2008,1998,2499,0.095,0.00,2535.00,0.00
6.462,3232,74,50,2006,1997,2499,0.102,0.01,2538.00,0.00
6.464,3233,74,50,2008,1998,2498,0.102,0.01,2537.00,0.00
6.466,3234,74,50,2006,1996,2500,0.102,0.02,2538.00,0.00
6.468,3235,74,50,2007,1997,2498,0.095,0.02,2535.00,0.00
6.470,3236,74,50,2008,1998,2499,0.095,0.02,2540.00,0.00
6.472,3237,74,50,2007,1998,2498,0.102,0.01,2535.00,0.00
6.474,3238,74,50,2007,1997,2499,0.102,0.02,2538.00,0.00
6.476,3239,74,50,2007,1997,2500,0.102,0.01,2534.00,0.00
6.478,3240,74,50,2007,1997,2500,0.102,0.02,2540.00,0.00
6.480,3241,74,50,2007,1997,2499,0.102,0.02,2534.00,0.00
6.482,3242,74,50,2006,1997,2500,0.095,0.02,2538.00,0.00
6.484,3243,74,50,2007,1997,2499,0.102,0.02,2534.00,0.00
6.486,3244,74,50,2007,1997,2499,0.102,0.02,2540.00,0.00
6.488,3245,74,50,2007,1998,2499,0.095,0.01,2534.00,0.00
6.490,3246,74,50,2008,1998,2498,0.095,0.02,2540.00,0.00
6.492,3247,74,50,2007,1997,2499,0.102,0.01,2534.00,0.00
6.494,3248,74,50,2007,1999,2497,0.102,0.01,2543.00,0.00
6.496,3249,74,50,2007,1997,2498,0.109,0.02,2535.00,0.00
6.498,3250,74,50,2007,1998,2497,0.102,0.02,2544.00,0.00
6.500,3251,74,50,2008,1999,2497,0.109,0.02,2537.00,0.00
6.502,3252,74,50,2008,1999,2497,0.102,0.02,2541.00,0.00
6.504,3253,74,50,2007,1998,2499,0.087,0.00,2537.00,0.00
6.506,3254,74,50,2007,1998,2499,0.102,0.02,2540.00,0.00
6.508,3255,74,50,2007,1997,2499,0.102,0.00,2534.00,0.00
6.510,3256,74,50,2007,1998,2498,0.109,0.00,2541.00,0.00
6.512,3257,74,50,2006,1997,2499,0.095,0.02,2534.00,0.00
6.514,3258,74,50,2006,1996,2499,0.087,0.00,2540.00,0.00
6.516,3259,74,50,2007,1998,2498,0.102,0.01,2535.00,0.00
6.518,3260,74,50,2007,1999,2499,0.095,0.02,2540.00,0.00
6.520,3261,74,50,2008,1999,2499,0.087,0.02,2534.00,0.00
6.522,3262,74,50,2005,1997,2499,0.102,0.02,2540.00,0.00
6.524,3263,74,50,2007,1998,2499,0.102,0.00,2534.00,0.00
6.526,3264,74,50,2007,1998,2498,0.102,0.01,2540.00,0.00
6.528,3265,74,50,2007,1996,2499,0.109,0.01,2535.00,0.00
6.530,3266,74,50,2005,1996,2499,0.109,0.01,2540.00,0.00
6.532,3267,74,50,2007,1997,2500,0.102,0.02,2534.00,0.00
6.534,3268,74,50,2007,1998,2499,0.109,0.02,2537.00,0.00
6.536,3269,74,50,2006,1996,2500,0.095,0.02,2532.00,0.00
6.538,3270,74,50,2006,1997,2499,0.102,0.02,2540.00,0.00
6.540,3271,74,50,2006,1996,2500,0.095,0.01,2534.00,0.00
6.542,3272,74,50,2007,1997,2500,0.109,0.02,2540.00,0.00
6.544,3273,74,50,2007,1997,2499,0.102,0.02,2534.00,0.00
6.546,3274,74,50,2006,1997,2499,0.102,0.01,2538.00,0.00
6.548,3275,74,50,2006,1997,2498,0.102,0.01,2535.00,0.00
6.550,3276,74,50,2008,1999,2496,0.095,0.02,2543.00,0.00
6.552,3277,74,50,2008,1998,2500,0.102,0.03,2534.00,0.00
6.554,3278,74,50,2008,1999,2498,0.102,0.02,2543.00,0.00
6.556,3279,74,50,2008,1999,2498,0.095,0.02,2537.00,0.00
6.558,3280,74,50,2009,2000,2497,0.109,0.02,2544.00,0.00
6.560,3281,74,50,2008,1999,2498,0.109,0.02,2537.00,0.00
6.562,3282,74,50,2006,1997,2500,0.102,0.02,2532.00,0.00
6.564,3283,74,50,2007,1998,2498,0.102,0.02,2535.00,0.00
6.566,3284,74,50,2007,1998,2499,0.095,0.02,2532.00,0.00
6.568,3285,74,50,2007,1998,2499,0.109,0.03,2534.00,0.00
6.570,3286,74,50,2008,1999,2497,0.109,0.02,2535.00,0.00
6.572,3287,74,50,2006,1997,2500,0.109,0.02,2531.00,0.00
6.574,3288,74,50,2008,1999,2498,0.109,0.01,2535.00,0.00
6.576,3289,74,50,2008,1999,2498,0.109,0.01,2535.00,0.00
6.578,3290,74,50,2007,1998,2499,0.102,0.02,2534.00,0.00
6.580,3291,74,50,2007,1998,2498,0.102,0.02,2535.00,0.00
6.582,3292,74,50,2006,1997,2498,0.102,0.02,2534.00,0.00
6.584,3293,74,50,2007,1998,2498,0.102,0.02,2534.00,0.00
6.586,3294,74,50,2007,1998,2499,0.095,0.02,2534.00,0.00
6.588,3295,74,50,2007,1999,2497,0.109,0.02,2537.00,0.00
6.590,3296,74,50,2007,1999,2498,0.102,0.02,2534.00,0.00
6.592,3297,74,50,2008,1999,2499,0.102,0.00,2532.00,0.00
6.594,3298,74,50,2007,1998,2500,0.102,0.02,2531.00,0.00
6.596,3299,74,50,2006,1997,2500,0.102,0.02,2531.00,0.00
6.598,3300,74,50,2006,1997,2499,0.109,0.01,2530.00,0.00
6.600,3301,74,50,2007,1997,2499,0.109,0.02,2532.00,0.00
6.602,3302,74,50,2007,1998,2498,0.109,0.03,2532.00,0.00
6.604,3303,74,50,2007,1998,2499,0.095,0.01,2534.00,0.00
6.606,3304,74,50,2007,1998,2499,0.102,0.02,2532.00,0.00
6.608,3305,74,50,2007,1998,2499,0.102,0.01,2534.00,0.00
6.610,3306,74,50,2007,1998,2500,0.102,0.01,2532.00,0.00
6.612,3307,74,50,2007,1998,2498,0.102,0.02,2535.00,0.00
6.614,3308,74,50,2008,1999,2498,0.095,0.01,2535.00,0.00
6.616,3309,74,50,2008,1999,2499,0.109,0.02,2535.00,0.00
6.618,3310,74,50,2006,1998,2499,0.087,0.02,2532.00,0.00
6.620,3311,74,50,2007,1996,2500,0.109,0.02,2532.00,0.00
6.622,3312,74,50,2008,1998,2499,0.102,0.02,2534.00,0.00
6.624,3313,74,50,2008,1998,2499,0.102,0.01,2532.00,0.00
6.626,3314,74,50,2007,1998,2499,0.095,0.01,2532.00,0.00
6.628,3315,74,50,2007,1998,2499,0.095,0.02,2534.00,0.00
6.630,3316,74,50,2007,1998,2498,0.102,0.02,2535.00,0.00
6.632,3317,74,50,2007,1997,2499,0.102,0.02,2532.00,0.00
6.634,3318,74,50,2006,1997,2500,0.095,0.03,2531.00,0.00
6.636,3319,74,50,2007,1997,2499,0.102,0.02,2532.00,0.00
6.638,3320,74,50,2007,1998,2501,0.109,0.02,2532.00,0.00
6.640,3321,74,50,2008,1998,2499,0.109,0.02,2532.00,0.00
6.642,3322,74,50,2006,1997,2499,0.087,0.00,2532.00,0.00
6.644,3323,74,50,2006,1997,2499,0.102,0.02,2534.00,0.00
6.646,3324,74,50,2006,1997,2499,0.102,0.02,2532.00,0.00
6.648,3325,74,50,2008,1999,2497,0.102,0.02,2535.00,0.00
6.650,3326,74,50,2007,1999,2499,0.109,0.02,2535.00,0.00
6.652,3327,74,50,2006,1997,2499,0.087,0.03,2535.00,0.00
6.654,3328,74,50,2007,1998,2498,0.102,0.02,2537.00,0.00
6.656,3329,74,50,2007,1997,2499,0.102,0.02,2534.00,0.00
6.658,3330,74,50,2005,1997,2500,0.109,0.02,2532.00,0.00
6.660,3331,74,50,2007,1998,2498,0.102,0.00,2534.00,0.00
6.662,3332,74,50,2007,1999,2497,0.102,0.02,2540.00,0.00
6.664,3333,74,50,2007,1999,2499,0.102,0.02,2535.00,0.00
6.666,3334,74,50,2005,1997,2499,0.109,0.02,2540.00,0.00
6.668,3335,74,50,2007,1998,2498,0.095,0.02,2537.00,0.00
6.670,3336,74,50,2007,1999,2498,0.102,0.03,2541.00,0.00
6.672,3337,74,50,2008,1998,2498,0.102,0.02,2537.00,0.00
6.674,3338,74,50,2007,1999,2499,0.102,0.01,2541.00,0.00
6.676,3339,74,50,2006,1998,2499,0.109,0.01,2535.00,0.00
6.678,3340,74,50,2006,1998,2499,0.087,0.01,2540.00,0.00
6.680,3341,74,50,2007,1998,2498,0.095,0.02,2537.00,0.00
6.682,3342,74,50,2006,1997,2499,0.095,0.01,2540.00,0.00
6.684,3343,74,50,2005,1997,2499,0.095,0.02,2535.00,0.00
6.686,3344,74,50,2006,1997,2499,0.102,0.02,2540.00,0.00
6.688,3345,74,50,2007,1999,2499,0.102,0.02,2535.00,0.00
6.690,3346,74,50,2007,1999,2499,0.102,0.02,2540.00,0.00
6.692,3347,74,50,2006,1998,2499,0.109,0.01,2534.00,0.00
6.694,3348,74,50,2007,1999,2498,0.102,0.01,2540.00,0.00
6.696,3349,74,50,2006,1998,2498,0.102,0.02,2535.00,0.00
6.698,3350,74,50,2006,1997,2500,0.102,0.01,2540.00,0.00
6.700,3351,74,50,2007,1998,2498,0.102,0.01,2537.00,0.00
6.702,3352,74,50,2007,1998,2500,0.109,0.04,2540.00,0.00
6.704,3353,74,50,2007,1998,2500,0.109,0.02,2534.00,0.00
6.706,3354,74,50,2006,1997,2500,0.102,0.02,2540.00,0.00
6.708,3355,74,50,2007,1998,2501,0.102,0.02,2532.00,0.00
6.710,3356,74,50,2008,1999,2499,0.109,0.01,2540.00,0.00
6.712,3357,74,50,2006,1997,2499,0.109,0.02,2531.00,0.00
6.714,3358,74,50,2006,1997,2500,0.109,0.02,2540.00,0.00
6.716,3359,74,50,2006,1998,2498,0.102,0.02,2535.00,0.00
6.718,3360,74,50,2006,1997,2499,0.102,0.02,2540.00,0.00
6.720,3361,74,50,2006,1997,2499,0.102,0.02,2534.00,0.00
6.722,3362,74,50,2007,1998,2499,0.102,0.02,2541.00,0.00
6.724,3363,74,50,2007,1998,2499,0.109,0.02,2535.00,0.00
6.726,3364,74,50,2008,2000,2497,0.102,0.01,2543.00,0.00
6.728,3365,74,50,2007,1999,2498,0.102,0.02,2535.00,0.00
6.730,3366,74,50,2007,1998,2498,0.102,0.02,2541.00,0.00
6.732,3367,74,50,2008,2000,2498,0.102,0.02,2538.00,0.00
6.734,3368,74,50,2007,1997,2500,0.095,0.02,2538.00,0.00
6.736,3369,74,50,2006,1997,2499,0.102,0.02,2535.00,0.00
6.738,3370,74,50,2007,1998,2499,0.087,0.01,2538.00,0.00
6.740,3371,74,50,2008,1997,2499,0.109,0.02,2535.00,0.00
6.742,3372,74,50,2007,1998,2498,0.095,0.00,2541.00,0.00
6.744,3373,74,50,2007,1999,2499,0.095,0.01,2534.00,0.00
6.746,3374,74,50,2007,1998,2499,0.095,0.02,2540.00,0.00
6.748,3375,74,50,2007,1998,2499,0.102,0.01,2534.00,0.00
6.750,3376,74,50,2007,1998,2499,0.109,0.02,2540.00,0.00
6.752,3377,74,50,2006,1997,2499,0.102,0.02,2534.00,0.00
6.754,3378,74,50,2007,1999,2499,0.102,0.02,2540.00,0.00
6.756,3379,74,50,2006,1998,2499,0.095,0.02,2534.00,0.00
6.758,3380,74,50,2007,1999,2498,0.102,0.01,2541.00,0.00
6.760,3381,74,50,2006,1997,2500,0.102,0.01,2532.00,0.00
6.762,3382,74,50,2006,1997,2500,0.102,0.01,2532.00,0.00
6.764,3383,74,50,2008,2000,2498,0.102,0.02,2535.00,0.00
6.766,3384,74,50,2007,1998,2498,0.102,0.02,2535.00,0.00
6.768,3385,74,50,2008,1999,2497,0.109,0.03,2535.00,0.00
6.770,3386,74,50,2007,1998,2499,0.102,0.03,2535.00,0.00
6.772,3387,74,50,2006,1998,2499,0.095,0.02,2532.00,0.00
6.774,3388,74,50,2007,1998,2499,0.102,0.01,2534.00,0.00
6.776,3389,74,50,2007,1997,2500,0.095,0.01,2531.00,0.00
6.778,3390,74,50,2007,1997,2498,0.109,0.02,2534.00,0.00
6.780,3391,74,50,2008,1999,2497,0.109,0.02,2535.00,0.00
6.782,3392,74,50,2007,1997,2498,0.102,0.02,2532.00,0.00
6.784,3393,74,50,2007,1998,2498,0.102,0.02,2534.00,0.00
6.786,3394,74,50,2008,1999,2498,0.102,0.02,2534.00,0.00
6.788,3395,74,50,2008,1999,2498,0.109,0.02,2537.00,0.00
6.790,3396,74,50,2008,1999,2498,0.095,0.02,2534.00,0.00
6.792,3397,74,50,2008,1998,2501,0.109,0.01,2531.00,0.00
6.794,3398,74,50,2007,1998,2498,0.095,0.01,2535.00,0.00
6.796,3399,74,50,2007,1997,2499,0.095,0.02,2532.00,0.00
6.798,3400,74,50,2008,1998,2498,0.102,0.02,2535.00,0.00
6.800,3401,74,50,2007,1997,2498,0.109,0.02,2534.00,0.00
6.802,3402,74,50,2008,1998,2499,0.102,0.04,2534.00,0.00
6.804,3403,74,50,2009,1999,2498,0.117,0.03,2535.00,0.00
6.806,3404,74,50,2009,2000,2497,0.102,0.02,2537.00,0.00
6.808,3405,74,50,2009,1999,2498,0.102,0.01,2535.00,0.00
6.810,3406,74,50,2008,1997,2499,0.102,0.00,2532.00,0.00
6.812,3407,74,50,2007,1997,2500,0.102,0.02,2531.00,0.00
6.814,3408,74,50,2007,1998,2499,0.109,0.02,2534.00,0.00
6.816,3409,74,50,2007,1997,2499,0.095,0.02,2531.00,0.00
6.818,3410,74,50,2008,1998,2499,0.102,0.02,2534.00,0.00
6.820,3411,74,50,2008,1997,2500,0.102,0.02,2531.00,0.00
6.822,3412,74,50,2009,2000,2497,0.102,0.02,2535.00,0.00
6.824,3413,74,50,2009,2000,2498,0.102,0.01,2535.00,0.00
6.826,3414,74,50,2009,1999,2498,0.102,0.01,2535.00,0.00
6.828,3415,74,50,2007,1997,2499,0.080,0.01,2531.00,0.00
6.830,3416,74,50,2007,1997,2500,0.109,0.02,2532.00,0.00
6.832,3417,74,50,2008,1997,2499,0.095,0.02,2532.00,0.00
6.834,3418,74,50,2007,1997,2498,0.095,0.02,2534.00,0.00
6.836,3419,74,50,2008,1998,2499,0.102,0.02,2532.00,0.00
6.838,3420,74,50,2010,1999,2499,0.109,0.02,2534.00,0.00
6.840,3421,74,50,2009,2000,2497,0.102,0.02,2537.00,0.00
6.842,3422,74,50,2009,2000,2498,0.102,0.02,2534.00,0.00
6.844,3423,74,50,2009,1999,2498,0.102,0.02,2535.00,0.00
6.846,3424,74,50,2008,1998,2498,0.102,0.01,2534.00,0.00
6.848,3425,74,50,2007,1997,2499,0.102,0.00,2532.00,0.00
6.850,3426,74,50,2008,1997,2499,0.109,0.02,2532.00,0.00
6.852,3427,74,50,2007,1997,2501,0.102,0.03,2532.00,0.00
6.854,3428,74,50,2009,1999,2498,0.109,0.03,2534.00,0.00
6.856,3429,74,50,2010,2000,2498,0.117,0.02,2535.00,0.00
6.858,3430,74,50,2008,1998,2499,0.109,0.01,2531.00,0.00
6.860,3431,74,50,2008,1999,2498,0.102,0.00,2535.00,0.00
6.862,3432,74,50,2007,1997,2500,0.102,0.02,2538.00,0.00
6.864,3433,74,50,2007,1997,2500,0.102,0.01,2534.00,0.00
6.866,3434,74,50,2008,1998,2499,0.102,0.01,2538.00,0.00
6.868,3435,74,50,2007,1997,2499,0.102,0.02,2532.00,0.00
6.870,3436,74,50,2008,1998,2499,0.102,0.03,2540.00,0.00
6.872,3437,74,50,2009,1999,2499,0.102,0.02,2534.00,0.00
6.874,3438,74,50,2007,1996,2501,0.095,0.01,2537.00,0.00
6.876,3439,74,50,2008,1997,2500,0.109,0.01,2532.00,0.00
6.878,3440,74,50,2007,1997,2501,0.102,0.02,2537.00,0.00
6.880,3441,74,50,2007,1996,2500,0.102,0.02,2532.00,0.00
6.882,3442,74,50,2008,1997,2500,0.109,0.02,2538.00,0.00
6.884,3443,74,50,2007,1997,2501,0.102,0.03,2532.00,0.00
6.886,3444,74,50,2009,1998,2499,0.109,0.02,2538.00,0.00
6.888,3445,74,50,2009,1998,2499,0.109,0.02,2535.00,0.00
6.890,3446,74,50,2008,1997,2499,0.109,0.02,2540.00,0.00
6.892,3447,74,50,2008,2000,2499,0.095,0.01,2537.00,0.00
6.894,3448,74,50,2007,1996,2499,0.102,0.01,2540.00,0.00
6.896,3449,74,50,2008,1997,2499,0.095,0.01,2535.00,0.00
6.898,3450,74,50,2009,1999,2497,0.095,0.01,2543.00,0.00
6.900,3451,74,50,2008,1999,2498,0.102,0.02,2537.00,0.00
6.902,3452,74,50,2008,2000,2498,0.102,0.03,2543.00,0.00
6.904,3453,74,50,2009,1999,2499,0.087,0.02,2535.00,0.00
6.906,3454,74,50,2007,1997,2500,0.087,0.01,2538.00,0.00
6.908,3455,74,50,2008,1998,2498,0.087,0.00,2535.00,0.00
6.910,3456,74,50,2007,1996,2500,0.087,0.00,2537.00,0.00
6.912,3457,74,50,2007,1997,2500,0.102,0.02,2534.00,0.00
6.914,3458,74,50,2008,1998,2498,0.095,0.02,2540.00,0.00
6.916,3459,74,50,2008,1997,2499,0.087,0.02,2534.00,0.00
6.918,3460,74,50,2008,1999,2499,0.095,0.02,2541.00,0.00
6.920,3461,74,50,2008,1998,2497,0.109,0.02,2537.00,0.00
6.922,3462,74,50,2008,1997,2500,0.102,0.02,2540.00,0.00
6.924,3463,74,50,2009,1998,2498,0.102,0.02,2535.00,0.00
6.926,3464,74,50,2007,1997,2498,0.102,0.01,2540.00,0.00
6.928,3465,74,50,2007,1997,2499,0.109,0.02,2535.00,0.00
6.930,3466,74,50,2008,1998,2498,0.102,0.02,2541.00,0.00
6.932,3467,74,50,2007,1996,2501,0.102,0.02,2532.00,0.00
6.934,3468,74,50,2007,1997,2500,0.102,0.02,2540.00,0.00
6.936,3469,74,50,2008,1998,2500,0.102,0.02,2532.00,0.00
6.938,3470,74,50,2007,1997,2500,0.102,0.02,2538.00,0.00
6.940,3471,74,50,2008,1998,2500,0.109,0.02,2534.00,0.00
6.942,3472,74,50,2006,1996,2500,0.095,0.00,2538.00,0.00
6.944,3473,74,50,2007,1996,2499,0.102,0.01,2535.00,0.00
6.946,3474,74,50,2008,1998,2498,0.102,0.02,2541.00,0.00
6.948,3475,74,50,2007,1996,2500,0.102,0.02,2534.00,0.00
6.950,3476,74,50,2008,1998,2498,0.102,0.02,2543.00,0.00
6.952,3477,74,50,2008,1999,2498,0.109,0.03,2537.00,0.00
6.954,3478,74,50,2008,1997,2498,0.087,0.02,2541.00,0.00
6.956,3479,74,50,2009,2000,2496,0.102,0.02,2538.00,0.00
6.958,3480,74,50,2008,1998,2498,0.087,0.02,2541.00,0.00
6.960,3481,74,50,2008,1998,2498,0.087,0.00,2537.00,0.00
6.962,3482,74,50,2008,1997,2498,0.109,0.02,2535.00,0.00
6.964,3483,74,50,2006,1997,2498,0.102,0.01,2534.00,0.00
6.966,3484,74,50,2008,1997,2497,0.109,0.03,2535.00,0.00
6.968,3485,74,50,2008,1999,2498,0.109,0.02,2535.00,0.00
6.970,3486,74,50,2007,1998,2500,0.109,0.02,2532.00,0.00
6.972,3487,74,50,2007,1997,2498,0.109,0.02,2535.00,0.00
6.974,3488,74,50,2006,1996,2501,0.095,0.01,2531.00,0.00
6.976,3489,74,50,2006,1997,2500,0.102,0.01,2531.00,0.00
6.978,3490,74,50,2007,1997,2499,0.102,0.02,2534.00,0.00
6.980,3491,74,50,2006,1996,2500,0.102,0.02,2532.00,0.00
6.982,3492,74,50,2006,1996,2498,0.102,0.02,2534.00,0.00
6.984,3493,74,50,2006,1998,2498,0.087,0.02,2532.00,0.00
6.986,3494,74,50,2006,1998,2498,0.095,0.01,2534.00,0.00
6.988,3495,74,50,2007,1999,2498,0.095,0.01,2534.00,0.00
6.990,3496,74,50,2006,1997,2500,0.095,0.01,2531.00,0.00
6.992,3497,74,50,2006,1997,2500,0.102,0.01,2532.00,0.00
6.994,3498,74,50,2006,1997,2499,0.102,0.02,2532.00,0.00
6.996,3499,74,50,2006,1997,2500,0.102,0.02,2532.00,0.00
6.998,3500,74,50,2006,1996,2499,0.102,0.02,2534.00,0.00
7.000,3501,74,50,2007,1998,2499,0.102,0.02,2534.00,0.00
7.002,3502,74,50,2006,1996,2499,0.095,0.02,2531.00,0.00
7.004,3503,74,50,2007,1998,2498,0.102,0.02,2532.00,0.00
7.006,3504,74,50,2007,1997,2498,0.095,0.02,2532.00,0.00
7.008,3505,74,50,2008,1999,2498,0.102,0.02,2535.00,0.00
7.010,3506,74,50,2007,1997,2499,0.095,0.00,2532.00,0.00
7.012,3507,74,50,2007,1999,2497,0.095,0.01,2535.00,0.00
7.014,3508,74,50,2007,1998,2498,0.102,0.02,2535.00,0.00
7.016,3509,74,50,2009,1999,2497,0.109,0.02,2535.00,0.00
7.018,3510,74,50,2006,1997,2499,0.095,0.02,2532.00,0.00
7.020,3511,74,50,2006,1996,2500,0.109,0.02,2532.00,0.00
7.022,3512,74,50,2007,1997,2498,0.102,0.01,2532.00,0.00
7.024,3513,74,50,2006,1997,2499,0.095,0.00,2531.00,0.00
7.026,3514,74,50,2008,1999,2498,0.102,0.01,2535.00,0.00
7.028,3515,74,50,2007,1998,2498,0.102,0.02,2534.00,0.00
7.030,3516,74,50,2007,1998,2498,0.102,0.00,2534.00,0.00
7.032,3517,74,50,2006,1997,2499,0.109,0.02,2532.00,0.00
7.034,3518,74,50,2005,1996,2500,0.095,0.02,2531.00,0.00
7.036,3519,74,50,2006,1997,2499,0.102,0.02,2532.00,0.00
7.038,3520,74,50,2005,1996,2501,0.095,0.02,2531.00,0.00
7.040,3521,74,50,2006,1998,2499,0.102,0.02,2532.00,0.00
7.042,3522,74,50,2006,1996,2499,0.095,0.00,2531.00,0.00
7.044,3523,74,50,2006,1998,2498,0.095,0.01,2534.00,0.00
7.046,3524,74,50,2007,1999,2498,0.117,0.02,2535.00,0.00
7.048,3525,74,50,2007,1998,2498,0.102,0.02,2534.00,0.00
7.050,3526,74,50,2007,1999,2497,0.109,0.02,2535.00,0.00
7.052,3527,74,50,2008,1999,2498,0.102,0.04,2535.00,0.00
7.054,3528,74,50,2008,1999,2497,0.102,0.02,2537.00,0.00
7.056,3529,74,50,2005,1997,2500,0.080,0.00,2531.00,0.00
7.058,3530,74,50,2007,1998,2499,0.109,0.01,2532.00,0.00
7.060,3531,74,50,2005,1997,2499,0.102,0.00,2532.00,0.00
7.062,3532,74,50,2007,1998,2499,0.102,0.02,2538.00,0.00
7.064,3533,74,50,2007,1999,2496,0.102,0.02,2538.00,0.00
7.066,3534,74,50,2006,1997,2499,0.087,0.02,2538.00,0.00
7.068,3535,74,50,2008,1999,2498,0.095,0.02,2537.00,0.00
7.070,3536,74,50,2007,1999,2498,0.095,0.03,2541.00,0.00
7.072,3537,74,50,2009,1999,2498,0.095,0.02,2537.00,0.00
7.074,3538,74,50,2008,2000,2498,0.102,0.02,2543.00,0.00
7.076,3539,74,50,2007,1998,2499,0.102,0.01,2534.00,0.00
7.078,3540,74,50,2007,1998,2499,0.102,0.02,2540.00,0.00
7.080,3541,74,50,2008,1999,2497,0.095,0.02,2538.00,0.00
7.082,3542,74,50,2006,1997,2499,0.095,0.01,2541.00,0.00
7.084,3543,74,50,2006,1998,2498,0.087,0.02,2537.00,0.00
7.086,3544,74,50,2007,1999,2498,0.102,0.02,2540.00,0.00
7.088,3545,74,50,2006,1998,2499,0.102,0.01,2535.00,0.00
7.090,3546,74,50,2007,1998,2499,0.095,0.02,2540.00,0.00
7.092,3547,74,50,2004,1996,2500,0.095,0.01,2534.00,0.00
7.094,3548,74,50,2006,1998,2499,0.102,0.00,2540.00,0.00
7.096,3549,74,50,2007,1999,2496,0.095,0.01,2538.00,0.00
7.098,3550,74,50,2007,1998,2498,0.102,0.02,2541.00,0.00
7.100,3551,74,50,2007,1998,2497,0.102,0.02,2538.00,0.00
7.102,3552,74,50,2005,1996,2501,0.095,0.02,2538.00,0.00
7.104,3553,74,50,2007,1998,2499,0.102,0.02,2534.00,0.00
7.106,3554,74,50,2007,1998,2500,0.102,0.02,2538.00,0.00
7.108,3555,74,50,2007,1998,2500,0.109,0.02,2534.00,0.00
7.110,3556,74,50,2007,1997,2500,0.102,0.01,2537.00,0.00
7.112,3557,74,50,2006,1997,2499,0.102,0.02,2535.00,0.00
7.114,3558,74,50,2005,1996,2500,0.095,0.02,2538.00,0.00
7.116,3559,74,50,2007,1997,2498,0.102,0.02,2535.00,0.00
7.118,3560,74,50,2007,1997,2499,0.095,0.02,2540.00,0.00
7.120,3561,74,50,2007,1997,2499,0.080,0.02,2534.00,0.00
7.122,3562,74,50,2008,1999,2499,0.102,0.02,2541.00,0.00
7.124,3563,74,50,2007,1997,2499,0.087,0.01,2535.00,0.00
7.126,3564,74,50,2008,1998,2498,0.102,0.01,2541.00,0.00
7.128,3565,74,50,2008,1999,2498,0.102,0.02,2538.00,0.00
7.130,3566,74,50,2007,1996,2498,0.095,0.01,2543.00,0.00
7.132,3567,74,50,2007,1997,2498,0.102,0.02,2535.00,0.00
7.134,3568,74,50,2006,1997,2500,0.080,0.02,2538.00,0.00
7.136,3569,74,50,2007,1998,2499,0.102,0.02,2535.00,0.00
7.138,3570,74,50,2007,1998,2499,0.095,0.01,2541.00,0.00
7.140,3571,74,50,2007,1998,2498,0.095,0.02,2535.00,0.00
7.142,3572,74,50,2007,1998,2499,0.095,0.00,2540.00,0.00
7.144,3573,74,50,2006,1998,2499,0.102,0.02,2534.00,0.00
7.146,3574,74,50,2007,1998,2499,0.095,0.01,2538.00,0.00
7.148,3575,74,50,2006,1998,2498,0.095,0.02,2534.00,0.00
7.150,3576,74,50,2006,1997,2499,0.102,0.02,2540.00,0.00
7.152,3577,74,50,2007,1998,2498,0.102,0.02,2537.00,0.00
7.154,3578,74,50,2007,1998,2499,0.102,0.01,2541.00,0.00
7.156,3579,74,50,2007,1998,2499,0.102,0.01,2534.00,0.00
7.158,3580,74,50,2006,1997,2500,0.102,0.00,2538.00,0.00
7.160,3581,74,50,2006,1997,2500,0.109,0.01,2534.00,0.00
7.162,3582,74,50,2008,1998,2498,0.109,0.02,2534.00,0.00
7.164,3583,74,50,2007,1999,2497,0.109,0.02,2537.00,0.00
7.166,3584,74,50,2008,1999,2498,0.095,0.02,2535.00,0.00
7.168,3585,74,50,2007,1998,2498,0.095,0.02,2535.00,0.00
7.170,3586,74,50,2007,1998,2500,0.102,0.02,2532.00,0.00
7.172,3587,74,50,2007,1997,2499,0.102,0.02,2532.00,0.00
7.174,3588,74,50,2007,1997,2500,0.102,0.01,2532.00,0.00
7.176,3589,74,50,2009,1997,2500,0.109,0.01,2532.00,0.00
7.178,3590,74,50,2009,1999,2497,0.102,0.02,2535.00,0.00
7.180,3591,74,50,2008,1998,2499,0.095,0.02,2532.00,0.00
7.182,3592,74,50,2008,1998,2498,0.095,0.02,2534.00,0.00
7.184,3593,74,50,2009,1998,2499,0.102,0.02,2532.00,0.00
7.186,3594,74,50,2008,1997,2500,0.109,0.03,2532.00,0.00
7.188,3595,74,50,2008,1997,2500,0.102,0.02,2532.00,0.00
7.190,3596,74,50,2008,1997,2500,0.109,0.02,2534.00,0.00
7.192,3597,74,50,2008,1998,2498,0.102,0.00,2534.00,0.00
7.194,3598,74,50,2009,1998,2498,0.102,0.02,2535.00,0.00
7.196,3599,74,50,2007,1997,2499,0.095,0.02,2531.00,0.00
7.198,3600,74,50,2009,1998,2498,0.109,0.02,2534.00,0.00
7.200,3601,74,50,2007,1997,2500,0.102,0.02,2532.00,0.00
7.202,3602,74,50,2008,1999,2498,0.109,0.03,2535.00,0.00
7.204,3603,74,50,2008,1998,2498,0.102,0.02,2535.00,0.00
7.206,3604,74,50,2009,1999,2498,0.102,0.02,2535.00,0.00
7.208,3605,74,50,2008,1998,2499,0.109,0.00,2534.00,0.00
7.210,3606,74,50,2008,1997,2499,0.102,0.01,2532.00,0.00
7.212,3607,74,50,2007,1997,2499,0.102,0.01,2534.00,0.00
7.214,3608,74,50,2008,1997,2498,0.087,0.02,2534.00,0.00
7.216,3609,74,50,2009,1999,2497,0.109,0.03,2537.00,0.00
7.218,3610,74,50,2008,1998,2498,0.095,0.02,2534.00,0.00
7.220,3611,74,50,2007,1997,2499,0.095,0.02,2534.00,0.00
7.222,3612,74,50,2006,1996,2501,0.102,0.02,2531.00,0.00
7.224,3613,74,50,2007,1997,2500,0.102,0.02,2531.00,0.00
7.226,3614,74,50,2007,1998,2499,0.109,0.01,2531.00,0.00
7.228,3615,74,50,2006,1997,2501,0.102,0.02,2532.00,0.00
7.230,3616,74,50,2007,1997,2499,0.102,0.02,2531.00,0.00
7.232,3617,74,50,2007,1998,2499,0.095,0.02,2532.00,0.00
7.234,3618,74,50,2006,1998,2500,0.102,0.02,2532.00,0.00
7.236,3619,74,50,2007,1997,2499,0.102,0.02,2534.00,0.00
7.238,3620,74,50,2006,1997,2500,0.102,0.02,2532.00,0.00
7.240,3621,74,50,2008,1999,2498,0.102,0.02,2535.00,0.00
7.242,3622,74,50,2007,1999,2498,0.102,0.01,2535.00,0.00
7.244,3623,74,50,2007,1999,2498,0.109,0.02,2535.00,0.00
7.246,3624,74,50,2007,1998,2498,0.095,0.02,2534.00,0.00
7.248,3625,74,50,2006,1997,2497,0.109,0.02,2535.00,0.00
7.250,3626,74,50,2006,1998,2498,0.102,0.01,2534.00,0.00
7.252,3627,74,50,2007,1998,2498,0.109,0.03,2535.00,0.00
7.254,3628,74,50,2006,1998,2498,0.095,0.02,2535.00,0.00
7.256,3629,74,50,2006,1997,2499,0.095,0.01,2531.00,0.00
7.258,3630,74,50,2006,1997,2499,0.095,0.01,2534.00,0.00
7.260,3631,74,50,2005,1997,2500,0.095,0.01,2532.00,0.00
7.262,3632,74,50,2007,1999,2497,0.095,0.01,2543.00,0.00
7.264,3633,74,50,2007,1999,2497,0.102,0.02,2538.00,0.00
7.266,3634,74,50,2006,1998,2498,0.095,0.02,2541.00,0.00
7.268,3635,74,50,2006,1998,2498,0.095,0.02,2535.00,0.00
7.270,3636,74,50,2005,1998,2500,0.087,0.02,2538.00,0.00
7.272,3637,74,50,2006,1998,2499,0.102,0.02,2534.00,0.00
7.274,3638,74,50,2007,1998,2498,0.095,0.02,2541.00,0.00
7.276,3639,74,50,2007,1998,2500,0.102,0.00,2534.00,0.00
7.278,3640,74,50,2006,1998,2498,0.095,0.01,2541.00,0.00
7.280,3641,74,50,2007,1998,2498,0.102,0.02,2535.00,0.00
7.282,3642,74,50,2006,1997,2498,0.109,0.02,2540.00,0.00
7.284,3643,74,50,2008,1998,2498,0.109,0.03,2537.00,0.00
7.286,3644,74,50,2008,1998,2499,0.095,0.02,2540.00,0.00
7.288,3645,74,50,2006,1997,2499,0.095,0.00,2535.00,0.00
7.290,3646,74,50,2008,1999,2498,0.095,0.01,2541.00,0.00
7.292,3647,74,50,2007,1997,2500,0.109,0.02,2534.00,0.00
7.294,3648,74,50,2008,1997,2500,0.109,0.01,2540.00,0.00
7.296,3649,74,50,2007,1997,2499,0.102,0.02,2534.00,0.00
7.298,3650,74,50,2008,1997,2499,0.109,0.02,2540.00,0.00
7.300,3651,74,50,2008,1998,2498,0.102,0.02,2534.00,0.00
7.302,3652,74,50,2007,1996,2500,0.095,0.02,2537.00,0.00
7.304,3653,74,50,2008,1997,2500,0.095,0.02,2534.00,0.00
7.306,3654,74,50,2007,1998,2499,0.095,0.01,2538.00,0.00
7.308,3655,74,50,2007,1998,2500,0.109,0.01,2534.00,0.00
7.310,3656,74,50,2008,1997,2499,0.102,0.01,2540.00,0.00
7.312,3657,74,50,2009,1999,2498,0.102,0.03,2537.00,0.00
7.314,3658,74,50,2006,1997,2499,0.109,0.02,2538.00,0.00
7.316,3659,74,50,2008,2000,2498,0.109,0.02,2537.00,0.00
7.318,3660,74,50,2008,1999,2498,0.102,0.02,2541.00,0.00
7.320,3661,74,50,2009,1998,2498,0.102,0.02,2535.00,0.00
7.322,3662,74,50,2008,1999,2498,0.102,0.03,2540.00,0.00
7.324,3663,74,50,2008,1998,2499,0.102,0.02,2534.00,0.00
7.326,3664,74,50,2008,1998,2498,0.102,0.01,2541.00,0.00
7.328,3665,74,50,2009,1999,2498,0.102,0.02,2535.00,0.00
7.330,3666,74,50,2007,1998,2499,0.102,0.01,2540.00,0.00
7.332,3667,74,50,2008,1998,2498,0.095,0.02,2535.00,0.00
7.334,3668,74,50,2008,1999,2499,0.095,0.02,2540.00,0.00
7.336,3669,74,50,2007,1998,2499,0.102,0.02,2535.00,0.00
7.338,3670,74,50,2008,1998,2499,0.102,0.02,2540.00,0.00
7.340,3671,74,50,2008,1998,2499,0.109,0.02,2535.00,0.00
7.342,3672,74,50,2007,1999,2499,0.109,0.01,2540.00,0.00
7.344,3673,74,50,2008,1998,2499,0.102,0.01,2535.00,0.00
7.346,3674,74,50,2007,1998,2499,0.109,0.01,2540.00,0.00
7.348,3675,74,50,2007,1999,2497,0.109,0.02,2535.00,0.00
7.350,3676,74,50,2005,1997,2498,0.095,0.02,2538.00,0.00
7.352,3677,74,50,2006,1998,2499,0.102,0.03,2534.00,0.00
7.354,3678,74,50,2007,1997,2499,0.109,0.02,2538.00,0.00
7.356,3679,74,50,2006,1997,2500,0.109,0.02,2532.00,0.00
7.358,3680,74,50,2007,1998,2500,0.102,0.02,2540.00,0.00
7.360,3681,74,50,2006,1998,2500,0.102,0.01,2534.00,0.00
7.362,3682,74,50,2006,1999,2499,0.102,0.02,2532.00,0.00
7.364,3683,74,50,2006,1997,2499,0.109,0.01,2532.00,0.00
7.366,3684,74,50,2005,1997,2500,0.102,0.02,2532.00,0.00
7.368,3685,74,50,2006,1998,2498,0.095,0.02,2532.00,0.00
7.370,3686,74,50,2008,2000,2498,0.102,0.03,2535.00,0.00
7.372,3687,74,50,2007,1999,2498,0.102,0.02,2535.00,0.00
7.374,3688,74,50,2008,1999,2498,0.102,0.02,2535.00,0.00
7.376,3689,74,50,2008,2000,2497,0.109,0.01,2535.00,0.00
7.378,3690,74,50,2007,1999,2498,0.102,0.01,2534.00,0.00
7.380,3691,74,50,2006,1999,2499,0.109,0.02,2532.00,0.00
7.382,3692,74,50,2005,1997,2499,0.102,0.02,2532.00,0.00
7.384,3693,74,50,2007,1998,2498,0.095,0.02,2535.00,0.00
7.386,3694,74,50,2007,1999,2498,0.102,0.03,2535.00,0.00
7.388,3695,74,50,2006,1997,2500,0.102,0.02,2531.00,0.00
7.390,3696,74,50,2008,1999,2498,0.109,0.02,2535.00,0.00
7.392,3697,74,50,2008,1999,2499,0.109,0.01,2535.00,0.00
7.394,3698,74,50,2008,1999,2498,0.102,0.01,2535.00,0.00
7.396,3699,74,50,2007,1999,2498,0.109,0.02,2535.00,0.00
7.398,3700,74,50,2006,1998,2500,0.102,0.01,2532.00,0.00
7.400,3701,74,50,2005,1997,2499,0.109,0.02,2532.00,0.00
7.402,3702,74,50,2006,1997,2498,0.095,0.03,2534.00,0.00
7.404,3703,74,50,2008,1998,2498,0.102,0.02,2534.00,0.00
7.406,3704,74,50,2008,2000,2496,0.109,0.02,2537.00,0.00
7.408,3705,74,50,2008,1999,2498,0.102,0.01,2535.00,0.00
7.410,3706,74,50,2006,1997,2499,0.109,0.00,2532.00,0.00
7.412,3707,74,50,2006,1998,2499,0.109,0.02,2534.00,0.00
7.414,3708,74,50,2006,1998,2499,0.102,0.02,2532.00,0.00
7.416,3709,74,50,2007,1997,2500,0.102,0.02,2532.00,0.00
7.418,3710,74,50,2007,1998,2500,0.109,0.03,2532.00,0.00
7.420,3711,74,50,2007,1997,2499,0.102,0.02,2534.00,0.00
7.422,3712,74,50,2007,1998,2499,0.095,0.02,2534.00,0.00
7.424,3713,74,50,2007,1999,2499,0.109,0.02,2532.00,0.00
7.426,3714,74,50,2006,1997,2498,0.087,0.01,2534.00,0.00
7.428,3715,74,50,2006,1997,2499,0.109,0.01,2534.00,0.00
7.430,3716,74,50,2006,1998,2500,0.102,0.02,2531.00,0.00
7.432,3717,74,50,2007,1997,2500,0.102,0.02,2532.00,0.00
7.434,3718,74,50,2006,1997,2499,0.102,0.02,2534.00,0.00
7.436,3719,74,50,2007,1998,2499,0.102,0.03,2534.00,0.00
7.438,3720,74,50,2008,1998,2498,0.109,0.02,2534.00,0.00
7.440,3721,74,50,2007,1997,2499,0.102,0.02,2534.00,0.00
7.442,3722,74,50,2007,1998,2498,0.102,0.01,2534.00,0.00
7.444,3723,74,50,2008,1999,2495,0.109,0.01,2538.00,0.00
7.446,3724,74,50,2007,1998,2498,0.102,0.02,2534.00,0.00
7.448,3725,74,50,2007,1997,2498,0.102,0.01,2534.00,0.00
7.450,3726,74,50,2006,1997,2500,0.109,0.02,2532.00,0.00
7.452,3727,74,50,2007,1996,2500,0.102,0.03,2532.00,0.00
7.454,3728,74,50,2006,1997,2500,0.109,0.02,2531.00,0.00
7.456,3729,74,50,2006,1997,2501,0.095,0.02,2531.00,0.00
7.458,3730,74,50,2007,1998,2500,0.102,0.00,2531.00,0.00
7.460,3731,74,50,2006,1998,2499,0.102,0.00,2532.00,0.00
7.462,3732,74,50,2007,1997,2500,0.102,0.01,2537.00,0.00
7.464,3733,74,50,2006,1997,2500,0.102,0.02,2532.00,0.00
7.466,3734,74,50,2007,1998,2500,0.102,0.02,2538.00,0.00
7.468,3735,74,50,2006,1997,2499,0.102,0.02,2532.00,0.00
7.470,3736,74,50,2007,1997,2500,0.095,0.02,2538.00,0.00
7.472,3737,74,50,2007,1998,2499,0.102,0.02,2532.00,0.00
7.474,3738,74,50,2007,1999,2499,0.109,0.01,2538.00,0.00
7.476,3739,74,50,2006,1997,2499,0.102,0.01,2532.00,0.00
7.478,3770,74,50,2007,1998,2498,0.102,0.02,2540.00,0.00
7.480,3771,74,50,2008,1999,2498,0.109,0.02,2537.00,0.00
7.482,3772,74,50,2007,1998,2498,0.102,0.01,2540.00,0.00
7.484,3773,74,50,2007,1998,2498,0.109,0.01,2537.00,0.00
7.486,3774,74,50,2008,1999,2498,0.109,0.02,2541.00,0.00
7.488,3775,74,50,2007,1999,2498,0.109,0.02,2537.00,0.00
7.490,3776,74,50,2008,1999,2497,0.109,0.02,2543.00,0.00
7.492,3777,74,50,2007,1999,2499,0.095,0.02,2535.00,0.00
7.494,3778,74,50,2008,1998,2499,0.095,0.02,2540.00,0.00
7.496,3779,74,50,2007,1997,2499,0.095,0.02,2535.00,0.00
7.498,3780,74,50,2007,1997,2499,0.095,0.01,2540.00,0.00
7.500,3781,74,50,2007,1997,2500,0.095,0.01,2534.00,0.00
7.502,3782,74,50,2006,1997,2499,0.109,0.01,2534.00,0.00
7.504,3783,74,50,2007,1996,2499,0.102,0.02,2532.00,0.00
7.506,3784,74,50,2006,1997,2499,0.109,0.02,2532.00,0.00
7.508,3785,74,50,2006,1997,2500,0.109,0.02,2532.00,0.00
7.510,3786,74,50,2008,1997,2499,0.102,0.02,2532.00,0.00
7.512,3787,74,50,2006,1997,2498,0.102,0.01,2532.00,0.00
7.514,3788,74,50,2006,1998,2499,0.087,0.01,2534.00,0.00
7.516,3789,74,50,2007,1997,2499,0.095,0.01,2534.00,0.00
7.518,3790,74,50,2007,1998,2498,0.095,0.02,2534.00,0.00
7.520,3791,74,50,2006,1997,2500,0.102,0.02,2532.00,0.00
7.522,3792,74,50,2005,1996,2499,0.095,0.02,2534.00,0.00
7.524,3793,74,50,2006,1995,2500,0.095,0.02,2532.00,0.00
7.526,3794,74,50,2006,1997,2500,0.102,0.02,2531.00,0.00
7.528,3795,74,50,2006,1997,2500,0.109,0.02,2532.00,0.00
7.530,3796,74,50,2007,1998,2500,0.102,0.02,2532.00,0.00
7.532,3797,74,50,2008,1999,2499,0.109,0.01,2531.00,0.00
7.534,3798,74,50,2005,1997,2499,0.102,0.00,2532.00,0.00
7.536,3799,74,50,2008,1999,2497,0.102,0.02,2534.00,0.00
7.538,3800,74,50,2006,1998,2499,0.095,0.02,2534.00,0.00
7.540,3801,74,50,2007,1997,2498,0.102,0.02,2534.00,0.00
7.542,3802,74,50,2007,1997,2500,0.102,0.03,2531.00,0.00
7.544,3803,74,50,2006,1996,2500,0.102,0.02,2532.00,0.00
7.546,3804,74,50,2007,1997,2499,0.102,0.02,2532.00,0.00
7.548,3805,74,50,2008,1999,2499,0.109,0.02,2532.00,0.00
7.550,3806,74,50,2006,1998,2499,0.102,0.01,2532.00,0.00
7.552,3807,74,50,2006,1998,2499,0.102,0.01,2534.00,0.00
7.554,3808,74,50,2007,1997,2499,0.095,0.02,2534.00,0.00
7.556,3809,74,50,2007,1998,2499,0.095,0.02,2532.00,0.00
7.558,3810,74,50,2005,1996,2500,0.109,0.02,2531.00,0.00
7.560,3811,74,50,2006,1997,2501,0.102,0.03,2531.00,0.00
7.562,3812,74,50,2008,1998,2499,0.109,0.02,2532.00,0.00
7.564,3813,74,50,2008,1998,2500,0.109,0.02,2532.00,0.00
7.566,3814,74,50,2006,1997,2501,0.102,0.02,2531.00,0.00
7.568,3815,74,50,2007,1997,2499,0.102,0.02,2532.00,0.00
7.570,3816,74,50,2006,1997,2499,0.109,0.02,2532.00,0.00
7.572,3817,74,50,2007,1997,2498,0.102,0.01,2531.00,0.00
7.574,3818,74,50,2006,1997,2498,0.102,0.03,2534.00,0.00
7.576,3819,74,50,2007,1999,2498,0.109,0.04,2534.00,0.00
7.578,3820,74,50,2007,1999,2497,0.102,0.02,2535.00,0.00
7.580,3821,74,50,2006,1997,2499,0.117,0.02,2532.00,0.00
7.582,3822,74,50,2006,1998,2500,0.102,0.02,2531.00,0.00
7.584,3823,74,50,2005,1996,2499,0.102,0.01,2532.00,0.00
7.586,3824,74,50,2006,1997,2500,0.109,0.02,2532.00,0.00
7.588,3825,74,50,2006,1997,2499,0.109,0.02,2532.00,0.00
7.590,3826,74,50,2007,1998,2499,0.095,0.02,2534.00,0.00
7.592,3827,74,50,2005,1998,2500,0.095,0.02,2531.00,0.00
7.594,3828,74,50,2007,1999,2498,0.095,0.02,2534.00,0.00
7.596,3829,74,50,2006,1998,2500,0.102,0.02,2531.00,0.00
7.598,3830,74,50,2006,1997,2500,0.109,0.02,2532.00,0.00
7.600,3831,74,50,2006,1997,2500,0.102,0.01,2534.00,0.00
7.602,3832,74,50,2007,1998,2498,0.102,0.02,2541.00,0.00
7.604,3833,74,50,2007,1998,2499,0.102,0.02,2535.00,0.00
7.606,3834,74,50,2007,1998,2498,0.102,0.02,2540.00,0.00
7.608,3835,74,50,2007,1998,2499,0.102,0.02,2535.00,0.00
7.610,3836,74,50,2008,1999,2498,0.109,0.02,2540.00,0.00
7.612,3837,74,50,2008,1998,2498,0.087,0.01,2534.00,0.00
7.614,3838,74,50,2007,1997,2500,0.102,0.02,2538.00,0.00
7.616,3839,74,50,2008,1998,2499,0.102,0.01,2534.00,0.00
7.618,3840,74,50,2007,1998,2499,0.087,0.02,2541.00,0.00
7.620,3841,74,50,2007,1997,2500,0.095,0.02,2534.00,0.00
7.622,3842,74,50,2006,1996,2500,0.109,0.02,2540.00,0.00
7.624,3843,74,50,2007,1997,2499,0.102,0.02,2534.00,0.00
7.626,3844,74,50,2009,1999,2498,0.102,0.02,2541.00,0.00
7.628,3845,74,50,2008,1999,2499,0.095,0.01,2535.00,0.00
7.630,3846,74,50,2007,1997,2500,0.102,0.02,2540.00,0.00
7.632,3847,74,50,2008,1998,2500,0.102,0.01,2532.00,0.00
7.634,3848,74,50,2006,1996,2500,0.102,0.01,2538.00,0.00
7.636,3849,74,50,2006,1997,2501,0.102,0.02,2532.00,0.00
7.638,3850,74,50,2007,1996,2498,0.095,0.01,2538.00,0.00
7.640,3851,74,50,2007,1996,2499,0.109,0.02,2535.00,0.00
7.642,3852,74,50,2008,1998,2499,0.109,0.03,2541.00,0.00
7.644,3853,74,50,2007,1996,2499,0.102,0.02,2534.00,0.00
7.646,3854,74,50,2008,1998,2500,0.102,0.01,2537.00,0.00
7.648,3855,74,50,2007,1998,2498,0.102,0.01,2535.00,0.00
7.650,3856,74,50,2007,1998,2500,0.102,0.01,2540.00,0.00
7.652,3857,74,50,2007,1998,2499,0.102,0.02,2535.00,0.00
7.654,3858,74,50,2006,1998,2499,0.102,0.02,2540.00,0.00
7.656,3859,74,50,2007,1998,2498,0.102,0.02,2537.00,0.00
7.658,3860,74,50,2007,1999,2497,0.102,0.03,2541.00,0.00
7.660,3861,74,50,2007,1999,2498,0.095,0.02,2538.00,0.00
7.662,3862,74,50,2006,1997,2499,0.095,0.01,2540.00,0.00
7.664,3863,74,50,2007,1997,2499,0.095,0.00,2534.00,0.00
7.666,3864,74,50,2006,1997,2499,0.095,0.00,2541.00,0.00
7.668,3865,74,50,2007,1997,2500,0.102,0.01,2532.00,0.00
7.670,3866,74,50,2006,1998,2498,0.102,0.01,2538.00,0.00
7.672,3867,74,50,2006,1997,2499,0.102,0.01,2534.00,0.00
7.674,3868,74,50,2008,1999,2498,0.102,0.03,2541.00,0.00
7.676,3869,74,50,2007,1998,2499,0.109,0.03,2534.00,0.00
7.678,3870,74,50,2006,1998,2500,0.087,0.01,2538.00,0.00
7.680,3871,74,50,2006,1998,2500,0.109,0.02,2534.00,0.00
7.682,3872,74,50,2008,1999,2499,0.102,0.01,2541.00,0.00
7.684,3873,74,50,2006,1997,2500,0.102,0.00,2535.00,0.00
7.686,3874,74,50,2007,1997,2498,0.102,0.01,2540.00,0.00
7.688,3875,74,50,2006,1996,2501,0.102,0.02,2532.00,0.00
7.690,3876,74,50,2008,1998,2499,0.117,0.02,2540.00,0.00
7.692,3877,74,50,2007,1997,2499,0.102,0.03,2532.00,0.00
7.694,3878,74,50,2007,1997,2500,0.102,0.02,2537.00,0.00
7.696,3879,74,50,2008,1997,2499,0.102,0.02,2534.00,0.00
7.698,3880,74,50,2007,1996,2500,0.102,0.01,2538.00,0.00
7.700,3881,74,50,2007,1996,2501,0.095,0.01,2532.00,0.00
7.702,3882,74,50,2007,1998,2498,0.087,0.01,2534.00,0.00
7.704,3883,74,50,2006,1996,2500,0.102,0.02,2531.00,0.00
7.706,3884,74,50,2008,1998,2499,0.109,0.02,2532.00,0.00
7.708,3885,74,50,2008,1998,2499,0.095,0.02,2532.00,0.00
7.710,3886,74,50,2008,1997,2499,0.095,0.02,2534.00,0.00
7.712,3887,74,50,2009,1999,2499,0.102,0.02,2534.00,0.00
7.714,3888,74,50,2008,1999,2499,0.102,0.02,2534.00,0.00
7.716,3889,74,50,2008,1998,2498,0.102,0.01,2534.00,0.00
7.718,3890,74,50,2008,1999,2498,0.102,0.01,2535.00,0.00
7.720,3891,74,50,2008,1998,2500,0.095,0.01,2532.00,0.00
7.722,3892,74,50,2008,1998,2499,0.117,0.02,2534.00,0.00
7.724,3893,74,50,2009,1998,2498,0.102,0.02,2534.00,0.00
7.726,3894,74,50,2008,1997,2500,0.095,0.02,2531.00,0.00
7.728,3895,74,50,2010,1999,2497,0.102,0.01,2535.00,0.00
7.730,3896,74,50,2007,1998,2500,0.102,0.02,2531.00,0.00
7.732,3897,74,50,2008,1998,2498,0.102,0.01,2535.00,0.00
7.734,3898,74,50,2008,1999,2498,0.102,0.01,2535.00,0.00
7.736,3899,74,50,2008,1999,2499,0.102,0.02,2534.00,0.00
7.738,3900,74,50,2009,1999,2499,0.102,0.02,2534.00,0.00
7.740,3901,74,50,2008,1998,2498,0.109,0.01,2534.00,0.00
7.742,3902,74,50,2008,1997,2499,0.109,0.02,2532.00,0.00
7.744,3903,74,50,2008,1998,2499,0.109,0.02,2532.00,0.00
7.746,3904,74,50,2008,1998,2500,0.102,0.02,2532.00,0.00
7.748,3905,74,50,2008,1998,2500,0.087,0.01,2532.00,0.00
7.750,3906,74,50,2009,1998,2499,0.102,0.01,2534.00,0.00
7.752,3907,74,50,2007,1997,2501,0.102,0.02,2531.00,0.00
7.754,3908,74,50,2008,1997,2498,0.109,0.02,2532.00,0.00
7.756,3909,74,50,2008,1998,2498,0.109,0.02,2532.00,0.00
7.758,3910,74,50,2006,1996,2501,0.102,0.02,2531.00,0.00
7.760,3911,74,50,2008,1999,2498,0.102,0.02,2532.00,0.00
7.762,3912,74,50,2007,1997,2500,0.102,0.01,2532.00,0.00
7.764,3913,74,50,2007,1997,2500,0.087,0.02,2532.00,0.00
7.766,3914,74,50,2007,1996,2499,0.102,0.01,2534.00,0.00
7.768,3915,74,50,2007,1996,2500,0.095,0.02,2532.00,0.00
7.770,3916,74,50,2008,1999,2497,0.095,0.02,2535.00,0.00
7.772,3917,74,50,2009,1999,2498,0.102,0.02,2535.00,0.00
7.774,3918,74,50,2008,1999,2499,0.102,0.03,2534.00,0.00
7.776,3919,74,50,2008,1998,2499,0.095,0.02,2534.00,0.00
7.778,3920,74,50,2007,1997,2500,0.102,0.02,2531.00,0.00
7.780,3921,74,50,2008,1998,2498,0.102,0.01,2534.00,0.00
7.782,3922,74,50,2007,1997,2498,0.095,0.00,2534.00,0.00
7.784,3923,74,50,2008,1999,2497,0.102,0.01,2535.00,0.00
7.786,3924,74,50,2007,1998,2497,0.095,0.02,2534.00,0.00
7.788,3925,74,50,2007,1998,2498,0.095,0.01,2532.00,0.00
7.790,3926,74,50,2006,1996,2500,0.095,0.02,2531.00,0.00
7.792,3927,74,50,2007,1997,2498,0.109,0.02,2532.00,0.00
7.794,3928,74,50,2008,1997,2501,0.102,0.02,2532.00,0.00
7.796,3929,74,50,2007,1997,2501,0.095,0.02,2532.00,0.00
7.798,3930,74,50,2009,1998,2499,0.102,0.01,2532.00,0.00
7.800,3931,74,50,2007,1998,2500,0.102,0.01,2534.00,0.00
7.802,3932,74,50,2007,1997,2499,0.109,0.02,2538.00,0.00
7.804,3933,74,50,2007,1997,2499,0.102,0.02,2534.00,0.00
7.806,3934,74,50,2007,1996,2500,0.087,0.01,2538.00,0.00
7.808,3935,74,50,2007,1997,2499,0.109,0.02,2534.00,0.00
7.810,3936,74,50,2008,1998,2498,0.102,0.02,2541.00,0.00
7.812,3937,74,50,2008,1997,2499,0.102,0.02,2535.00,0.00
7.814,3938,74,50,2008,1998,2499,0.109,0.02,2538.00,0.00
7.816,3939,74,50,2008,1997,2498,0.102,0.01,2535.00,0.00
7.818,3940,74,50,2008,1997,2498,0.102,0.02,2540.00,0.00
7.820,3941,74,50,2009,1998,2498,0.095,0.01,2537.00,0.00
7.822,3942,74,50,2009,1999,2497,0.102,0.02,2541.00,0.00
7.824,3943,74,50,2009,1998,2499,0.102,0.02,2535.00,0.00
7.826,3944,74,50,2009,1998,2497,0.102,0.02,2543.00,0.00
7.828,3945,74,50,2008,1999,2499,0.102,0.02,2535.00,0.00
7.830,3946,74,50,2008,1999,2499,0.102,0.02,2541.00,0.00
7.832,3947,74,50,2008,1999,2499,0.102,0.01,2535.00,0.00
7.834,3948,74,50,2007,1999,2499,0.095,0.02,2540.00,0.00
7.836,3949,74,50,2007,1998,2498,0.102,0.02,2535.00,0.00
7.838,3950,74,50,2006,1997,2499,0.087,0.01,2538.00,0.00
7.840,3951,74,50,2007,1998,2498,0.095,0.02,2537.00,0.00
7.842,3952,74,50,2007,1997,2500,0.095,0.02,2538.00,0.00
7.844,3953,74,50,2006,1998,2499,0.095,0.02,2535.00,0.00
7.846,3954,74,50,2007,1998,2498,0.087,0.02,2540.00,0.00
7.848,3955,74,50,2007,1999,2498,0.087,0.01,2535.00,0.00
7.850,3956,74,50,2007,1997,2499,0.109,0.01,2540.00,0.00
7.852,3957,74,50,2008,1998,2497,0.109,0.01,2537.00,0.00
7.854,3958,74,50,2006,1997,2498,0.102,0.01,2541.00,0.00
7.856,3959,74,50,2006,1997,2498,0.109,0.02,2535.00,0.00
7.858,3960,74,50,2006,1997,2499,0.095,0.02,2540.00,0.00
7.860,3961,74,50,2006,1997,2500,0.095,0.02,2534.00,0.00
7.862,3962,74,50,2007,1998,2499,0.102,0.01,2538.00,0.00
7.864,3963,74,50,2006,1997,2501,0.102,0.02,2532.00,0.00
7.866,3964,74,50,2007,1997,2499,0.109,0.01,2540.00,0.00
7.868,3965,74,50,2007,1997,2499,0.095,0.01,2534.00,0.00
7.870,3966,74,50,2007,1997,2500,0.102,0.01,2538.00,0.00
7.872,3967,74,50,2007,1997,2499,0.109,0.02,2534.00,0.00
7.874,3968,74,50,2006,1997,2498,0.095,0.02,2541.00,0.00
7.876,3969,74,50,2007,1997,2498,0.095,0.02,2534.00,0.00
7.878,3970,74,50,2008,1998,2497,0.102,0.02,2541.00,0.00
7.880,3971,74,50,2008,1999,2498,0.102,0.02,2537.00,0.00
7.882,3972,74,50,2007,1997,2498,0.102,0.01,2541.00,0.00
7.884,3973,74,50,2009,1999,2497,0.109,0.01,2538.00,0.00
7.886,3974,74,50,2007,1998,2498,0.095,0.01,2541.00,0.00
7.888,3975,74,50,2008,1999,2498,0.109,0.02,2537.00,0.00
7.890,3976,74,50,2007,1998,2499,0.102,0.01,2538.00,0.00
7.892,3977,74,50,2007,1998,2499,0.102,0.02,2534.00,0.00
7.894,3978,74,50,2007,1998,2499,0.095,0.02,2540.00,0.00
7.896,3979,74,50,2007,1998,2500,0.102,0.02,2534.00,0.00
7.898,3980,74,50,2007,1999,2499,0.102,0.02,2540.00,0.00
7.900,3981,0,50,2007,1999,2498,0.102,0.00,2535.00,0.00
7.902,3982,0,50,2006,1998,2498,0.102,0.01,2534.00,0.00
7.904,3983,0,50,2007,1998,2499,0.109,0.02,2532.00,0.00
7.906,3984,0,50,2006,1998,2498,0.095,0.01,2534.00,0.00
7.908,3985,0,50,2006,1998,2499,0.102,0.02,2532.00,0.00
7.910,3986,0,50,2007,1998,2499,0.102,0.02,2534.00,0.00
7.912,3987,0,50,2006,1997,2498,0.095,0.01,2532.00,0.00
7.914,3988,0,50,2007,1998,2498,0.102,0.01,2534.00,0.00
7.916,3989,0,50,2006,1998,2498,0.109,0.01,2532.00,0.00
7.918,3990,0,50,2007,1998,2497,0.102,0.02,2535.00,0.00
7.920,3991,0,50,2007,1999,2497,0.095,0.02,2535.00,0.00
7.922,3992,0,50,2006,1997,2498,0.095,0.01,2534.00,0.00
7.924,3993,0,50,2006,1997,2499,0.095,0.02,2531.00,0.00
7.926,3994,0,50,2006,1997,2500,0.102,0.02,2532.00,0.00
7.928,3995,0,50,2006,1998,2500,0.095,0.02,2531.00,0.00
7.930,3996,0,50,2007,1999,2499,0.102,0.02,2534.00,0.00
7.932,3997,0,50,2007,1998,2498,0.095,0.00,2534.00,0.00
7.934,3998,0,50,2005,1996,2500,0.095,0.00,2532.00,0.00
7.936,3999,0,50,2006,1996,2499,0.095,0.01,2532.00,0.00
7.938,4000,0,50,2007,1999,2497,0.095,0.01,2535.00,0.00
7.940,4001,0,50,2007,1998,2498,0.087,0.02,2534.00,0.00
7.942,4002,0,50,2007,1999,2497,0.102,0.02,2537.00,0.00
7.944,4003,0,50,2007,1997,2499,0.102,0.02,2534.00,0.00
7.946,4004,0,50,2007,1997,2499,0.109,0.02,2532.00,0.00
7.948,4005,0,50,2007,1997,2498,0.095,0.00,2532.00,0.00
7.950,4006,0,50,2006,1998,2498,0.095,0.00,2534.00,0.00
7.952,4007,0,50,2007,1997,2498,0.109,0.02,2532.00,0.00
7.954,4008,0,50,2006,1997,2499,0.095,0.02,2532.00,0.00
7.956,4009,0,50,2007,1999,2497,0.102,0.02,2537.00,0.00
7.958,4010,0,50,2006,1997,2498,0.087,0.02,2534.00,0.00
7.960,4011,0,50,2007,1998,2498,0.095,0.02,2534.00,0.00
7.962,4012,0,50,2007,1998,2500,0.102,0.02,2532.00,0.00
7.964,4013,0,50,2007,1998,2499,0.102,0.02,2532.00,0.00
7.966,4014,0,50,2007,1998,2499,0.109,0.00,2532.00,0.00
7.968,4015,0,50,2007,1998,2498,0.102,0.02,2534.00,0.00
7.970,4016,0,50,2006,1996,2499,0.087,0.01,2532.00,0.00
7.972,4017,0,50,2006,1997,2498,0.102,0.01,2532.00,0.00
7.974,4018,0,50,2008,1997,2498,0.102,0.02,2534.00,0.00
7.976,4019,0,50,2008,1999,2497,0.102,0.03,2535.00,0.00
7.978,4020,0,50,2007,1998,2499,0.095,0.02,2532.00,0.00
7.980,4021,0,50,2008,1998,2498,0.102,0.01,2534.00,0.00
7.982,4022,0,50,2007,1998,2500,0.109,0.01,2532.00,0.00
7.984,4023,0,50,2007,1997,2500,0.102,0.01,2534.00,0.00
7.986,4024,0,50,2006,1998,2498,0.095,0.01,2534.00,0.00
7.988,4025,0,50,2006,1998,2498,0.095,0.01,2534.00,0.00
7.990,4026,0,50,2007,1998,2498,0.109,0.02,2534.00,0.00
7.992,4027,0,50,2007,1997,2499,0.102,0.02,2532.00,0.00
7.994,4028,0,50,2008,1999,2498,0.102,0.03,2535.00,0.00
7.996,4029,0,50,2009,1999,2499,0.102,0.02,2531.00,0.00
7.998,4030,0,50,2007,1998,2499,0.102,0.00,2532.00,0.00
8.000,4031,0,50,2008,1998,2499,0.095,0.00,2532.00,0.00
8.002,4032,0,50,2008,1998,2498,0.102,0.02,2540.00,0.00
8.004,4033,0,50,2007,1997,2498,0.095,0.01,2537.00,0.00
8.006,4034,0,50,2008,1998,2498,0.102,0.02,2540.00,0.00
8.008,4035,0,50,2007,1998,2498,0.102,0.02,2537.00,0.00
8.010,4036,0,50,2007,1997,2500,0.102,0.02,2538.00,0.00
8.012,4037,0,50,2009,1998,2498,0.102,0.02,2535.00,0.00
8.014,4038,0,50,2008,1998,2499,0.095,0.01,2541.00,0.00
8.016,4039,0,50,2008,1999,2498,0.109,0.01,2537.00,0.00
8.018,4040,0,50,2008,1999,2497,0.102,0.02,2543.00,0.00
8.020,4041,0,50,2007,1997,2499,0.080,0.01,2535.00,0.00
8.022,4042,0,50,2008,1999,2498,0.109,0.02,2543.00,0.00
8.024,4043,0,50,2007,1998,2499,0.095,0.02,2535.00,0.00
8.026,4044,0,50,2008,1998,2499,0.102,0.02,2540.00,0.00
8.028,4045,0,50,2008,1999,2499,0.102,0.02,2537.00,0.00
8.030,4046,0,50,2008,1999,2499,0.095,0.02,2541.00,0.00
8.032,4047,0,50,2007,1999,2498,0.087,0.00,2535.00,0.00
8.034,4048,0,50,2007,1998,2499,0.095,0.01,2540.00,0.00
8.036,4049,0,50,2006,1998,2499,0.095,0.01,2537.00,0.00
8.038,4050,0,50,2007,1999,2498,0.095,0.01,2541.00,0.00
8.040,4051,0,50,2006,1997,2499,0.102,0.02,2534.00,0.00
8.042,4052,0,50,2006,1997,2498,0.095,0.02,2541.00,0.00
8.044,4053,0,50,2007,1998,2498,0.109,0.02,2535.00,0.00
8.046,4054,0,50,2007,1998,2498,0.102,0.02,2540.00,0.00
8.048,4055,0,50,2007,1998,2498,0.095,0.01,2535.00,0.00
8.050,4056,0,50,2007,1998,2497,0.095,0.00,2541.00,0.00
8.052,4057,0,50,2008,1999,2497,0.102,0.02,2537.00,0.00
8.054,4058,0,50,2007,1999,2498,0.109,0.02,2541.00,0.00
8.056,4059,0,50,2007,1999,2497,0.102,0.02,2537.00,0.00
8.058,4060,0,50,2005,1997,2499,0.095,0.02,2538.00,0.00
8.060,4061,0,50,2007,1999,2497,0.109,0.03,2537.00,0.00
8.062,4062,0,50,2006,1998,2499,0.102,0.02,2540.00,0.00
8.064,4063,0,50,2007,1999,2498,0.087,0.02,2537.00,0.00
8.066,4064,0,50,2006,1998,2498,0.102,0.00,2541.00,0.00
8.068,4065,0,50,2006,1998,2499,0.087,0.01,2535.00,0.00
8.070,4066,0,50,2007,1999,2497,0.102,0.02,2541.00,0.00
8.072,4067,0,50,2007,1998,2498,0.095,0.01,2535.00,0.00
8.074,4068,0,50,2005,1998,2499,0.095,0.02,2538.00,0.00
8.076,4069,0,50,2007,1999,2499,0.102,0.04,2535.00,0.00
8.078,4070,0,50,2007,1998,2499,0.102,0.02,2540.00,0.00
8.080,4071,0,50,2008,1999,2497,0.109,0.02,2537.00,0.00
8.082,4072,0,50,2007,1998,2498,0.095,0.01,2541.00,0.00
8.084,4073,0,50,2007,1998,2497,0.102,0.00,2537.00,0.00
8.086,4074,0,50,2007,1998,2498,0.109,0.02,2541.00,0.00
8.088,4075,0,50,2006,1997,2498,0.102,0.01,2534.00,0.00
8.090,4076,0,50,2006,1996,2499,0.095,0.02,2540.00,0.00
8.092,4077,0,50,2008,1998,2498,0.102,0.02,2535.00,0.00
8.094,4078,0,50,2008,2000,2498,0.109,0.02,2541.00,0.00
8.096,4079,0,50,2006,1997,2499,0.102,0.02,2535.00,0.00
8.098,4080,0,50,2007,1999,2498,0.102,0.01,2541.00,0.00
8.100,4081,0,50,2007,1999,2497,0.109,0.02,2537.00,0.00
8.102,4082,0,50,2007,1998,2498,0.109,0.02,2534.00,0.00
8.104,4083,0,50,2008,1998,2497,0.102,0.02,2537.00,0.00
8.106,4084,0,50,2005,1997,2499,0.102,0.02,2532.00,0.00
8.108,4085,74,50,2006,1997,2499,0.102,0.02,2535.00,0.00
8.110,4086,74,50,2009,1999,2496,0.109,0.03,2541.00,0.00
8.112,4087,74,50,2009,2000,2497,0.109,0.02,2541.00,0.00
8.114,4088,74,50,2009,2000,2498,0.109,0.02,2540.00,0.00
8.116,4089,74,50,2008,1999,2496,0.109,0.00,2541.00,0.00
8.118,4090,74,50,2007,1998,2498,0.109,0.02,2538.00,0.00
8.120,4091,74,50,2007,1998,2498,0.102,0.02,2537.00,0.00
8.122,4092,74,50,2006,1997,2498,0.095,0.02,2537.00,0.00
8.124,4093,74,50,2007,1998,2498,0.109,0.03,2540.00,0.00
8.126,4094,74,50,2009,1999,2497,0.109,0.04,2541.00,0.00
8.128,4095,74,50,2007,1998,2500,0.102,0.02,2537.00,0.00
8.130,4096,74,50,2009,1999,2498,0.102,0.02,2540.00,0.00
8.132,4097,74,50,2008,1998,2499,0.102,0.01,2537.00,0.00
8.134,4098,74,50,2008,1998,2499,0.102,0.01,2537.00,0.00
8.136,4099,74,50,2008,1998,2500,0.102,0.02,2535.00,0.00
8.138,4100,74,50,2006,1996,2500,0.087,0.01,2535.00,0.00
8.140,4101,74,50,2007,1997,2499,0.109,0.02,2538.00,0.00
8.142,4102,74,50,2008,1998,2499,0.109,0.03,2538.00,0.00
8.144,4103,74,50,2009,1999,2499,0.095,0.02,2538.00,0.00
8.146,4104,74,50,2008,1998,2499,0.095,0.02,2537.00,0.00
8.148,4105,74,50,2008,1998,2499,0.109,0.02,2537.00,0.00
8.150,4106,74,50,2008,1997,2499,0.117,0.02,2537.00,0.00
8.152,4107,74,50,2008,1997,2499,0.102,0.02,2537.00,0.00
8.154,4108,74,50,2006,1997,2500,0.102,0.02,2535.00,0.00
8.156,4109,74,50,2008,1998,2500,0.117,0.02,2537.00,0.00
8.158,4110,74,50,2007,1998,2500,0.102,0.02,2537.00,0.00
8.160,4111,74,50,2008,1998,2498,0.109,0.02,2538.00,0.00
8.162,4112,74,50,2007,1998,2499,0.109,0.01,2537.00,0.00
8.164,4113,74,50,2008,2000,2498,0.109,0.02,2540.00,0.00
8.166,4114,74,50,2007,1998,2499,0.095,0.01,2538.00,0.00
8.168,4115,74,50,2009,1999,2498,0.102,0.02,2538.00,0.00
8.170,4116,74,50,2006,1997,2500,0.109,0.02,2537.00,0.00
8.172,4117,74,50,2007,1998,2499,0.109,0.02,2537.00,0.00
8.174,4118,74,50,2007,1998,2499,0.102,0.02,2535.00,0.00
8.176,4119,74,50,2006,1997,2501,0.102,0.03,2537.00,0.00
8.178,4120,74,50,2007,1998,2500,0.102,0.02,2538.00,0.00
8.180,4121,74,50,2008,1999,2499,0.095,0.02,2538.00,0.00
8.182,4122,74,50,2007,1999,2500,0.117,0.02,2537.00,0.00
8.184,4123,74,50,2008,1999,2498,0.095,0.01,2538.00,0.00
8.186,4124,74,50,2006,1997,2499,0.109,0.02,2537.00,0.00
8.188,4125,74,50,2006,1997,2500,0.102,0.02,2535.00,0.00
8.190,4126,74,50,2006,1996,2500,0.102,0.02,2534.00,0.00
8.192,4127,74,50,2008,1999,2499,0.117,0.03,2537.00,0.00
8.194,4128,74,50,2009,1998,2500,0.109,0.02,2535.00,0.00
8.196,4129,74,50,2008,1998,2500,0.102,0.02,2537.00,0.00
8.198,4130,74,50,2008,1998,2500,0.102,0.01,2537.00,0.00
8.200,4131,74,50,2007,1998,2499,0.087,0.00,2540.00,0.00
8.202,4132,74,50,2009,1998,2498,0.109,0.02,2544.00,0.00
8.204,4133,74,50,2008,1998,2498,0.102,0.02,2540.00,0.00
8.206,4134,74,50,2008,1998,2498,0.095,0.02,2544.00,0.00
8.208,4135,74,50,2008,1998,2498,0.095,0.02,2540.00,0.00
8.210,4136,74,50,2008,1998,2498,0.095,0.02,2544.00,0.00
8.212,4137,74,50,2008,1998,2499,0.102,0.02,2540.00,0.00
8.214,4138,74,50,2009,1999,2498,0.109,0.02,2545.00,0.00
8.216,4139,74,50,2007,1997,2498,0.095,0.01,2540.00,0.00
8.218,4140,74,50,2006,1997,2498,0.095,0.00,2541.00,0.00
8.220,4141,74,50,2006,1998,2499,0.102,0.01,2535.00,0.00
8.222,4142,74,50,2007,1998,2497,0.102,0.02,2541.00,0.00
8.224,4143,74,50,2007,1999,2497,0.109,0.02,2537.00,0.00
8.226,4144,74,50,2008,1999,2497,0.102,0.03,2541.00,0.00
8.228,4145,74,50,2007,1999,2498,0.095,0.02,2535.00,0.00
8.230,4146,74,50,2006,1998,2499,0.109,0.02,2538.00,0.00
8.232,4147,74,50,2007,1998,2499,0.102,0.01,2535.00,0.00
8.234,4148,74,50,2006,1997,2499,0.102,0.00,2540.00,0.00
8.236,4149,74,50,2007,1997,2498,0.109,0.02,2535.00,0.00
8.238,4150,74,50,2007,1997,2498,0.102,0.02,2540.00,0.00
8.240,4151,74,50,2006,1997,2499,0.102,0.02,2534.00,0.00
8.242,4152,74,50,2007,1998,2499,0.102,0.02,2538.00,0.00
8.244,4153,74,50,2009,1998,2498,0.102,0.02,2534.00,0.00
8.246,4154,74,50,2008,1997,2499,0.102,0.02,2537.00,0.00
8.248,4155,74,50,2008,1998,2499,0.109,0.01,2534.00,0.00
8.250,4156,74,50,2007,1997,2499,0.102,0.00,2538.00,0.00
8.252,4157,74,50,2007,1997,2499,0.087,0.01,2534.00,0.00
8.254,4158,74,50,2008,1998,2498,0.109,0.02,2540.00,0.00
8.256,4159,74,50,2008,1998,2498,0.102,0.02,2537.00,0.00
8.258,4160,74,50,2008,1997,2498,0.102,0.02,2540.00,0.00
8.260,4161,74,50,2009,1999,2498,0.102,0.02,2537.00,0.00
8.262,4162,74,50,2008,1999,2497,0.102,0.02,2541.00,0.00
8.264,4163,74,50,2009,2000,2497,0.102,0.02,2538.00,0.00
8.266,4164,74,50,2009,1999,2497,0.102,0.01,2543.00,0.00
8.268,4165,74,50,2008,1998,2497,0.109,0.02,2538.00,0.00
8.270,4166,74,50,2008,1999,2497,0.102,0.02,2543.00,0.00
8.272,4167,74,50,2007,1998,2498,0.087,0.01,2535.00,0.00
8.274,4168,74,50,2007,1997,2498,0.095,0.02,2540.00,0.00
8.276,4169,74,50,2008,1998,2497,0.095,0.03,2538.00,0.00
8.278,4170,74,50,2008,1999,2498,0.102,0.02,2541.00,0.00
8.280,4171,74,50,2008,1999,2498,0.087,0.02,2537.00,0.00
8.282,4172,74,50,2008,1998,2499,0.102,0.02,2540.00,0.00
8.284,4173,74,50,2007,1998,2498,0.102,0.01,2535.00,0.00
8.286,4174,74,50,2007,1998,2498,0.102,0.01,2540.00,0.00
8.288,4175,74,50,2006,1997,2500,0.102,0.02,2532.00,0.00
8.290,4176,74,50,2007,1998,2498,0.102,0.01,2540.00,0.00
8.292,4177,74,50,2007,1998,2499,0.102,0.02,2535.00,0.00
8.294,4178,74,50,2007,1998,2499,0.109,0.02,2540.00,0.00
8.296,4179,74,50,2007,1998,2499,0.109,0.02,2535.00,0.00
8.298,4180,74,50,2007,1997,2499,0.102,0.01,2540.00,0.00
8.300,4181,74,50,2007,1997,2499,0.109,0.01,2534.00,0.00
8.302,4182,74,50,2007,1998,2497,0.109,0.02,2535.00,0.00
8.304,4183,74,50,2008,1999,2497,0.109,0.02,2535.00,0.00
8.306,4184,74,50,2007,1999,2497,0.109,0.02,2535.00,0.00
8.308,4185,74,50,2008,2000,2497,0.102,0.02,2535.00,0.00
8.310,4186,74,50,2006,1998,2500,0.102,0.02,2531.00,0.00
8.312,4187,74,50,2006,1997,2499,0.102,0.01,2532.00,0.00
8.314,4188,74,50,2007,1999,2499,0.102,0.02,2534.00,0.00
8.316,4189,74,50,2006,1998,2499,0.109,0.02,2534.00,0.00
8.318,4190,74,50,2008,1999,2498,0.109,0.02,2535.00,0.00
8.320,4191,74,50,2006,1997,2499,0.102,0.02,2532.00,0.00
8.322,4192,74,50,2006,1999,2497,0.102,0.02,2534.00,0.00
8.324,4193,74,50,2008,1999,2497,0.109,0.02,2534.00,0.00
8.326,4194,74,50,2006,1998,2498,0.102,0.03,2534.00,0.00
8.328,4195,74,50,2006,1998,2499,0.109,0.02,2532.00,0.00
8.330,4196,74,50,2006,1997,2499,0.102,0.02,2532.00,0.00
8.332,4197,74,50,2006,1997,2499,0.095,0.00,2531.00,0.00
8.334,4198,74,50,2006,1997,2499,0.102,0.00,2531.00,0.00
8.336,4199,74,50,2007,1999,2497,0.102,0.01,2532.00,0.00
8.338,4200,74,50,2006,1997,2499,0.102,0.02,2532.00,0.00
8.340,4201,74,50,2006,1998,2498,0.109,0.02,2534.00,0.00
8.342,4202,74,50,2006,1998,2499,0.109,0.03,2532.00,0.00
8.344,4203,74,50,2007,1997,2499,0.109,0.02,2532.00,0.00
8.346,4204,74,50,2006,1997,2500,0.095,0.02,2532.00,0.00
8.348,4205,74,50,2007,1998,2500,0.102,0.01,2531.00,0.00
8.350,4206,74,50,2007,1997,2499,0.102,0.00,2534.00,0.00
8.352,4207,74,50,2006,1996,2499,0.102,0.01,2531.00,0.00
8.354,4208,74,50,2006,1997,2499,0.102,0.01,2532.00,0.00
8.356,4209,74,50,2008,2000,2497,0.102,0.02,2535.00,0.00
8.358,4210,74,50,2007,1997,2498,0.095,0.02,2531.00,0.00
8.360,4211,74,50,2008,1999,2498,0.102,0.03,2534.00,0.00
8.362,4212,74,50,2006,1998,2498,0.095,0.02,2532.00,0.00
8.364,4213,74,50,2009,1999,2498,0.102,0.02,2532.00,0.00
8.366,4214,74,50,2007,1998,2500,0.102,0.00,2532.00,0.00
8.368,4215,74,50,2006,1997,2499,0.095,0.01,2531.00,0.00
8.370,4216,74,50,2006,1997,2498,0.102,0.01,2534.00,0.00
8.372,4217,74,50,2006,1997,2499,0.109,0.01,2534.00,0.00
8.374,4218,74,50,2007,1999,2497,0.102,0.02,2535.00,0.00
8.376,4219,74,50,2006,1997,2499,0.102,0.02,2532.00,0.00
8.378,4220,74,50,2006,1997,2498,0.102,0.02,2534.00,0.00
8.380,4221,74,50,2005,1996,2501,0.095,0.01,2532.00,0.00
8.382,4222,74,50,2006,1998,2499,0.109,0.02,2531.00,0.00
8.384,4223,74,50,2005,1997,2499,0.109,0.01,2532.00,0.00
8.386,4224,74,50,2005,1997,2499,0.109,0.02,2532.00,0.00
8.388,4225,74,50,2007,1998,2499,0.102,0.01,2534.00,0.00
8.390,4226,74,50,2006,1997,2498,0.102,0.02,2534.00,0.00
8.392,4227,74,50,2007,1998,2498,0.102,0.02,2532.00,0.00
8.394,4228,74,50,2008,1998,2498,0.095,0.02,2535.00,0.00
8.396,4229,74,50,2006,1998,2498,0.102,0.02,2532.00,0.00
8.398,4230,74,50,2008,1999,2496,0.102,0.01,2535.00,0.00
8.400,4231,74,50,2007,1998,2498,0.102,0.00,2532.00,0.00
8.402,4232,74,50,2007,1998,2499,0.109,0.01,2537.00,0.00
8.404,4233,74,50,2006,1997,2498,0.102,0.01,2534.00,0.00
8.406,4234,74,50,2005,1997,2499,0.087,0.00,2537.00,0.00
8.408,4235,74,50,2006,1997,2499,0.095,0.02,2534.00,0.00
8.410,4236,74,50,2006,1997,2498,0.087,0.02,2540.00,0.00
8.412,4237,74,50,2006,1996,2501,0.087,0.01,2531.00,0.00
8.414,4238,74,50,2008,1998,2498,0.109,0.02,2541.00,0.00
8.416,4239,74,50,2008,1998,2498,0.109,0.02,2537.00,0.00
8.418,4240,74,50,2006,1996,2500,0.102,0.02,2538.00,0.00
8.420,4241,74,50,2007,1997,2499,0.109,0.02,2534.00,0.00
8.422,4242,74,50,2007,1997,2498,0.102,0.02,2538.00,0.00
8.424,4243,74,50,2007,1997,2499,0.102,0.02,2532.00,0.00
8.426,4244,74,50,2006,1997,2498,0.102,0.02,2540.00,0.00
8.428,4245,74,50,2007,1998,2499,0.095,0.01,2534.00,0.00
8.430,4246,74,50,2006,1998,2499,0.102,0.02,2540.00,0.00
8.432,4247,74,50,2007,1998,2498,0.095,0.00,2537.00,0.00
8.434,4248,74,50,2008,1998,2497,0.109,0.00,2543.00,0.00
8.436,4249,74,50,2008,1999,2498,0.102,0.02,2535.00,0.00
8.438,4250,74,50,2007,1998,2498,0.109,0.02,2541.00,0.00
8.440,4251,74,50,2007,1998,2498,0.102,0.02,2537.00,0.00
8.442,4252,74,50,2007,1997,2498,0.095,0.02,2541.00,0.00
8.444,4253,74,50,2007,1998,2499,0.102,0.02,2535.00,0.00
8.446,4254,74,50,2007,1998,2498,0.102,0.02,2540.00,0.00
8.448,4255,74,50,2006,1998,2499,0.109,0.00,2534.00,0.00
8.450,4256,74,50,2006,1997,2499,0.102,0.00,2540.00,0.00
8.452,4257,74,50,2006,1997,2499,0.087,0.02,2535.00,0.00
8.454,4258,74,50,2006,1997,2499,0.087,0.02,2538.00,0.00
8.456,4259,74,50,2006,1997,2499,0.095,0.02,2535.00,0.00
8.458,4260,74,50,2007,1999,2498,0.095,0.03,2540.00,0.00
8.460,4261,74,50,2007,1998,2499,0.102,0.02,2535.00,0.00
8.462,4262,74,50,2007,1998,2499,0.109,0.01,2538.00,0.00
8.464,4263,74,50,2007,1997,2499,0.095,0.01,2535.00,0.00
8.466,4264,74,50,2008,1998,2499,0.095,0.00,2540.00,0.00
8.468,4265,74,50,2007,1997,2500,0.102,0.02,2532.00,0.00
8.470,4266,74,50,2006,1997,2500,0.102,0.02,2538.00,0.00
8.472,4267,74,50,2006,1997,2500,0.095,0.02,2534.00,0.00
8.474,4268,74,50,2007,1998,2499,0.102,0.02,2540.00,0.00
8.476,4269,74,50,2007,1997,2500,0.109,0.03,2532.00,0.00
8.478,4270,74,50,2007,1998,2500,0.102,0.02,2538.00,0.00
8.480,4271,74,50,2007,1998,2500,0.102,0.02,2534.00,0.00
8.482,4272,74,50,2007,1997,2500,0.109,0.02,2540.00,0.00
8.484,4273,74,50,2007,1998,2498,0.109,0.01,2535.00,0.00
8.486,4274,74,50,2007,1997,2497,0.102,0.02,2541.00,0.00
8.488,4275,74,50,2008,1999,2497,0.109,0.02,2537.00,0.00
8.490,4276,74,50,2007,1999,2497,0.102,0.02,2541.00,0.00
8.492,4277,74,50,2007,1998,2498,0.095,0.02,2537.00,0.00
8.494,4278,74,50,2007,1998,2499,0.102,0.02,2541.00,0.00
8.496,4279,74,50,2007,1998,2499,0.102,0.02,2535.00,0.00
8.498,4280,74,50,2008,1998,2499,0.102,0.01,2541.00,0.00
8.500,4281,74,50,2006,1997,2499,0.109,0.01,2535.00,0.00
8.502,4282,74,50,2007,1997,2499,0.102,0.01,2534.00,0.00
8.504,4283,74,50,2007,1997,2499,0.102,0.01,2531.00,0.00
8.506,4284,74,50,2008,1998,2498,0.102,0.02,2534.00,0.00
8.508,4285,74,50,2008,1999,2498,0.102,0.02,2535.00,0.00
8.510,4286,74,50,2006,1998,2500,0.109,0.03,2531.00,0.00
8.512,4287,74,50,2008,1999,2498,0.109,0.02,2535.00,0.00
8.514,4288,74,50,2008,1998,2498,0.102,0.02,2535.00,0.00
8.516,4289,74,50,2008,1998,2498,0.102,0.00,2535.00,0.00
8.518,4290,74,50,2006,1997,2498,0.087,0.00,2534.00,0.00
8.520,4291,74,50,2007,1997,2498,0.102,0.01,2534.00,0.00
8.522,4292,74,50,2007,1997,2498,0.102,0.01,2534.00,0.00
8.524,4293,74,50,2008,1998,2498,0.095,0.02,2534.00,0.00
8.526,4294,74,50,2008,1998,2499,0.102,0.03,2532.00,0.00
8.528,4295,74,50,2008,1998,2499,0.095,0.02,2532.00,0.00
8.530,4296,74,50,2008,1998,2500,0.102,0.02,2532.00,0.00
8.532,4297,74,50,2007,1998,2499,0.109,0.02,2532.00,0.00
8.534,4298,74,50,2008,1997,2499,0.102,0.00,2532.00,0.00
8.536,4299,74,50,2007,1998,2499,0.102,0.02,2532.00,0.00
8.538,4300,74,50,2007,1997,2498,0.102,0.02,2532.00,0.00
8.540,4301,74,50,2007,1997,2500,0.087,0.01,2532.00,0.00
8.542,4302,74,50,2007,1998,2500,0.095,0.02,2532.00,0.00
8.544,4303,74,50,2007,1998,2499,0.095,0.02,2534.00,0.00
8.546,4304,74,50,2007,1998,2500,0.095,0.01,2532.00,0.00
8.548,4305,74,50,2006,1996,2500,0.102,0.01,2532.00,0.00
8.550,4306,74,50,2008,2000,2497,0.102,0.01,2535.00,0.00
8.552,4307,74,50,2007,1998,2498,0.102,0.01,2534.00,0.00
8.554,4308,74,50,2008,1998,2498,0.102,0.02,2535.00,0.00
8.556,4309,74,50,2006,1997,2499,0.087,0.00,2532.00,0.00
8.558,4310,74,50,2006,1997,2499,0.109,0.02,2532.00,0.00
8.560,4311,74,50,2007,1998,2499,0.102,0.02,2535.00,0.00
8.562,4312,74,50,2007,1998,2499,0.102,0.01,2534.00,0.00
8.564,4313,74,50,2008,1999,2497,0.109,0.02,2537.00,0.00
8.566,4314,74,50,2007,1999,2499,0.095,0.02,2534.00,0.00
8.568,4315,74,50,2006,1998,2498,0.102,0.01,2534.00,0.00
8.570,4316,74,50,2006,1998,2499,0.109,0.02,2532.00,0.00
8.572,4317,74,50,2005,1996,2500,0.095,0.01,2532.00,0.00
8.574,4318,74,50,2006,1997,2501,0.102,0.02,2531.00,0.00
8.576,4319,74,50,2005,1996,2500,0.095,0.02,2531.00,0.00
8.578,4320,74,50,2006,1997,2499,0.102,0.01,2532.00,0.00
8.580,4321,74,50,2007,1997,2500,0.095,0.02,2532.00,0.00
8.582,4322,74,50,2007,1999,2499,0.087,0.01,2532.00,0.00
8.584,4323,74,50,2006,1997,2499,0.109,0.01,2532.00,0.00
8.586,4324,74,50,2007,1997,2499,0.102,0.02,2531.00,0.00
8.588,4325,74,50,2006,1998,2498,0.095,0.01,2534.00,0.00
8.590,4326,74,50,2007,1999,2497,0.102,0.02,2537.00,0.00
8.592,4327,74,50,2007,1998,2499,0.102,0.03,2534.00,0.00
8.594,4328,74,50,2006,1997,2500,0.095,0.02,2532.00,0.00
8.596,4329,74,50,2006,1997,2500,0.109,0.02,2532.00,0.00
8.598,4330,74,50,2007,1999,2499,0.102,0.01,2535.00,0.00
8.600,4331,74,50,2007,1997,2498,0.095,0.00,2532.00,0.00
8.602,4332,74,50,2007,1998,2498,0.102,0.01,2538.00,0.00
8.604,4333,74,50,2007,1998,2499,0.095,0.02,2532.00,0.00
8.606,4334,74,50,2007,1998,2499,0.095,0.02,2540.00,0.00
8.608,4335,74,50,2006,1997,2499,0.087,0.02,2534.00,0.00
8.610,4336,74,50,2007,1997,2498,0.087,0.02,2540.00,0.00
8.612,4337,74,50,2006,1997,2499,0.109,0.02,2535.00,0.00
8.614,4338,74,50,2006,1997,2499,0.102,0.01,2540.00,0.00
8.616,4339,74,50,2007,1997,2499,0.102,0.00,2534.00,0.00
8.618,4340,74,50,2007,1997,2498,0.102,0.02,2540.00,0.00
8.620,4341,74,50,2007,1998,2498,0.102,0.01,2535.00,0.00
8.622,4342,74,50,2006,1997,2499,0.102,0.02,2538.00,0.00
8.624,4343,74,50,2005,1997,2499,0.102,0.02,2535.00,0.00
8.626,4344,74,50,2006,1997,2500,0.102,0.02,2540.00,0.00
8.628,4345,74,50,2005,1996,2500,0.102,0.02,2534.00,0.00
8.630,4346,74,50,2007,1998,2499,0.102,0.02,2538.00,0.00
8.632,4347,74,50,2006,1998,2500,0.102,0.01,2534.00,0.00
8.634,4348,74,50,2007,1998,2499,0.109,0.02,2538.00,0.00
8.636,4349,74,50,2006,1998,2499,0.102,0.02,2534.00,0.00
8.638,4350,74,50,2006,1997,2498,0.102,0.02,2538.00,0.00
8.640,4351,74,50,2007,1999,2497,0.109,0.02,2537.00,0.00
8.642,4352,74,50,2006,1998,2498,0.102,0.02,2540.00,0.00
8.644,4353,74,50,2007,1999,2497,0.109,0.03,2538.00,0.00
8.646,4354,74,50,2007,1999,2498,0.102,0.02,2540.00,0.00
8.648,4355,74,50,2007,2000,2497,0.102,0.01,2538.00,0.00
8.650,4356,74,50,2008,2000,2498,0.109,0.01,2541.00,0.00
8.652,4357,74,50,2007,2000,2500,0.102,0.01,2534.00,0.00
8.654,4358,74,50,2006,1997,2499,0.102,0.01,2538.00,0.00
8.656,4359,74,50,2006,1997,2499,0.102,0.02,2535.00,0.00
8.658,4360,74,50,2006,1998,2499,0.095,0.02,2540.00,0.00
8.660,4361,74,50,2006,1998,2499,0.095,0.01,2535.00,0.00
8.662,4362,74,50,2006,1998,2499,0.095,0.01,2540.00,0.00
8.664,4363,74,50,2006,1999,2499,0.095,0.02,2534.00,0.00
8.666,4364,74,50,2006,1998,2499,0.095,0.01,2540.00,0.00
8.668,4365,74,50,2005,1997,2499,0.117,0.02,2534.00,0.00
8.670,4366,74,50,2005,1997,2499,0.109,0.01,2540.00,0.00
8.672,4367,74,50,2004,1998,2498,0.102,0.02,2535.00,0.00
8.674,4368,74,50,2003,1997,2498,0.102,0.01,2540.00,0.00
8.676,4369,74,50,2003,1997,2498,0.102,0.02,2534.00,0.00
8.678,4370,74,50,2003,1998,2498,0.109,0.02,2538.00,0.00
8.680,4371,74,50,2003,1998,2499,0.102,0.02,2534.00,0.00
8.682,4372,74,50,2003,1997,2498,0.102,0.01,2538.00,0.00
8.684,4373,74,50,2003,1998,2500,0.102,0.01,2532.00,0.00
8.686,4374,74,50,2003,1997,2500,0.109,0.02,2537.00,0.00
8.688,4375,74,50,2005,1997,2500,0.102,0.02,2534.00,0.00
8.690,4376,74,50,2005,1998,2502,0.109,0.02,2538.00,0.00
8.692,4377,74,50,2007,1999,2502,0.102,0.02,2534.00,0.00
8.694,4378,74,50,2008,1998,2503,0.087,0.02,2540.00,0.00
8.696,4379,74,50,2010,1999,2499,0.102,0.02,2535.00,0.00
8.698,4380,74,50,2012,1999,2497,0.102,0.01,2543.00,0.00
8.700,4381,74,50,2012,1998,2496,0.087,0.00,2537.00,0.00
8.702,4382,74,50,2013,1998,2497,0.095,0.02,2534.00,0.00
8.704,4383,74,50,2014,1997,2497,0.095,0.02,2534.00,0.00
8.706,4384,74,50,2013,1995,2498,0.109,0.02,2534.00,0.00
8.708,4385,74,50,2013,1995,2498,0.102,0.01,2532.00,0.00
8.710,4386,74,50,2014,1995,2499,0.102,0.02,2532.00,0.00
8.712,4387,74,50,2014,1996,2499,0.102,0.01,2534.00,0.00
8.714,4388,74,50,2014,1998,2499,0.102,0.02,2534.00,0.00
8.716,4389,74,50,2014,1999,2500,0.095,0.01,2534.00,0.00
8.718,4390,74,50,2012,1999,2500,0.087,0.02,2535.00,0.00
8.720,4391,119,50,2012,2001,2499,0.102,0.02,2538.00,0.00
8.722,4392,119,50,2010,2000,2499,0.109,0.02,2540.00,0.00
8.724,4393,119,50,2009,1999,2499,0.109,0.02,2540.00,0.00
8.726,4394,119,50,2009,2000,2499,0.109,0.04,2537.00,0.00
8.728,4395,119,50,2006,1997,2501,0.095,0.01,2534.00,0.00
8.730,4396,119,50,2004,1996,2499,0.109,0.02,2532.00,0.00
8.732,4397,119,50,2004,1998,2498,0.102,0.01,2532.00,0.00
8.734,4398,119,50,2003,1997,2497,0.102,0.00,2534.00,0.00
8.736,4399,119,50,2001,1996,2497,0.102,0.01,2531.00,0.00
8.738,4400,119,50,2002,1998,2495,0.102,0.02,2535.00,0.00
8.740,4401,119,50,2002,1998,2496,0.102,0.02,2534.00,0.00
8.742,4402,119,50,2002,1998,2496,0.095,0.02,2535.00,0.00
8.744,4403,119,50,2002,1999,2497,0.102,0.02,2534.00,0.00
8.746,4404,119,50,2003,1998,2498,0.102,0.02,2537.00,0.00
8.748,4405,119,50,2004,1998,2501,0.102,0.01,2532.00,0.00
8.750,4406,119,50,2002,1998,2501,0.102,0.01,2532.00,0.00
8.752,4407,119,50,2003,1997,2500,0.109,0.01,2534.00,0.00
8.754,4408,119,50,2004,1999,2500,0.095,0.01,2532.00,0.00
8.756,4409,119,50,2006,1999,2498,0.102,0.02,2535.00,0.00
8.758,4410,119,50,2006,1999,2499,0.095,0.02,2532.00,0.00
8.760,4411,119,50,2007,1999,2498,0.102,0.03,2535.00,0.00
8.762,4412,119,50,2008,1999,2497,0.102,0.02,2535.00,0.00
8.764,4413,119,50,2009,2000,2498,0.109,0.02,2535.00,0.00
8.766,4414,119,50,2009,1997,2499,0.095,0.00,2534.00,0.00
8.768,4415,119,50,2009,1997,2498,0.109,0.02,2534.00,0.00
8.770,4416,119,50,2009,1996,2498,0.102,0.00,2534.00,0.00
8.772,4417,119,50,2009,1997,2498,0.095,0.02,2532.00,0.00
8.774,4418,119,50,2010,1999,2498,0.102,0.02,2535.00,0.00
8.776,4419,119,50,2009,1998,2499,0.102,0.02,2532.00,0.00
8.778,4420,119,50,2010,2000,2499,0.109,0.02,2535.00,0.00
8.780,4421,119,50,2010,2000,2499,0.102,0.02,2537.00,0.00
8.782,4422,119,50,2009,1999,2499,0.095,0.01,2535.00,0.00
8.784,4423,119,50,2009,2000,2497,0.109,0.01,2537.00,0.00
8.786,4424,119,50,2007,1999,2500,0.102,0.02,2532.00,0.00
8.788,4425,119,50,2006,1998,2501,0.109,0.02,2531.00,0.00
8.790,4426,119,50,2008,1999,2499,0.109,0.02,2537.00,0.00
8.792,4427,119,50,2006,1998,2500,0.087,0.02,2537.00,0.00
8.794,4428,119,50,2007,1998,2499,0.102,0.03,2538.00,0.00
8.796,4429,119,50,2006,1998,2499,0.102,0.02,2535.00,0.00
8.798,4430,119,50,2006,1997,2499,0.095,0.01,2532.00,0.00
8.800,4431,119,50,2005,1997,2499,0.102,0.01,2532.00,0.00
8.802,4432,119,50,2006,1999,2496,0.102,0.02,2541.00,0.00
8.804,4433,119,50,2005,1998,2498,0.102,0.02,2535.00,0.00
8.806,4434,119,50,2006,1999,2498,0.117,0.02,2541.00,0.00
8.808,4435,119,50,2005,1998,2499,0.102,0.02,2534.00,0.00
8.810,4436,119,50,2005,1998,2499,0.109,0.02,2541.00,0.00
8.812,4437,119,50,2006,1999,2500,0.095,0.02,2535.00,0.00
8.814,4438,119,50,2005,1997,2501,0.095,0.01,2540.00,0.00
8.816,4439,119,50,2007,1999,2498,0.109,0.01,2537.00,0.00
8.818,4440,119,50,2006,1998,2499,0.087,0.02,2540.00,0.00
8.820,4441,119,50,2006,1997,2499,0.109,0.02,2535.00,0.00
8.822,4442,119,50,2008,1999,2498,0.102,0.01,2541.00,0.00
8.824,4443,119,50,2008,1998,2499,0.102,0.01,2535.00,0.00
8.826,4444,119,50,2008,1998,2499,0.102,0.03,2540.00,0.00
8.828,4445,119,50,2009,1999,2499,0.095,0.02,2534.00,0.00
8.830,4446,119,50,2008,1998,2499,0.102,0.02,2538.00,0.00
8.832,4447,119,50,2009,1997,2499,0.109,0.02,2535.00,0.00
8.834,4448,119,50,2008,1996,2500,0.102,0.01,2538.00,0.00
8.836,4449,119,50,2008,1997,2499,0.102,0.02,2532.00,0.00
8.838,4450,119,50,2008,1997,2500,0.102,0.02,2538.00,0.00
8.840,4451,119,50,2007,1996,2500,0.102,0.02,2532.00,0.00
8.842,4452,119,50,2008,1997,2500,0.109,0.03,2540.00,0.00
8.844,4453,119,50,2009,1998,2499,0.095,0.02,2535.00,0.00
8.846,4454,119,50,2007,1997,2499,0.102,0.01,2540.00,0.00
8.848,4455,119,50,2007,1998,2500,0.102,0.01,2534.00,0.00
8.850,4456,119,50,2008,1999,2498,0.102,0.01,2541.00,0.00
8.852,4457,119,50,2007,1998,2499,0.102,0.01,2534.00,0.00
8.854,4458,119,50,2008,1999,2498,0.102,0.02,2541.00,0.00
8.856,4459,119,50,2007,1998,2497,0.109,0.02,2538.00,0.00
8.858,4460,119,50,2007,1999,2497,0.102,0.03,2543.00,0.00
8.860,4461,119,50,2008,1999,2497,0.109,0.02,2538.00,0.00
8.862,4462,119,50,2006,1999,2499,0.087,0.02,2540.00,0.00
8.864,4463,119,50,2007,1999,2498,0.095,0.02,2537.00,0.00
8.866,4464,119,50,2006,1999,2499,0.102,0.00,2538.00,0.00
8.868,4465,119,50,2007,1997,2498,0.102,0.01,2535.00,0.00
8.870,4466,119,50,2007,1998,2498,0.095,0.01,2541.00,0.00
8.872,4467,119,50,2007,1997,2499,0.102,0.01,2538.00,0.00
8.874,4468,119,50,2007,1997,2499,0.109,0.02,2544.00,0.00
8.876,4469,119,50,2006,1998,2500,0.102,0.02,2538.00,0.00
8.878,4470,119,50,2007,1998,2500,0.102,0.02,2541.00,0.00
8.880,4471,119,50,2007,1999,2498,0.109,0.02,2537.00,0.00
8.882,4472,119,50,2007,1998,2499,0.102,0.00,2540.00,0.00
8.884,4473,119,50,2008,1998,2499,0.102,0.00,2535.00,0.00
8.886,4474,119,50,2007,1998,2499,0.102,0.01,2540.00,0.00
8.888,4475,119,50,2007,1997,2499,0.109,0.02,2532.00,0.00
8.890,4476,119,50,2008,1998,2499,0.109,0.02,2537.00,0.00
8.892,4477,119,50,2009,1998,2500,0.109,0.02,2532.00,0.00
8.894,4478,119,50,2008,1998,2501,0.109,0.02,2538.00,0.00
8.896,4479,119,50,2009,1998,2500,0.117,0.02,2534.00,0.00
8.898,4480,119,50,2008,1998,2499,0.109,0.02,2538.00,0.00
8.900,4481,119,50,2007,1997,2500,0.095,0.01,2532.00,0.00
8.902,4482,119,50,2009,1999,2498,0.102,0.02,2534.00,0.00
8.904,4483,119,50,2007,1997,2499,0.080,0.00,2532.00,0.00
8.906,4484,119,50,2007,1997,2499,0.109,0.02,2532.00,0.00
8.908,4485,119,50,2008,1997,2500,0.102,0.02,2531.00,0.00
8.910,4486,119,50,2008,1999,2499,0.095,0.02,2534.00,0.00
8.912,4487,119,50,2008,1999,2498,0.102,0.02,2535.00,0.00
8.914,4488,119,50,2008,1999,2499,0.102,0.02,2535.00,0.00
8.916,4489,119,50,2008,1999,2497,0.095,0.01,2535.00,0.00
8.918,4490,119,50,2007,1999,2498,0.109,0.02,2534.00,0.00
8.920,4491,119,50,2006,1996,2500,0.102,0.01,2532.00,0.00
8.922,4492,119,50,2007,1998,2498,0.102,0.02,2534.00,0.00
8.924,4493,119,50,2007,1997,2499,0.102,0.02,2532.00,0.00
8.926,4494,119,50,2008,1999,2498,0.102,0.03,2534.00,0.00
8.928,4495,119,50,2007,1998,2499,0.095,0.02,2532.00,0.00
8.930,4496,119,50,2007,1998,2498,0.095,0.02,2534.00,0.00
8.932,4497,119,50,2007,1998,2500,0.109,0.02,2532.00,0.00
8.934,4498,119,50,2007,1998,2499,0.109,0.02,2534.00,0.00
8.936,4499,119,50,2007,1997,2499,0.102,0.02,2532.00,0.00
8.938,4500,119,50,2006,1997,2500,0.095,0.02,2531.00,0.00
8.940,4501,119,50,2007,1998,2499,0.109,0.01,2534.00,0.00
8.942,4502,119,50,2006,1997,2499,0.102,0.02,2534.00,0.00
8.944,4503,119,50,2008,2000,2499,0.102,0.02,2534.00,0.00
8.946,4504,119,50,2007,1999,2500,0.087,0.01,2534.00,0.00
8.948,4505,119,50,2007,1997,2499,0.102,0.01,2532.00,0.00
8.950,4506,119,50,2007,1999,2498,0.102,0.00,2534.00,0.00
8.952,4507,119,50,2007,1997,2499,0.109,0.01,2532.00,0.00
8.954,4508,119,50,2007,1998,2499,0.102,0.02,2534.00,0.00
8.956,4509,119,50,2007,1999,2498,0.102,0.02,2534.00,0.00
8.958,4510,119,50,2007,1996,2500,0.102,0.02,2531.00,0.00
8.960,4511,119,50,2006,1997,2500,0.109,0.02,2531.00,0.00
8.962,4512,119,50,2007,1999,2500,0.095,0.02,2532.00,0.00
8.964,4513,119,50,2008,1999,2499,0.087,0.02,2532.00,0.00
8.966,4514,119,50,2008,1999,2497,0.109,0.02,2537.00,0.00
8.968,4515,119,50,2006,1998,2499,0.102,0.01,2534.00,0.00
8.970,4516,119,50,2006,1997,2499,0.109,0.02,2534.00,0.00
8.972,4517,119,50,2005,1997,2500,0.109,0.02,2534.00,0.00
8.974,4518,119,50,2006,1997,2499,0.102,0.02,2538.00,0.00
8.976,4519,119,50,2007,1998,2498,0.109,0.03,2540.00,0.00
8.978,4520,119,50,2007,1999,2498,0.095,0.01,2540.00,0.00
8.980,4521,119,50,2007,1998,2498,0.109,0.01,2540.00,0.00
8.982,4522,119,50,2006,1999,2499,0.095,0.02,2535.00,0.00
8.984,4523,119,50,2006,1999,2499,0.102,0.00,2534.00,0.00
8.986,4524,119,50,2007,1997,2498,0.109,0.02,2534.00,0.00
8.988,4525,119,50,2006,1997,2498,0.102,0.01,2534.00,0.00
8.990,4526,119,50,2006,1998,2498,0.102,0.02,2532.00,0.00
8.992,4527,119,50,2005,1998,2499,0.095,0.03,2532.00,0.00
8.994,4528,119,50,2007,1999,2499,0.102,0.02,2534.00,0.00
8.996,4529,119,50,2006,1997,2499,0.095,0.01,2532.00,0.00
8.998,4530,119,50,2006,1998,2499,0.109,0.01,2534.00,0.00
9.000,4531,119,50,2006,1999,2499,0.095,0.00,2534.00,0.00
9.002,4532,119,50,2005,1998,2498,0.102,0.02,2540.00,0.00
9.004,4533,119,50,2006,1998,2498,0.095,0.01,2537.00,0.00
9.006,4534,119,50,2006,1998,2498,0.095,0.01,2540.00,0.00
9.008,4535,119,50,2006,1998,2499,0.109,0.02,2535.00,0.00
9.010,4536,119,50,2005,1998,2498,0.095,0.01,2540.00,0.00
9.012,4537,119,50,2007,1998,2500,0.102,0.02,2532.00,0.00
9.014,4538,119,50,2006,1998,2499,0.109,0.02,2538.00,0.00
9.016,4539,119,50,2007,1998,2499,0.095,0.02,2535.00,0.00
9.018,4540,119,50,2007,1998,2498,0.095,0.01,2541.00,0.00
9.020,4541,119,50,2006,1997,2499,0.102,0.01,2535.00,0.00
9.022,4542,119,50,2007,1998,2498,0.102,0.02,2541.00,0.00
9.024,4543,119,50,2008,1999,2497,0.095,0.02,2535.00,0.00
9.026,4544,119,50,2006,1997,2498,0.087,0.02,2541.00,0.00
9.028,4545,119,50,2006,1997,2499,0.095,0.01,2534.00,0.00
9.030,4546,119,50,2006,1997,2499,0.102,0.02,2538.00,0.00
9.032,4547,119,50,2007,1998,2498,0.095,0.01,2535.00,0.00
9.034,4548,119,50,2007,1997,2499,0.102,0.01,2540.00,0.00
9.036,4549,119,50,2005,1997,2499,0.109,0.02,2534.00,0.00
9.038,4550,119,50,2006,1999,2499,0.095,0.02,2540.00,0.00
9.040,4551,119,50,2007,1998,2499,0.102,0.02,2534.00,0.00
9.042,4552,119,50,2008,1999,2498,0.095,0.02,2540.00,0.00
9.044,4553,119,50,2007,1998,2498,0.102,0.02,2535.00,0.00
9.046,4554,119,50,2007,1998,2499,0.087,0.01,2540.00,0.00
9.048,4555,119,50,2007,1997,2498,0.109,0.01,2534.00,0.00
9.050,4556,119,50,2007,1998,2499,0.095,0.01,2540.00,0.00
9.052,4557,119,50,2006,1997,2500,0.102,0.02,2532.00,0.00
9.054,4558,119,50,2006,1997,2499,0.109,0.02,2538.00,0.00
9.056,4559,119,50,2007,1999,2497,0.102,0.02,2535.00,0.00
9.058,4560,119,50,2007,1998,2500,0.102,0.02,2537.00,0.00
9.060,4561,119,49,2008,1999,2498,0.087,0.02,2537.00,0.00
9.062,4562,119,49,2007,1998,2499,0.102,0.02,2540.00,0.00
9.064,4563,119,49,2007,1998,2498,0.095,0.01,2535.00,0.00
9.066,4564,119,49,2005,1996,2499,0.102,0.02,2538.00,0.00
9.068,4565,119,49,2006,1997,2499,0.087,0.01,2534.00,0.00
9.070,4566,119,49,2007,1998,2500,0.109,0.02,2537.00,0.00
9.072,4567,119,49,2007,1998,2498,0.109,0.02,2535.00,0.00
9.074,4568,119,49,2007,1998,2499,0.087,0.02,2540.00,0.00
9.076,4569,119,49,2006,1997,2499,0.102,0.02,2534.00,0.00
9.078,4570,119,49,2007,1998,2499,0.095,0.02,2540.00,0.00
9.080,4571,119,49,2008,1998,2498,0.109,0.02,2535.00,0.00
9.082,4572,119,49,2007,1998,2499,0.102,0.01,2540.00,0.00
9.084,4573,119,49,2007,1997,2499,0.109,0.01,2534.00,0.00
9.086,4574,119,49,2007,1999,2498,0.102,0.02,2540.00,0.00
9.088,4575,119,49,2007,1997,2500,0.109,0.02,2534.00,0.00
9.090,4576,119,49,2007,1998,2498,0.109,0.02,2540.00,0.00
9.092,4577,119,49,2006,1999,2499,0.095,0.02,2534.00,0.00
9.094,4578,119,49,2008,1998,2499,0.117,0.03,2540.00,0.00
9.096,4579,119,49,2008,2000,2498,0.095,0.02,2535.00,0.00
9.098,4580,119,49,2006,1997,2501,0.102,0.02,2537.00,0.00
9.100,4581,119,49,2006,1997,2499,0.102,0.00,2535.00,0.00
9.102,4582,119,49,2007,1998,2499,0.095,0.02,2534.00,0.00
9.104,4583,119,49,2006,1996,2499,0.102,0.01,2531.00,0.00
9.106,4584,119,49,2008,1998,2499,0.102,0.02,2531.00,0.00
9.108,4585,119,49,2006,1997,2499,0.109,0.02,2532.00,0.00
9.110,4586,119,49,2007,1999,2499,0.117,0.03,2532.00,0.00
9.112,4587,119,49,2009,1999,2497,0.109,0.02,2535.00,0.00
9.114,4588,119,49,2007,1997,2500,0.095,0.02,2534.00,0.00
9.116,4589,119,49,2008,1998,2499,0.102,0.00,2538.00,0.00
9.118,4590,119,49,2007,1998,2499,0.095,0.01,2537.00,0.00
9.120,4591,119,49,2008,1998,2498,0.102,0.02,2537.00,0.00
9.122,4592,119,49,2007,1998,2499,0.095,0.01,2535.00,0.00
9.124,4593,119,49,2007,1997,2498,0.095,0.01,2538.00,0.00
9.126,4594,119,49,2007,1998,2499,0.109,0.02,2537.00,0.00
9.128,4595,119,49,2007,1997,2500,0.102,0.02,2535.00,0.00
9.130,4596,119,49,2007,1997,2501,0.102,0.02,2532.00,0.00
9.132,4597,119,49,2007,1997,2500,0.109,0.02,2531.00,0.00
9.134,4598,119,49,2009,1999,2497,0.095,0.01,2534.00,0.00
9.136,4599,119,49,2008,1999,2498,0.102,0.02,2534.00,0.00
9.138,4600,119,49,2008,1998,2497,0.102,0.01,2534.00,0.00
9.140,4601,119,49,2009,1999,2497,0.095,0.02,2535.00,0.00
9.142,4602,119,49,2008,1998,2498,0.102,0.02,2532.00,0.00
9.144,4603,119,49,2009,1998,2500,0.109,0.02,2532.00,0.00
9.146,4604,119,49,2006,1997,2500,0.102,0.02,2531.00,0.00
9.148,4605,119,49,2008,1997,2499,0.109,0.02,2532.00,0.00
9.150,4606,119,49,2008,2000,2498,0.102,0.01,2535.00,0.00
9.152,4607,119,49,2006,1997,2499,0.102,0.02,2532.00,0.00
9.154,4608,119,49,2007,1998,2498,0.109,0.02,2534.00,0.00
9.156,4609,119,49,2007,1998,2499,0.095,0.02,2532.00,0.00
9.158,4610,119,49,2006,1998,2498,0.102,0.02,2534.00,0.00
9.160,4611,119,49,2006,1997,2499,0.095,0.02,2532.00,0.00
9.162,4612,119,49,2006,1997,2501,0.102,0.02,2531.00,0.00
9.164,4613,119,49,2006,1997,2498,0.109,0.02,2534.00,0.00
9.166,4614,119,49,2007,1998,2499,0.095,0.01,2532.00,0.00
9.168,4615,119,49,2007,1998,2498,0.109,0.01,2535.00,0.00
9.170,4616,119,49,2007,1997,2498,0.102,0.02,2534.00,0.00
9.172,4617,119,49,2007,1997,2498,0.109,0.01,2534.00,0.00
9.174,4618,119,49,2005,1996,2500,0.087,0.02,2531.00,0.00
9.176,4619,119,49,2008,2000,2497,0.109,0.03,2537.00,0.00
9.178,4620,119,49,2007,1997,2499,0.102,0.02,2532.00,0.00
9.180,4621,119,48,2007,1997,2501,0.109,0.02,2531.00,0.00
9.182,4622,119,48,2007,1999,2497,0.095,0.01,2534.00,0.00
9.184,4623,119,48,2007,1998,2499,0.102,0.01,2532.00,0.00
9.186,4624,119,48,2007,1997,2498,0.102,0.02,2534.00,0.00
9.188,4625,119,48,2007,1999,2498,0.095,0.02,2534.00,0.00
9.190,4626,119,48,2007,1997,2500,0.102,0.02,2532.00,0.00
9.192,4627,119,48,2007,1996,2499,0.102,0.02,2534.00,0.00
9.194,4628,119,48,2007,1997,2499,0.087,0.02,2532.00,0.00
9.196,4629,119,48,2007,1997,2499,0.102,0.02,2532.00,0.00
9.198,4630,119,48,2007,1998,2499,0.102,0.02,2532.00,0.00
9.200,4631,119,48,2008,1998,2498,0.102,0.01,2534.00,0.00
9.202,4632,119,48,2008,1999,2497,0.102,0.01,2541.00,0.00
9.204,4633,119,48,2007,1998,2499,0.102,0.02,2534.00,0.00
9.206,4634,119,48,2007,1997,2499,0.109,0.02,2540.00,0.00
9.208,4635,119,48,2008,1998,2498,0.109,0.03,2534.00,0.00
9.210,4636,119,48,2007,1997,2500,0.095,0.02,2537.00,0.00
9.212,4637,119,48,2007,1997,2498,0.102,0.01,2535.00,0.00
9.214,4638,119,48,2008,1998,2499,0.095,0.02,2538.00,0.00
9.216,4639,119,48,2009,1999,2498,0.109,0.02,2535.00,0.00
9.218,4640,119,48,2007,1998,2499,0.102,0.00,2538.00,0.00
9.220,4641,119,48,2008,1997,2498,0.109,0.02,2534.00,0.00
9.222,4642,119,48,2008,2000,2498,0.109,0.02,2540.00,0.00
9.224,4643,119,48,2008,1998,2498,0.102,0.02,2535.00,0.00
9.226,4644,119,48,2006,1996,2500,0.102,0.02,2538.00,0.00
9.228,4645,119,48,2006,1997,2499,0.109,0.02,2534.00,0.00
9.230,4646,119,48,2008,2000,2498,0.109,0.02,2540.00,0.00
9.232,4647,119,48,2007,1998,2499,0.102,0.02,2534.00,0.00
9.234,4648,119,48,2008,1999,2497,0.109,0.00,2541.00,0.00
9.236,4649,119,48,2007,1998,2499,0.102,0.01,2535.00,0.00
9.238,4650,119,48,2006,1996,2499,0.102,0.02,2538.00,0.00
9.240,4651,119,48,2008,1998,2497,0.095,0.02,2535.00,0.00
9.242,4652,119,48,2006,1996,2501,0.102,0.02,2537.00,0.00
9.244,4653,119,48,2006,1997,2500,0.102,0.02,2532.00,0.00
9.246,4654,119,48,2008,1999,2499,0.095,0.02,2540.00,0.00
9.248,4655,119,48,2007,1998,2501,0.102,0.02,2531.00,0.00
9.250,4656,119,48,2007,1999,2499,0.095,0.00,2538.00,0.00
9.252,4657,119,48,2007,1998,2498,0.109,0.02,2535.00,0.00
9.254,4658,119,48,2006,1998,2499,0.087,0.02,2540.00,0.00
9.256,4659,119,48,2007,1998,2497,0.102,0.02,2535.00,0.00
9.258,4660,119,48,2005,1995,2500,0.102,0.01,2538.00,0.00
9.260,4661,119,48,2007,1997,2500,0.095,0.02,2534.00,0.00
9.262,4662,119,48,2007,1997,2500,0.102,0.02,2538.00,0.00
9.264,4663,119,48,2006,1998,2500,0.102,0.01,2534.00,0.00
9.266,4664,119,48,2009,1999,2498,0.102,0.01,2540.00,0.00
9.268,4665,119,48,2006,1997,2500,0.102,0.01,2532.00,0.00
9.270,4666,119,48,2007,1998,2499,0.095,0.02,2538.00,0.00
9.272,4667,119,48,2007,1998,2497,0.109,0.02,2535.00,0.00
9.274,4668,119,48,2006,1997,2499,0.102,0.01,2540.00,0.00
9.276,4669,119,48,2006,1996,2499,0.102,0.02,2534.00,0.00
9.278,4670,119,48,2008,2000,2498,0.095,0.02,2541.00,0.00
9.280,4671,119,48,2006,1996,2501,0.102,0.02,2534.00,0.00
9.282,4672,119,48,2007,1998,2498,0.102,0.01,2540.00,0.00
9.284,4673,119,48,2008,1999,2498,0.102,0.01,2537.00,0.00
9.286,4674,119,48,2005,1996,2500,0.095,0.01,2537.00,0.00
9.288,4675,119,48,2007,1998,2498,0.102,0.02,2537.00,0.00
9.290,4676,119,48,2005,1996,2499,0.087,0.02,2538.00,0.00
9.292,4677,119,48,2007,1998,2498,0.087,0.02,2535.00,0.00
9.294,4678,119,48,2006,1996,2499,0.109,0.02,2538.00,0.00
9.296,4679,119,48,2007,1998,2499,0.102,0.02,2534.00,0.00
9.298,4680,119,48,2008,1998,2498,0.109,0.02,2541.00,0.00
9.300,4681,119,47,2007,1998,2498,0.102,0.00,2535.00,0.00
9.302,4682,119,47,2006,1997,2498,0.109,0.02,2534.00,0.00
9.304,4683,119,47,2007,1998,2497,0.095,0.02,2534.00,0.00
9.306,4684,119,47,2006,1996,2498,0.087,0.02,2535.00,0.00
9.308,4685,119,47,2007,1997,2498,0.109,0.02,2532.00,0.00
9.310,4686,119,47,2007,1998,2498,0.102,0.02,2534.00,0.00
9.312,4687,119,47,2006,1997,2499,0.087,0.01,2532.00,0.00
9.314,4688,119,47,2008,1998,2497,0.102,0.01,2534.00,0.00
9.316,4689,119,47,2007,1997,2498,0.109,0.02,2534.00,0.00
9.318,4690,119,47,2005,1996,2499,0.087,0.01,2532.00,0.00
9.320,4691,119,47,2007,1997,2498,0.102,0.01,2534.00,0.00
9.322,4692,119,47,2005,1996,2499,0.095,0.01,2531.00,0.00
9.324,4693,119,47,2006,1997,2500,0.095,0.02,2531.00,0.00
9.326,4694,119,47,2008,1999,2498,0.095,0.02,2534.00,0.00
9.328,4695,119,47,2007,1999,2498,0.102,0.02,2534.00,0.00
9.330,4696,119,47,2007,1999,2497,0.095,0.01,2534.00,0.00
9.332,4697,119,47,2007,1997,2498,0.109,0.01,2534.00,0.00
9.334,4698,119,47,2007,1998,2499,0.087,0.00,2534.00,0.00
9.336,4699,119,47,2008,1998,2499,0.102,0.02,2532.00,0.00
9.338,4700,119,47,2005,1996,2499,0.095,0.01,2532.00,0.00
9.340,4701,119,47,2006,1996,2499,0.102,0.02,2532.00,0.00
9.342,4702,119,47,2007,1997,2499,0.109,0.03,2534.00,0.00
9.344,4703,119,47,2006,1996,2500,0.087,0.02,2531.00,0.00
9.346,4704,119,47,2007,1998,2500,0.087,0.02,2531.00,0.00
9.348,4705,119,47,2008,2000,2498,0.095,0.02,2534.00,0.00
9.350,4706,119,47,2007,1998,2499,0.102,0.00,2532.00,0.00
9.352,4707,119,47,2007,1997,2499,0.102,0.02,2531.00,0.00
9.354,4708,119,47,2007,1997,2499,0.102,0.02,2531.00,0.00
9.356,4709,119,47,2007,1998,2499,0.109,0.02,2531.00,0.00
9.358,4710,119,47,2008,1999,2497,0.102,0.02,2535.00,0.00
9.360,4711,119,47,2007,1998,2500,0.102,0.02,2531.00,0.00
9.362,4712,119,47,2008,1998,2498,0.109,0.02,2534.00,0.00
9.364,4713,119,47,2009,1999,2498,0.095,0.02,2534.00,0.00
9.366,4714,119,47,2008,1999,2497,0.102,0.01,2535.00,0.00
9.368,4715,119,47,2009,1999,2497,0.109,0.00,2534.00,0.00
9.370,4716,119,47,2008,1997,2499,0.102,0.02,2532.00,0.00
9.372,4717,119,47,2008,1999,2498,0.109,0.02,2535.00,0.00
9.374,4718,119,47,2008,1998,2499,0.109,0.02,2532.00,0.00
9.376,4719,119,47,2007,1998,2499,0.109,0.03,2532.00,0.00
9.378,4720,119,47,2008,1998,2500,0.095,0.02,2532.00,0.00
9.380,4721,119,47,2009,1998,2498,0.117,0.02,2532.00,0.00
9.382,4722,119,47,2008,1998,2499,0.109,0.01,2531.00,0.00
9.384,4723,119,47,2007,1998,2499,0.095,0.01,2532.00,0.00
9.386,4724,119,47,2008,1998,2498,0.102,0.02,2532.00,0.00
9.388,4725,119,47,2007,1998,2499,0.095,0.02,2531.00,0.00
9.390,4726,119,47,2008,1998,2498,0.109,0.02,2532.00,0.00
9.392,4727,119,47,2006,1996,2499,0.102,0.02,2532.00,0.00
9.394,4728,119,47,2007,1998,2498,0.102,0.02,2532.00,0.00
9.396,4729,119,47,2008,1998,2498,0.095,0.02,2534.00,0.00
9.398,4730,119,47,2007,1997,2500,0.102,0.02,2532.00,0.00
9.400,4731,119,47,2008,1999,2498,0.102,0.02,2534.00,0.00
9.402,4732,119,47,2008,1999,2498,0.102,0.02,2538.00,0.00
9.404,4733,119,47,2007,1998,2499,0.102,0.01,2532.00,0.00
9.406,4734,119,47,2007,1998,2498,0.109,0.01,2540.00,0.00
9.408,4735,119,47,2006,1996,2499,0.109,0.02,2534.00,0.00
9.410,4736,119,47,2007,1998,2499,0.102,0.03,2540.00,0.00
9.412,4737,119,47,2008,1998,2498,0.117,0.02,2537.00,0.00
9.414,4738,119,47,2006,1997,2500,0.102,0.02,2538.00,0.00
9.416,4739,119,47,2008,2000,2498,0.109,0.02,2537.00,0.00
9.418,4740,119,47,2007,1997,2498,0.095,0.00,2540.00,0.00
9.420,4741,119,46,2007,1998,2499,0.095,0.01,2535.00,0.00
9.422,4742,119,46,2007,1998,2499,0.095,0.02,2538.00,0.00
9.424,4743,119,46,2007,1997,2499,0.095,0.02,2534.00,0.00
9.426,4744,119,46,2007,1998,2499,0.102,0.03,2540.00,0.00
9.428,4745,119,46,2007,1998,2499,0.109,0.02,2534.00,0.00
9.430,4746,119,46,2006,1998,2499,0.095,0.02,2538.00,0.00
9.432,4747,119,46,2007,1997,2499,0.109,0.02,2534.00,0.00
9.434,4748,119,46,2006,1997,2499,0.109,0.01,2538.00,0.00
9.436,4749,119,46,2006,1997,2500,0.109,0.02,2532.00,0.00
9.438,4750,119,46,2007,1997,2500,0.095,0.02,2537.00,0.00
9.440,4751,119,46,2006,1998,2499,0.102,0.02,2535.00,0.00
9.442,4752,119,46,2007,1998,2498,0.102,0.02,2540.00,0.00
9.444,4753,119,46,2007,1998,2500,0.102,0.02,2534.00,0.00
9.446,4754,119,46,2005,1996,2500,0.102,0.02,2537.00,0.00
9.448,4755,119,46,2007,1997,2500,0.087,0.02,2534.00,0.00
9.450,4756,119,46,2008,1998,2499,0.102,0.00,2538.00,0.00
9.452,4757,119,46,2006,1997,2500,0.102,0.00,2534.00,0.00
9.454,4758,119,46,2007,1997,2499,0.095,0.00,2538.00,0.00
9.456,4759,119,46,2005,1995,2500,0.087,0.02,2531.00,0.00
9.458,4760,119,46,2007,1997,2499,0.095,0.02,2538.00,0.00
9.460,4761,119,46,2007,1997,2499,0.102,0.02,2534.00,0.00
9.462,4762,119,46,2006,1996,2498,0.087,0.01,2541.00,0.00
9.464,4763,119,46,2007,1998,2499,0.095,0.02,2534.00,0.00
9.466,4764,119,46,2007,1998,2498,0.095,0.00,2540.00,0.00
9.468,4765,119,46,2006,1997,2499,0.095,0.01,2534.00,0.00
9.470,4766,119,46,2007,1997,2499,0.095,0.01,2540.00,0.00
9.472,4767,119,46,2006,1996,2498,0.102,0.02,2534.00,0.00
9.474,4768,119,46,2007,1997,2498,0.109,0.02,2540.00,0.00
9.476,4769,119,46,2007,1997,2499,0.102,0.02,2534.00,0.00
9.478,4770,119,46,2006,1997,2499,0.102,0.02,2540.00,0.00
9.480,4771,119,46,2008,1999,2498,0.095,0.02,2537.00,0.00
9.482,4772,119,46,2007,1998,2498,0.102,0.01,2541.00,0.00
9.484,4773,119,46,2006,1996,2500,0.109,0.02,2532.00,0.00
9.486,4774,119,46,2006,1997,2499,0.109,0.02,2537.00,0.00
9.488,4775,119,46,2007,1998,2498,0.095,0.01,2535.00,0.00
9.490,4776,119,46,2006,1996,2499,0.102,0.02,2538.00,0.00
9.492,4777,119,46,2007,1997,2498,0.117,0.02,2537.00,0.00
9.494,4778,119,46,2007,1999,2498,0.102,0.02,2541.00,0.00
9.496,4779,119,46,2006,1996,2500,0.102,0.02,2534.00,0.00
9.498,4780,119,46,2008,1999,2498,0.102,0.02,2540.00,0.00
9.500,4781,119,46,2007,1998,2498,0.087,0.00,2535.00,0.00
9.502,4782,119,46,2006,1997,2499,0.095,0.01,2534.00,0.00
9.504,4783,119,46,2006,1997,2500,0.102,0.02,2532.00,0.00
9.506,4784,119,46,2006,1996,2499,0.117,0.02,2531.00,0.00
9.508,4785,119,46,2007,1998,2498,0.102,0.02,2532.00,0.00
9.510,4786,119,46,2009,1999,2498,0.109,0.03,2534.00,0.00
9.512,4787,119,46,2007,1997,2500,0.102,0.02,2531.00,0.00
9.514,4788,119,46,2008,1998,2498,0.109,0.02,2534.00,0.00
9.516,4789,119,46,2006,1998,2499,0.095,0.01,2532.00,0.00
9.518,4790,119,46,2007,1998,2497,0.095,0.00,2535.00,0.00
9.520,4791,119,46,2007,1998,2499,0.102,0.02,2532.00,0.00
9.522,4792,119,46,2006,1997,2500,0.102,0.02,2531.00,0.00
9.524,4793,119,46,2006,1996,2499,0.109,0.01,2531.00,0.00
9.526,4794,119,46,2007,1998,2499,0.095,0.02,2532.00,0.00
9.528,4795,119,46,2007,1998,2499,0.109,0.03,2532.00,0.00
9.530,4796,119,46,2009,1999,2499,0.102,0.02,2532.00,0.00
9.532,4797,119,46,2008,1998,2500,0.102,0.02,2532.00,0.00
9.534,4798,119,46,2007,1998,2498,0.095,0.00,2534.00,0.00
9.536,4799,119,46,2007,1998,2498,0.080,0.00,2532.00,0.00
9.538,4800,119,46,2008,1998,2499,0.109,0.02,2532.00,0.00
9.540,4801,119,45,2007,1998,2499,0.102,0.01,2532.00,0.00
9.542,4802,119,45,2008,1997,2499,0.102,0.02,2532.00,0.00
9.544,4803,119,45,2007,1998,2499,0.102,0.02,2532.00,0.00
9.546,4804,119,45,2009,1998,2498,0.109,0.02,2535.00,0.00
9.548,4805,119,45,2007,1997,2501,0.087,0.02,2531.00,0.00
9.550,4806,119,45,2008,1998,2497,0.102,0.01,2534.00,0.00
9.552,4807,119,45,2007,1998,2498,0.109,0.02,2532.00,0.00
9.554,4808,119,45,2008,1998,2498,0.095,0.02,2534.00,0.00
9.556,4809,119,45,2007,1997,2498,0.102,0.01,2532.00,0.00
9.558,4810,119,45,2008,1999,2497,0.095,0.02,2534.00,0.00
9.560,4811,119,45,2007,1997,2499,0.102,0.02,2534.00,0.00
9.562,4812,119,45,2009,1998,2498,0.109,0.02,2534.00,0.00
9.564,4813,119,45,2008,1997,2499,0.102,0.02,2534.00,0.00
9.566,4814,119,45,2007,1997,2499,0.095,0.00,2532.00,0.00
9.568,4815,119,45,2009,1999,2497,0.102,0.02,2535.00,0.00
9.570,4816,119,45,2007,1997,2499,0.109,0.02,2532.00,0.00
9.572,4817,119,45,2007,1996,2499,0.109,0.01,2534.00,0.00
9.574,4818,119,45,2007,1997,2499,0.095,0.02,2534.00,0.00
9.576,4819,119,45,2007,1997,2499,0.087,0.02,2531.00,0.00
9.578,4820,119,45,2008,1998,2497,0.109,0.03,2534.00,0.00
9.580,4821,119,45,2008,1998,2500,0.102,0.02,2531.00,0.00
9.582,4822,119,45,2007,1997,2499,0.109,0.01,2531.00,0.00
9.584,4823,119,45,2008,1997,2498,0.095,0.00,2534.00,0.00
9.586,4824,119,45,2008,1999,2497,0.095,0.01,2534.00,0.00
9.588,4825,119,45,2007,1996,2500,0.102,0.02,2532.00,0.00
9.590,4826,119,45,2007,1996,2499,0.102,0.02,2532.00,0.00
9.592,4827,119,45,2008,1998,2499,0.087,0.02,2532.00,0.00
9.594,4828,119,45,2009,1999,2496,0.102,0.02,2537.00,0.00
9.596,4829,119,45,2008,1998,2498,0.095,0.01,2534.00,0.00
9.598,4830,119,45,2007,1997,2499,0.109,0.02,2531.00,0.00
9.600,4831,119,45,2008,1998,2498,0.095,0.00,2535.00,0.00
9.602,4832,119,45,2007,1997,2498,0.102,0.01,2540.00,0.00
9.604,4833,119,45,2006,1996,2499,0.109,0.02,2534.00,0.00
9.606,4834,119,45,2007,1998,2499,0.095,0.01,2540.00,0.00
9.608,4835,119,45,2006,1996,2500,0.095,0.02,2531.00,0.00
9.610,4836,119,45,2007,1997,2499,0.095,0.02,2540.00,0.00
9.612,4837,119,45,2008,1998,2498,0.109,0.02,2534.00,0.00
9.614,4838,119,45,2008,1998,2498,0.102,0.01,2541.00,0.00
9.616,4839,119,45,2007,1998,2498,0.102,0.01,2535.00,0.00
9.618,4840,119,45,2007,1997,2499,0.109,0.00,2540.00,0.00
9.620,4841,119,45,2005,1996,2499,0.095,0.02,2534.00,0.00
9.622,4842,119,45,2007,1998,2498,0.095,0.01,2540.00,0.00
9.624,4843,119,45,2006,1997,2501,0.109,0.02,2532.00,0.00
9.626,4844,119,45,2007,1998,2498,0.109,0.02,2538.00,0.00
9.628,4845,119,45,2008,1998,2498,0.080,0.02,2534.00,0.00
9.630,4846,119,45,2007,1998,2499,0.109,0.01,2538.00,0.00
9.632,4847,119,45,2008,1999,2498,0.102,0.01,2537.00,0.00
9.634,4848,119,45,2005,1996,2499,0.102,0.00,2537.00,0.00
9.636,4849,119,45,2007,1997,2500,0.102,0.02,2534.00,0.00
9.638,4850,119,45,2005,1996,2499,0.109,0.02,2540.00,0.00
9.640,4851,119,45,2007,1998,2498,0.102,0.02,2535.00,0.00
9.642,4852,119,45,2007,1997,2498,0.109,0.03,2541.00,0.00
9.644,4853,119,45,2007,1997,2499,0.109,0.02,2534.00,0.00
9.646,4854,119,45,2007,1997,2500,0.109,0.02,2537.00,0.00
9.648,4855,119,45,2007,1997,2499,0.095,0.02,2532.00,0.00
9.650,4856,119,45,2007,1998,2499,0.102,0.01,2538.00,0.00
9.652,4857,119,45,2006,1997,2499,0.102,0.02,2534.00,0.00
9.654,4858,119,45,2007,1998,2499,0.102,0.02,2538.00,0.00
9.656,4859,119,45,2006,1996,2500,0.109,0.02,2534.00,0.00
9.658,4860,119,45,2008,1999,2497,0.102,0.03,2541.00,0.00
9.660,4861,119,44,2007,1998,2499,0.095,0.02,2534.00,0.00
9.662,4862,119,44,2006,1997,2500,0.095,0.01,2538.00,0.00
9.664,4863,119,44,2008,1998,2499,0.095,0.02,2535.00,0.00
9.666,4864,119,44,2006,1996,2500,0.102,0.02,2537.00,0.00
9.668,4865,119,44,2007,1997,2499,0.095,0.00,2534.00,0.00
9.670,4866,119,44,2006,1997,2499,0.095,0.02,2538.00,0.00
9.672,4867,119,44,2006,1997,2499,0.095,0.02,2534.00,0.00
9.674,4868,119,44,2008,1998,2497,0.109,0.02,2541.00,0.00
9.676,4869,119,44,2007,1997,2499,0.109,0.03,2534.00,0.00
9.678,4870,119,44,2007,1998,2499,0.087,0.02,2538.00,0.00
9.680,4871,119,44,2007,1998,2500,0.109,0.02,2534.00,0.00
9.682,4872,119,44,2006,1997,2501,0.117,0.01,2537.00,0.00
9.684,4873,119,44,2007,1997,2499,0.095,0.00,2534.00,0.00
9.686,4874,119,44,2007,1997,2499,0.102,0.02,2538.00,0.00
9.688,4875,119,44,2006,1997,2499,0.087,0.02,2534.00,0.00
9.690,4876,119,44,2007,1998,2498,0.109,0.02,2541.00,0.00
9.692,4877,119,44,2007,1998,2498,0.102,0.02,2534.00,0.00
9.694,4878,119,44,2006,1997,2500,0.102,0.02,2538.00,0.00
9.696,4879,119,44,2008,1999,2498,0.109,0.02,2535.00,0.00
9.698,4880,119,44,2006,1997,2500,0.102,0.02,2537.00,0.00
9.700,4881,119,44,2006,1997,2499,0.102,0.00,2534.00,0.00
9.702,4882,119,44,2007,1998,2499,0.109,0.02,2534.00,0.00
9.704,4883,119,44,2006,1997,2500,0.095,0.02,2531.00,0.00
9.706,4884,119,44,2007,1999,2497,0.102,0.02,2534.00,0.00
9.708,4885,119,44,2007,1998,2499,0.102,0.02,2532.00,0.00
9.710,4886,119,44,2006,1997,2500,0.109,0.02,2531.00,0.00
9.712,4887,119,44,2006,1997,2499,0.109,0.02,2532.00,0.00
9.714,4888,119,44,2007,1998,2499,0.095,0.02,2534.00,0.00
9.716,4889,119,44,2007,1998,2499,0.102,0.01,2534.00,0.00
9.718,4890,119,44,2006,1997,2499,0.102,0.01,2531.00,0.00
9.720,4891,119,44,2006,1998,2499,0.102,0.01,2532.00,0.00
9.722,4892,119,44,2006,1998,2499,0.102,0.02,2532.00,0.00
9.724,4893,119,44,2007,1998,2498,0.109,0.02,2534.00,0.00
9.726,4894,119,44,2006,1997,2499,0.095,0.02,2532.00,0.00
9.728,4895,119,44,2007,1998,2498,0.102,0.02,2534.00,0.00
9.730,4896,119,44,2007,1997,2500,0.102,0.01,2532.00,0.00
9.732,4897,119,44,2006,1997,2500,0.102,0.01,2531.00,0.00
9.734,4898,119,44,2008,1999,2497,0.102,0.01,2534.00,0.00
9.736,4899,119,44,2006,1997,2500,0.102,0.02,2531.00,0.00
9.738,4900,119,44,2007,1997,2499,0.109,0.02,2532.00,0.00
9.740,4901,119,44,2008,1998,2499,0.080,0.00,2532.00,0.00
9.742,4902,119,44,2008,1999,2497,0.102,0.02,2535.00,0.00
9.744,4903,119,44,2007,1997,2499,0.095,0.02,2531.00,0.00
9.746,4904,119,44,2007,1999,2498,0.102,0.01,2532.00,0.00
9.748,4905,119,44,2007,1999,2499,0.102,0.02,2532.00,0.00
9.750,4906,119,44,2007,1997,2498,0.095,0.01,2532.00,0.00
9.752,4907,119,44,2006,1997,2500,0.109,0.02,2532.00,0.00
9.754,4908,119,44,2007,1997,2498,0.109,0.02,2534.00,0.00
9.756,4909,119,44,2006,1998,2499,0.102,0.02,2534.00,0.00
9.758,4910,119,44,2008,1999,2497,0.102,0.02,2534.00,0.00
9.760,4911,119,44,2008,1997,2499,0.102,0.02,2532.00,0.00
9.762,4912,119,44,2007,1996,2499,0.109,0.02,2532.00,0.00
9.764,4913,119,44,2006,1997,2500,0.087,0.01,2531.00,0.00
9.766,4914,119,44,2008,1998,2497,0.095,0.01,2537.00,0.00
9.768,4915,119,44,2006,1997,2499,0.087,0.00,2532.00,0.00
9.770,4916,119,44,2006,1998,2499,0.109,0.02,2532.00,0.00
9.772,4917,119,44,2009,1999,2497,0.109,0.02,2535.00,0.00
9.774,4918,119,44,2007,1997,2500,0.102,0.02,2532.00,0.00
9.776,4919,119,44,2007,1997,2499,0.102,0.03,2532.00,0.00
9.778,4920,119,44,2006,1997,2500,0.087,0.02,2531.00,0.00
9.780,4921,119,43,2005,1996,2501,0.087,0.02,2531.00,0.00
9.782,4922,119,43,2006,1997,2500,0.102,0.01,2532.00,0.00
9.784,4923,119,43,2007,1998,2497,0.095,0.01,2534.00,0.00
9.786,4924,119,43,2007,1998,2498,0.095,0.02,2532.00,0.00
9.788,4925,119,43,2007,1998,2499,0.109,0.02,2531.00,0.00
9.790,4926,119,43,2007,1996,2499,0.109,0.02,2531.00,0.00
9.792,4927,119,43,2006,1996,2499,0.102,0.02,2532.00,0.00
9.794,4928,119,43,2007,1999,2499,0.087,0.02,2532.00,0.00
9.796,4929,119,43,2008,1999,2498,0.095,0.02,2534.00,0.00
9.798,4930,119,43,2008,1999,2499,0.095,0.02,2532.00,0.00
9.800,4931,119,43,2007,1997,2499,0.102,0.00,2531.00,0.00
9.802,4932,119,43,2007,1998,2499,0.109,0.02,2540.00,0.00
9.804,4933,119,43,2008,1999,2498,0.102,0.02,2535.00,0.00
9.806,4934,119,43,2007,1998,2499,0.102,0.01,2538.00,0.00
9.808,4935,119,43,2008,1997,2498,0.102,0.02,2535.00,0.00
9.810,4936,119,43,2008,1999,2498,0.087,0.02,2540.00,0.00
9.812,4937,119,43,2007,1998,2499,0.109,0.02,2534.00,0.00
9.814,4938,119,43,2008,1998,2498,0.117,0.02,2540.00,0.00
9.816,4939,119,43,2006,1998,2500,0.095,0.00,2534.00,0.00
9.818,4940,119,43,2008,1998,2500,0.102,0.01,2538.00,0.00
9.820,4941,119,43,2008,1999,2498,0.095,0.02,2535.00,0.00
9.822,4942,119,43,2007,1998,2498,0.095,0.01,2540.00,0.00
9.824,4943,119,43,2008,1998,2498,0.109,0.02,2535.00,0.00
9.826,4944,119,43,2005,1996,2500,0.109,0.02,2538.00,0.00
9.828,4945,119,43,2007,1998,2498,0.095,0.02,2535.00,0.00
9.830,4946,119,43,2006,1997,2499,0.095,0.01,2537.00,0.00
9.832,4947,119,43,2007,1997,2500,0.109,0.01,2534.00,0.00
9.834,4948,119,43,2007,1997,2499,0.102,0.00,2538.00,0.00
9.836,4949,119,43,2007,1997,2499,0.109,0.02,2534.00,0.00
9.838,4950,119,43,2007,1999,2498,0.102,0.02,2540.00,0.00
9.840,4951,119,43,2007,1998,2499,0.109,0.02,2534.00,0.00
9.842,4952,119,43,2006,1997,2498,0.095,0.02,2540.00,0.00
9.844,4953,119,43,2006,1997,2498,0.095,0.02,2532.00,0.00
9.846,4954,119,43,2007,1998,2499,0.117,0.02,2538.00,0.00
9.848,4955,119,43,2006,1997,2500,0.102,0.02,2532.00,0.00
9.850,4956,119,43,2007,1998,2499,0.109,0.00,2540.00,0.00
9.852,4957,119,43,2006,1997,2500,0.109,0.02,2532.00,0.00
9.854,4958,119,43,2006,1997,2499,0.109,0.02,2538.00,0.00
9.856,4959,119,43,2007,1999,2498,0.102,0.02,2535.00,0.00
9.858,4960,119,43,2007,1997,2500,0.102,0.02,2538.00,0.00
9.860,4961,119,43,2007,1999,2498,0.095,0.02,2535.00,0.00
9.862,4962,119,43,2006,1998,2498,0.102,0.02,2540.00,0.00
9.864,4963,119,43,2007,1998,2500,0.095,0.01,2534.00,0.00
9.866,4964,119,43,2006,1997,2500,0.109,0.01,2537.00,0.00
9.868,4965,119,43,2007,1998,2499,0.102,0.02,2532.00,0.00
9.870,4966,119,43,2006,1997,2500,0.102,0.02,2535.00,0.00
9.872,4967,119,43,2007,1997,2499,0.117,0.02,2534.00,0.00
9.874,4968,119,43,2007,1999,2499,0.095,0.01,2538.00,0.00
9.876,4969,119,43,2007,1997,2499,0.095,0.02,2532.00,0.00
9.878,4970,119,43,2008,1998,2499,0.102,0.02,2538.00,0.00
9.880,4971,119,43,2008,1998,2499,0.095,0.02,2532.00,0.00
9.882,4972,119,43,2007,1997,2499,0.102,0.00,2540.00,0.00
9.884,4973,119,43,2007,1997,2499,0.109,0.01,2534.00,0.00
9.886,4974,119,43,2008,1998,2499,0.087,0.01,2538.00,0.00
9.888,4975,119,43,2007,1997,2500,0.109,0.02,2532.00,0.00
9.890,4976,119,43,2007,1997,2499,0.109,0.02,2537.00,0.00
9.892,4977,119,43,2008,1998,2499,0.095,0.01,2534.00,0.00
9.894,4978,119,43,2007,1997,2500,0.109,0.02,2538.00,0.00
9.896,4979,119,43,2008,1998,2498,0.102,0.02,2535.00,0.00
9.898,4980,119,43,2008,1997,2499,0.102,0.02,2538.00,0.00
9.900,4981,119,42,2008,1998,2499,0.102,0.01,2534.00,0.00
9.902,4982,119,42,2007,1997,2498,0.102,0.01,2532.00,0.00
9.904,4983,119,42,2007,1997,2498,0.109,0.02,2532.00,0.00
9.906,4984,119,42,2006,1997,2499,0.087,0.01,2531.00,0.00
9.908,4985,119,42,2008,1998,2498,0.102,0.02,2532.00,0.00
9.910,4986,119,42,2007,1997,2499,0.102,0.02,2531.00,0.00
9.912,4987,119,42,2007,1998,2499,0.102,0.01,2532.00,0.00
9.914,4988,119,42,2007,1998,2500,0.102,0.02,2531.00,0.00
9.916,4989,119,42,2008,1999,2498,0.087,0.02,2535.00,0.00
9.918,4990,119,42,2007,1998,2498,0.095,0.01,2534.00,0.00
9.920,4991,119,42,2007,1998,2499,0.095,0.02,2532.00,0.00
9.922,4992,119,42,2007,1997,2498,0.095,0.02,2531.00,0.00
9.924,4993,119,42,2006,1997,2498,0.095,0.01,2531.00,0.00
9.926,4994,119,42,2008,1998,2499,0.102,0.02,2532.00,0.00
9.928,4995,119,42,2006,1998,2498,0.095,0.02,2532.00,0.00
9.930,4996,119,42,2008,1998,2498,0.102,0.02,2534.00,0.00
9.932,4997,119,42,2008,1998,2499,0.102,0.02,2532.00,0.00
9.934,4998,119,42,2007,1997,2500,0.109,0.01,2531.00,0.00
9.936,4999,119,42,2007,1998,2499,0.095,0.02,2531.00,0.00
9.938,5000,119,42,2007,1998,2498,0.102,0.02,2532.00,0.00
9.940,5001,119,42,2006,1997,2497,0.095,0.01,2532.00,0.00
9.942,5002,119,42,2007,1997,2499,0.109,0.02,2532.00,0.00
9.944,5003,119,42,2006,1997,2498,0.102,0.03,2532.00,0.00
9.946,5004,119,42,2007,1997,2499,0.102,0.01,2532.00,0.00
9.948,5005,119,42,2008,2000,2499,0.102,0.02,2534.00,0.00
9.950,5006,119,42,2007,1998,2498,0.102,0.01,2532.00,0.00
9.952,5007,119,42,2007,1997,2498,0.109,0.02,2534.00,0.00
9.954,5008,119,42,2007,1998,2498,0.087,0.02,2532.00,0.00
9.956,5009,119,42,2007,1999,2497,0.095,0.02,2535.00,0.00
9.958,5010,119,42,2006,1998,2498,0.095,0.02,2532.00,0.00
9.960,5011,119,42,2007,1998,2499,0.109,0.03,2531.00,0.00
9.962,5012,119,42,2007,1998,2498,0.109,0.02,2535.00,0.00
9.964,5013,119,42,2007,1997,2501,0.102,0.02,2530.00,0.00
9.966,5014,119,42,2007,1998,2499,0.109,0.01,2531.00,0.00
9.968,5015,119,42,2007,1999,2498,0.102,0.00,2532.00,0.00
9.970,5016,119,42,2007,1998,2498,0.102,0.02,2534.00,0.00
9.972,5017,119,42,2007,1998,2497,0.095,0.02,2532.00,0.00
9.974,5018,119,42,2006,1997,2498,0.109,0.01,2532.00,0.00
9.976,5019,119,42,2007,1999,2498,0.087,0.02,2532.00,0.00
9.978,5020,119,42,2006,1997,2500,0.102,0.02,2531.00,0.00
9.980,5021,119,42,2007,1998,2499,0.109,0.02,2532.00,0.00
9.982,5022,119,42,2006,1997,2500,0.102,0.00,2531.00,0.00
9.984,5023,119,42,2007,1998,2499,0.109,0.01,2532.00,0.00
9.986,5024,119,42,2007,1999,2498,0.087,0.01,2534.00,0.00
9.988,5025,119,42,2006,1997,2498,0.095,0.02,2531.00,0.00
9.990,5026,119,42,2005,1997,2499,0.109,0.02,2532.00,0.00
9.992,5027,119,42,2007,1998,2498,0.109,0.02,2532.00,0.00
9.994,5028,119,42,2006,1997,2499,0.102,0.02,2534.00,0.00
9.996,5029,119,42,2007,1998,2499,0.087,0.01,2532.00,0.00
9.998,5030,119,42,2007,1998,2498,0.109,0.02,2534.00,0.00
10.000,5031,119,42,2008,2000,2498,0.109,0.01,2535.00,0.00
10.002,5032,119,42,2007,1999,2497,0.102,0.02,2541.00,0.00
10.004,5033,119,42,2007,1998,2498,0.109,0.02,2534.00,0.00
10.006,5034,119,42,2005,1996,2499,0.102,0.01,2538.00,0.00
10.008,5035,119,42,2007,1999,2497,0.102,0.02,2535.00,0.00
10.010,5036,119,42,2005,1996,2500,0.102,0.03,2538.00,0.00
10.012,5037,119,42,2006,1998,2499,0.095,0.01,2535.00,0.00
10.014,5038,119,42,2007,1998,2498,0.095,0.02,2540.00,0.00
10.016,5039,119,42,2007,1998,2498,0.095,0.02,2537.00,0.00
10.018,5040,119,42,2006,1997,2498,0.102,0.01,2540.00,0.00
10.020,5041,119,41,2007,1998,2498,0.095,0.02,2535.00,0.00
10.022,5042,119,41,2006,1997,2500,0.102,0.02,2538.00,0.00
10.024,5043,119,41,2006,1996,2499,0.102,0.01,2535.00,0.00
10.026,5044,119,41,2007,1998,2498,0.095,0.02,2540.00,0.00
10.028,5045,119,41,2007,1997,2498,0.109,0.03,2534.00,0.00
10.030,5046,119,41,2007,1998,2498,0.109,0.02,2540.00,0.00
10.032,5047,119,41,2007,1998,2498,0.109,0.02,2535.00,0.00
10.034,5048,119,41,2007,1998,2497,0.095,0.00,2540.00,0.00
10.036,5049,119,41,2006,1997,2498,0.095,0.02,2535.00,0.00
10.038,5050,119,41,2007,1998,2499,0.095,0.02,2540.00,0.00
10.040,5051,119,41,2006,1997,2498,0.109,0.02,2535.00,0.00
10.042,5052,119,41,2005,1997,2500,0.102,0.02,2538.00,0.00
10.044,5053,119,41,2006,1998,2498,0.087,0.02,2535.00,0.00
10.046,5054,119,41,2006,1997,2498,0.102,0.02,2538.00,0.00
10.048,5055,119,41,2007,1999,2498,0.095,0.02,2534.00,0.00
10.050,5056,119,41,2006,1998,2498,0.095,0.00,2540.00,0.00
10.052,5057,119,41,2007,1999,2497,0.102,0.02,2535.00,0.00
10.054,5058,119,41,2006,1997,2498,0.102,0.02,2540.00,0.00
10.056,5059,119,41,2005,1997,2498,0.095,0.01,2535.00,0.00
10.058,5060,119,41,2006,1996,2499,0.109,0.02,2538.00,0.00
10.060,5061,119,41,2006,1998,2499,0.102,0.02,2535.00,0.00
10.062,5062,119,41,2006,1997,2500,0.095,0.02,2538.00,0.00
10.064,5063,119,41,2006,1997,2500,0.109,0.02,2534.00,0.00
10.066,5064,119,41,2008,1999,2498,0.109,0.00,2540.00,0.00
10.068,5065,119,41,2008,1999,2498,0.109,0.00,2534.00,0.00
10.070,5066,119,41,2007,1998,2498,0.095,0.02,2540.00,0.00
10.072,5067,119,41,2008,1999,2497,0.109,0.02,2535.00,0.00
10.074,5068,119,41,2006,1996,2499,0.102,0.02,2538.00,0.00
10.076,5069,119,41,2006,1997,2499,0.109,0.02,2534.00,0.00
10.078,5070,119,41,2007,1998,2499,0.080,0.01,2540.00,0.00
10.080,5071,119,41,2006,1996,2500,0.095,0.02,2532.00,0.00
10.082,5072,119,41,2007,1997,2499,0.095,0.01,2540.00,0.00
10.084,5073,119,41,2007,1998,2498,0.087,0.00,2534.00,0.00
10.086,5074,119,41,2007,1996,2500,0.095,0.02,2537.00,0.00
10.088,5075,119,41,2008,1998,2498,0.102,0.02,2535.00,0.00
10.090,5076,119,41,2006,1996,2499,0.102,0.02,2538.00,0.00
10.092,5077,119,41,2007,1997,2497,0.087,0.02,2535.00,0.00
10.094,5078,119,41,2007,1997,2498,0.102,0.03,2540.00,0.00
10.096,5079,119,41,2007,1998,2499,0.102,0.02,2535.00,0.00
10.098,5080,119,41,2007,1998,2499,0.102,0.02,2538.00,0.00
10.100,5081,119,41,2008,1998,2498,0.102,0.01,2535.00,0.00
10.102,5082,119,41,2007,1997,2499,0.109,0.02,2532.00,0.00
10.104,5083,119,41,2009,1999,2498,0.095,0.02,2534.00,0.00
10.106,5084,119,41,2007,1998,2498,0.102,0.02,2534.00,0.00
10.108,5085,119,41,2006,1997,2498,0.095,0.02,2534.00,0.00
10.110,5086,119,41,2009,1999,2498,0.102,0.03,2534.00,0.00
10.112,5087,119,41,2008,1998,2499,0.095,0.02,2532.00,0.00
10.114,5088,119,41,2008,1998,2498,0.102,0.01,2532.00,0.00
10.116,5089,119,41,2008,1998,2499,0.109,0.01,2532.00,0.00
10.118,5090,119,41,2007,1997,2499,0.109,0.01,2532.00,0.00
10.120,5091,119,41,2008,1999,2497,0.109,0.02,2535.00,0.00
10.122,5092,119,41,2006,1996,2500,0.102,0.02,2530.00,0.00
10.124,5093,119,41,2007,1997,2499,0.109,0.02,2532.00,0.00
10.126,5094,119,41,2007,1998,2497,0.095,0.02,2534.00,0.00
10.128,5095,119,41,2007,1998,2498,0.102,0.02,2532.00,0.00
10.130,5096,119,41,2008,1999,2498,0.102,0.02,2534.00,0.00
10.132,5097,119,41,2008,1998,2499,0.109,0.01,2532.00,0.00
10.134,5098,119,41,2006,1997,2499,0.109,0.01,2532.00,0.00
10.136,5099,119,41,2008,1999,2497,0.102,0.02,2534.00,0.00
10.138,5100,119,41,2007,1999,2499,0.095,0.01,2532.00,0.00
10.140,5101,119,40,2007,1997,2500,0.109,0.02,2531.00,0.00
10.142,5102,119,40,2008,1998,2497,0.117,0.04,2534.00,0.00
10.144,5103,119,40,2008,1999,2498,0.102,0.02,2534.00,0.00
10.146,5104,119,40,2009,2000,2497,0.109,0.02,2535.00,0.00
10.148,5105,119,40,2009,1999,2498,0.109,0.01,2535.00,0.00
10.150,5106,119,40,2007,1998,2500,0.109,0.01,2531.00,0.00
10.152,5107,119,40,2009,2000,2497,0.117,0.02,2535.00,0.00
10.154,5108,119,40,2006,1996,2499,0.102,0.02,2531.00,0.00
10.156,5109,119,40,2006,1997,2500,0.102,0.01,2531.00,0.00
10.158,5110,119,40,2007,1997,2498,0.095,0.02,2531.00,0.00
10.160,5111,119,40,2006,1997,2500,0.102,0.02,2532.00,0.00
10.162,5112,119,40,2007,1998,2498,0.109,0.02,2534.00,0.00
10.164,5113,119,40,2008,1998,2498,0.102,0.02,2534.00,0.00
10.166,5114,119,40,2006,1998,2499,0.102,0.01,2532.00,0.00
10.168,5115,119,40,2008,1998,2497,0.102,0.01,2534.00,0.00
10.170,5116,119,40,2006,1996,2499,0.102,0.02,2531.00,0.00
10.172,5117,119,40,2007,1997,2499,0.102,0.02,2532.00,0.00
10.174,5118,119,40,2008,1999,2497,0.102,0.02,2535.00,0.00
10.176,5119,119,40,2007,1998,2498,0.102,0.02,2534.00,0.00
10.178,5120,119,40,2007,1998,2498,0.109,0.02,2532.00,0.00
10.180,5121,119,40,2008,1998,2499,0.109,0.02,2532.00,0.00
10.182,5122,119,40,2007,1998,2499,0.095,0.02,2534.00,0.00
10.184,5123,119,40,2009,1999,2497,0.109,0.01,2535.00,0.00
10.186,5124,119,40,2007,1998,2498,0.102,0.01,2532.00,0.00
10.188,5125,119,40,2006,1997,2500,0.095,0.02,2531.00,0.00
10.190,5126,119,40,2008,1999,2496,0.117,0.02,2537.00,0.00
10.192,5127,119,40,2008,1998,2498,0.102,0.02,2532.00,0.00
10.194,5128,119,40,2008,1998,2497,0.109,0.03,2534.00,0.00
10.196,5129,119,40,2008,1999,2499,0.102,0.01,2532.00,0.00
10.198,5130,119,40,2007,1998,2499,0.102,0.02,2532.00,0.00
10.200,5131,119,40,2007,1997,2499,0.109,0.01,2532.00,0.00
10.202,5132,119,40,2007,1998,2498,0.087,0.02,2540.00,0.00
10.204,5133,119,40,2007,1997,2499,0.109,0.02,2534.00,0.00
10.206,5134,119,40,2007,1998,2498,0.095,0.01,2538.00,0.00
10.208,5135,119,40,2007,1996,2499,0.109,0.02,2532.00,0.00
10.210,5136,119,40,2008,1999,2498,0.102,0.02,2540.00,0.00
10.212,5137,119,40,2009,1998,2498,0.109,0.02,2535.00,0.00
10.214,5138,119,40,2007,1997,2500,0.109,0.01,2538.00,0.00
10.216,5139,119,40,2007,1998,2498,0.102,0.02,2535.00,0.00
10.218,5140,119,40,2007,1996,2500,0.102,0.00,2538.00,0.00
10.220,5141,119,40,2007,1998,2498,0.087,0.02,2535.00,0.00
10.222,5142,119,40,2008,1998,2498,0.109,0.02,2540.00,0.00
10.224,5143,119,40,2006,1998,2498,0.109,0.02,2534.00,0.00
10.226,5144,119,40,2008,1997,2498,0.102,0.02,2540.00,0.00
10.228,5145,119,40,2007,1998,2498,0.109,0.03,2535.00,0.00
10.230,5146,119,40,2006,1997,2498,0.095,0.02,2540.00,0.00
10.232,5147,119,40,2007,1997,2499,0.095,0.02,2534.00,0.00
10.234,5148,119,40,2006,1997,2498,0.102,0.01,2540.00,0.00
10.236,5149,119,40,2007,1997,2497,0.102,0.02,2537.00,0.00
10.238,5150,119,40,2006,1997,2498,0.117,0.02,2540.00,0.00
10.240,5151,119,40,2005,1996,2499,0.080,0.01,2534.00,0.00
10.242,5152,119,40,2006,1997,2498,0.095,0.02,2540.00,0.00
10.244,5153,119,40,2007,1999,2498,0.109,0.03,2537.00,0.00
10.246,5154,119,40,2006,1997,2499,0.109,0.02,2540.00,0.00
10.248,5155,119,40,2007,1999,2498,0.109,0.02,2535.00,0.00
10.250,5156,119,40,2005,1997,2500,0.102,0.02,2538.00,0.00
10.252,5157,119,40,2006,1997,2500,0.109,0.02,2532.00,0.00
10.254,5158,119,40,2008,1999,2498,0.102,0.02,2541.00,0.00
10.256,5159,119,40,2006,1997,2499,0.109,0.02,2532.00,0.00
10.258,5160,119,40,2008,1998,2498,0.102,0.02,2541.00,0.00
10.260,5161,119,39,2007,1996,2498,0.102,0.02,2534.00,0.00
10.262,5162,119,39,2008,1998,2499,0.102,0.01,2540.00,0.00
10.264,5163,119,39,2007,1997,2498,0.102,0.02,2534.00,0.00
10.266,5164,119,39,2007,1998,2499,0.102,0.00,2538.00,0.00
10.268,5165,119,39,2008,1998,2497,0.109,0.01,2537.00,0.00
10.270,5166,119,39,2007,1997,2499,0.109,0.02,2538.00,0.00
10.272,5167,119,39,2006,1996,2499,0.102,0.02,2534.00,0.00
10.274,5168,119,39,2009,1999,2498,0.102,0.02,2540.00,0.00
10.276,5169,119,39,2008,1997,2499,0.109,0.02,2534.00,0.00
10.278,5170,119,39,2007,1998,2499,0.102,0.02,2540.00,0.00
10.280,5171,119,39,2009,1999,2499,0.117,0.03,2535.00,0.00
10.282,5172,119,39,2008,1998,2500,0.102,0.01,2540.00,0.00
10.284,5173,119,39,2007,1996,2500,0.109,0.01,2532.00,0.00
10.286,5174,119,39,2007,1999,2499,0.102,0.02,2540.00,0.00
10.288,5175,119,39,2006,1997,2500,0.109,0.02,2532.00,0.00
10.290,5176,119,39,2007,1998,2498,0.102,0.02,2540.00,0.00
10.292,5177,119,39,2007,1999,2499,0.095,0.03,2534.00,0.00
10.294,5178,119,39,2007,1997,2499,0.095,0.02,2538.00,0.00
10.296,5179,119,39,2007,1997,2499,0.102,0.02,2534.00,0.00
10.298,5180,119,39,2006,1997,2499,0.102,0.02,2540.00,0.00
10.300,5181,119,39,2006,1998,2499,0.102,0.01,2534.00,0.00
10.302,5182,119,39,2007,1999,2497,0.109,0.02,2534.00,0.00
10.304,5183,119,39,2005,1996,2499,0.109,0.02,2531.00,0.00
10.306,5184,119,39,2006,1998,2499,0.095,0.02,2532.00,0.00
10.308,5185,119,39,2007,1998,2498,0.109,0.02,2534.00,0.00
10.310,5186,119,39,2007,1998,2500,0.109,0.04,2532.00,0.00
10.312,5187,119,39,2006,1998,2499,0.109,0.02,2532.00,0.00
10.314,5188,119,39,2007,1998,2499,0.095,0.02,2532.00,0.00
10.316,5189,119,39,2007,1999,2499,0.102,0.02,2532.00,0.00
10.318,5190,119,39,2006,1998,2500,0.109,0.01,2532.00,0.00
10.320,5191,119,39,2006,1997,2500,0.095,0.01,2531.00,0.00
10.322,5192,119,39,2008,1998,2499,0.102,0.02,2532.00,0.00
10.324,5193,119,39,2008,1997,2499,0.109,0.02,2531.00,0.00
10.326,5194,119,39,2007,1997,2500,0.095,0.02,2532.00,0.00
10.328,5195,119,39,2009,1999,2498,0.102,0.03,2534.00,0.00
10.330,5196,119,39,2008,1999,2498,0.095,0.02,2535.00,0.00
10.332,5197,119,39,2009,1998,2500,0.109,0.02,2532.00,0.00
10.334,5198,119,39,2008,1997,2499,0.109,0.01,2531.00,0.00
10.336,5199,119,39,2007,1997,2500,0.095,0.02,2531.00,0.00
10.338,5200,119,39,2009,1999,2498,0.095,0.02,2532.00,0.00
10.340,5201,119,39,2008,1998,2499,0.109,0.01,2534.00,0.00
10.342,5202,119,39,2008,1997,2500,0.109,0.03,2534.00,0.00
10.344,5203,119,39,2007,1997,2499,0.109,0.02,2534.00,0.00
10.346,5204,119,39,2008,1999,2500,0.095,0.02,2532.00,0.00
10.348,5205,119,39,2009,2000,2498,0.102,0.02,2535.00,0.00
10.350,5206,119,39,2008,1998,2500,0.102,0.02,2532.00,0.00
10.352,5207,119,39,2006,1996,2499,0.109,0.02,2532.00,0.00
10.354,5208,119,39,2007,1998,2499,0.095,0.02,2532.00,0.00
10.356,5209,119,39,2009,1998,2497,0.102,0.02,2534.00,0.00
10.358,5210,119,39,2007,1997,2499,0.102,0.02,2531.00,0.00
10.360,5211,119,39,2007,1997,2499,0.102,0.03,2531.00,0.00
10.362,5212,119,39,2007,1997,2499,0.102,0.02,2532.00,0.00
10.364,5213,119,39,2007,1998,2498,0.095,0.02,2534.00,0.00
10.366,5214,119,39,2008,1999,2496,0.117,0.02,2538.00,0.00
10.368,5215,119,39,2006,1996,2500,0.102,0.01,2532.00,0.00
10.370,5216,119,39,2006,1997,2499,0.102,0.02,2534.00,0.00
10.372,5217,119,39,2006,1998,2498,0.095,0.02,2531.00,0.00
10.374,5218,119,39,2007,1998,2498,0.102,0.02,2534.00,0.00
10.376,5219,119,39,2006,1998,2498,0.102,0.02,2534.00,0.00
10.378,5220,119,39,2006,1998,2499,0.109,0.02,2534.00,0.00
10.380,5221,119,38,2007,1999,2498,0.102,0.02,2535.00,0.00
10.382,5222,119,38,2006,1998,2499,0.102,0.01,2534.00,0.00
10.384,5223,119,38,2005,1996,2500,0.095,0.00,2531.00,0.00
10.386,5224,119,38,2007,1998,2499,0.102,0.02,2532.00,0.00
10.388,5225,119,38,2007,1998,2500,0.102,0.02,2531.00,0.00
10.390,5226,119,38,2006,1996,2499,0.109,0.02,2531.00,0.00
10.392,5227,119,38,2006,1998,2500,0.095,0.02,2531.00,0.00
10.394,5228,119,38,2008,1999,2497,0.095,0.02,2535.00,0.00
10.396,5229,119,38,2008,1998,2501,0.102,0.01,2531.00,0.00
10.398,5230,119,38,2006,1997,2499,0.102,0.02,2532.00,0.00
10.400,5231,119,38,2007,1998,2498,0.080,0.00,2534.00,0.00
10.402,5232,119,38,2007,1998,2499,0.102,0.01,2538.00,0.00
10.404,5233,119,38,2006,1998,2500,0.109,0.02,2534.00,0.00
10.406,5234,119,38,2007,1998,2499,0.095,0.01,2540.00,0.00
10.408,5235,119,38,2006,1997,2500,0.102,0.02,2531.00,0.00
10.410,5236,119,38,2008,1999,2499,0.095,0.02,2540.00,0.00
10.412,5237,119,38,2007,1998,2499,0.102,0.01,2534.00,0.00
10.414,5238,119,38,2008,1998,2499,0.102,0.01,2540.00,0.00
10.416,5239,119,38,2008,1997,2499,0.095,0.01,2534.00,0.00
10.418,5240,119,38,2009,1998,2498,0.095,0.01,2540.00,0.00
10.420,5241,119,38,2010,1996,2498,0.109,0.02,2534.00,0.00
10.422,5242,119,38,2010,1996,2498,0.102,0.02,2540.00,0.00
10.424,5243,119,38,2010,1997,2498,0.102,0.02,2534.00,0.00
10.426,5244,119,38,2010,1996,2499,0.109,0.02,2538.00,0.00
10.428,5245,119,38,2011,1998,2499,0.102,0.02,2534.00,0.00
10.430,5246,119,38,2010,1997,2499,0.109,0.02,2538.00,0.00
10.432,5247,119,38,2010,1998,2499,0.102,0.02,2534.00,0.00
10.434,5248,119,38,2010,1998,2498,0.109,0.00,2540.00,0.00
10.436,5249,119,38,2009,1998,2500,0.109,0.02,2532.00,0.00
10.438,5250,119,38,2008,1996,2501,0.102,0.01,2537.00,0.00
10.440,5251,119,38,2007,1998,2499,0.095,0.01,2534.00,0.00
10.442,5252,119,38,2009,1998,2499,0.102,0.02,2540.00,0.00
10.444,5253,119,38,2007,1997,2500,0.095,0.02,2534.00,0.00
10.446,5254,119,38,2006,1998,2500,0.102,0.02,2537.00,0.00
10.448,5255,119,38,2007,1997,2499,0.102,0.01,2534.00,0.00
10.450,5256,119,38,2006,1998,2498,0.095,0.01,2540.00,0.00
10.452,5257,119,38,2005,1997,2497,0.109,0.02,2535.00,0.00
10.454,5258,119,38,2004,1997,2498,0.102,0.01,2538.00,0.00
10.456,5259,119,38,2003,1996,2499,0.102,0.01,2532.00,0.00
10.458,5260,119,38,2003,1997,2497,0.095,0.02,2540.00,0.00
10.460,5261,119,38,2003,1998,2499,0.109,0.03,2532.00,0.00
10.462,5262,119,38,2002,1996,2499,0.095,0.02,2538.00,0.00
10.464,5263,119,38,2003,1997,2500,0.080,0.01,2532.00,0.00
10.466,5264,119,38,2003,1997,2499,0.095,0.02,2538.00,0.00
10.468,5265,119,38,2002,1997,2500,0.095,0.00,2532.00,0.00
10.470,5266,119,38,2004,1998,2497,0.102,0.02,2540.00,0.00
10.472,5267,119,38,2005,1998,2498,0.109,0.02,2535.00,0.00
10.474,5268,119,38,2004,1997,2498,0.109,0.02,2540.00,0.00
10.476,5269,119,38,2006,1998,2498,0.087,0.02,2534.00,0.00
10.478,5270,119,38,2004,1996,2500,0.102,0.02,2537.00,0.00
10.480,5271,119,38,2006,1997,2500,0.102,0.02,2534.00,0.00
10.482,5272,119,38,2007,1999,2498,0.095,0.02,2540.00,0.00
10.484,5273,119,38,2006,1996,2500,0.095,0.01,2532.00,0.00
10.486,5274,119,38,2008,1998,2499,0.102,0.02,2538.00,0.00
10.488,5275,119,38,2007,1997,2500,0.102,0.01,2534.00,0.00
10.490,5276,119,38,2008,1998,2498,0.102,0.01,2541.00,0.00
10.492,5277,119,38,2008,1998,2501,0.095,0.02,2531.00,0.00
10.494,5278,119,38,2008,1998,2500,0.095,0.02,2540.00,0.00
10.496,5279,119,38,2008,1997,2500,0.102,0.02,2534.00,0.00
10.498,5280,119,38,2007,1997,2500,0.095,0.02,2537.00,0.00
10.500,5281,119,37,2008,1999,2499,0.102,0.01,2534.00,0.00
10.502,5282,119,37,2008,1999,2498,0.095,0.01,2534.00,0.00
10.504,5283,119,37,2007,1998,2499,0.095,0.01,2532.00,0.00
10.506,5284,119,37,2008,1999,2497,0.109,0.02,2535.00,0.00
10.508,5285,119,37,2007,1998,2499,0.102,0.02,2531.00,0.00
10.510,5286,119,37,2007,1998,2499,0.102,0.03,2532.00,0.00
10.512,5287,119,37,2007,1997,2498,0.087,0.02,2532.00,0.00
10.514,5288,119,37,2007,1998,2499,0.102,0.02,2532.00,0.00
10.516,5289,119,37,2005,1996,2500,0.095,0.01,2531.00,0.00
10.518,5290,119,37,2005,1997,2499,0.095,0.00,2532.00,0.00
10.520,5291,119,37,2007,1998,2498,0.095,0.01,2534.00,0.00
10.522,5292,119,37,2008,1998,2498,0.109,0.02,2534.00,0.00
10.524,5293,119,37,2007,1997,2500,0.102,0.02,2547.00,0.00
10.526,5294,119,37,2006,1998,2499,0.095,0.02,2564.00,0.00
10.528,5295,119,37,2008,1998,2499,0.095,0.02,2585.00,0.00
10.530,5296,119,37,2008,1998,2499,0.095,0.01,2601.00,0.00
10.532,5297,119,37,2007,1997,2501,0.095,0.01,2612.00,0.00
10.534,5298,119,37,2008,1998,2499,0.102,0.00,2631.00,0.00
10.536,5299,119,37,2007,1998,2499,0.102,0.02,2644.00,0.00
10.538,5300,119,37,2010,2000,2498,0.102,0.02,2662.00,0.00
10.540,5301,119,37,2008,1998,2501,0.102,0.02,2673.00,0.00
10.542,5302,119,37,2009,1998,2500,0.109,0.02,2688.00,0.00
10.544,5303,119,37,2009,1999,2499,0.095,0.02,2704.00,0.00
10.546,5304,119,37,2009,1998,2500,0.102,0.01,2721.00,0.00
10.548,5305,119,37,2009,1998,2499,0.095,0.02,2736.00,0.00
10.550,5306,119,37,2008,1997,2500,0.095,0.01,2754.00,0.00
10.552,5307,119,37,2008,1998,2499,0.102,0.02,2775.00,0.00
10.554,5308,119,37,2008,1997,2500,0.102,0.02,2792.00,0.00
10.556,5309,119,37,2007,1997,2500,0.102,0.01,2811.00,0.00
10.558,5310,119,37,2007,1996,2500,0.095,0.00,2836.00,0.00
10.560,5311,119,37,2009,1998,2498,0.102,0.03,2860.00,0.00
10.562,5312,119,37,2007,1997,2500,0.102,0.02,2881.00,0.00
10.564,5313,119,37,2006,1997,2500,0.095,0.01,2904.00,0.00
10.566,5314,119,37,2008,1999,2498,0.102,0.01,2930.00,0.00
10.568,5315,119,37,2007,1998,2499,0.102,0.01,2952.00,0.00
10.570,5316,119,37,2007,1998,2498,0.109,0.02,2972.00,0.00
10.572,5317,119,37,2007,1997,2500,0.095,0.02,2991.00,0.00
10.574,5318,119,37,2006,1996,2500,0.095,0.02,3014.00,0.00
10.576,5319,119,37,2006,1998,2499,0.095,0.02,3040.00,0.00
10.578,5320,119,37,2007,1997,2500,0.109,0.02,3063.00,0.00
10.580,5321,119,37,2006,1997,2501,0.102,0.02,3092.00,0.00
10.582,5322,119,37,2007,1999,2499,0.095,0.02,3122.00,0.00
10.584,5323,119,37,2008,1999,2498,0.102,0.01,3152.00,0.00
10.586,5324,119,37,2007,1998,2498,0.102,0.01,3182.00,0.00
10.588,5325,119,37,2007,1998,2499,0.109,0.02,3213.00,0.00
10.590,5326,119,37,2008,1999,2498,0.109,0.02,3249.00,0.00
10.592,5327,119,37,2006,1997,2499,0.095,0.02,3280.00,0.00
10.594,5328,119,37,2007,1997,2499,0.109,0.02,3322.00,0.00
10.596,5329,119,37,2007,1999,2498,0.095,0.01,3362.00,0.00
10.598,5330,119,37,2006,1996,2500,0.102,0.02,3404.00,0.00
10.600,5331,119,37,2007,1997,2498,0.102,0.02,3452.00,0.00
10.602,5332,119,37,2008,1998,2498,0.102,0.01,3502.00,0.00
10.604,5333,119,37,2008,1998,2497,0.109,0.02,3551.00,0.00
10.606,5334,119,37,2008,1998,2498,0.095,0.02,3600.00,0.00
10.608,5335,119,37,2007,1996,2499,0.102,0.02,3647.00,0.00
10.610,5336,119,37,2007,1998,2498,0.095,0.02,3700.00,0.00
10.612,5337,119,37,2007,1997,2499,0.102,0.02,3750.00,0.00
10.614,5338,119,37,2009,1998,2499,0.109,0.02,3802.00,0.00
10.616,5339,119,37,2007,1998,2499,0.102,0.00,3851.00,0.00
10.618,5340,119,37,2008,1997,2499,0.102,0.01,3901.00,0.00
10.620,5341,119,36,2007,1999,2497,0.095,0.01,3947.00,0.00
10.622,5342,119,36,2007,1998,2499,0.102,0.02,3995.00,0.00
10.624,5343,119,36,2007,1998,2499,0.102,0.01,4037.00,0.00
10.626,5344,119,36,2005,1997,2500,0.095,0.02,4079.00,0.00
10.628,5345,119,36,2007,1999,2500,0.095,0.02,4118.00,0.00
10.630,5346,119,36,2007,1999,2501,0.102,0.02,4159.00,0.00
10.632,5347,119,36,2005,1997,2502,0.102,0.01,4195.00,0.00
10.634,5348,119,36,2006,1999,2500,0.095,0.01,4236.00,0.00
10.636,5349,119,36,2006,1998,2501,0.102,0.02,4269.00,0.00
10.638,5350,119,36,2006,1998,2500,0.087,0.02,4310.00,0.00
10.640,5351,119,36,2006,1998,2499,0.102,0.02,4343.00,0.00
10.642,5352,119,36,2006,1998,2500,0.095,0.02,4382.00,0.00
10.644,5353,119,36,2006,1999,2500,0.095,0.02,4416.00,0.00
10.646,5354,119,36,2006,1997,2501,0.087,0.02,4452.00,0.00
10.648,5355,119,36,2007,1998,2500,0.095,0.02,4487.00,0.00
10.650,5356,119,36,2008,2000,2498,0.102,0.01,4525.00,0.00
10.652,5357,119,36,2006,1996,2500,0.102,0.01,4554.00,0.00
10.654,5358,119,36,2006,1997,2499,0.087,0.01,4590.00,0.00
10.656,5359,119,36,2007,1998,2499,0.109,0.02,4626.00,0.00
10.658,5360,119,36,2005,1998,2499,0.095,0.02,4661.00,0.00
10.660,5361,119,36,2007,1997,2499,0.095,0.02,4694.00,0.00
10.662,5362,119,36,2005,1997,2499,0.087,0.01,4732.00,0.00
10.664,5363,119,36,2005,1997,2499,0.102,0.02,4767.00,0.00
10.666,5364,119,36,2008,1998,2498,0.095,0.00,4808.00,0.00
10.668,5365,119,36,2008,1999,2497,0.095,0.01,4845.00,0.00
10.670,5366,119,36,2005,1995,2499,0.095,0.02,4879.00,0.00
10.672,5367,119,36,2006,1996,2498,0.102,0.02,4911.00,0.00
10.674,5368,119,36,2007,1997,2498,0.095,0.01,4945.00,0.00
10.676,5369,119,36,2007,1996,2498,0.102,0.02,4977.00,0.00
10.678,5370,119,36,2007,1997,2497,0.087,0.02,5014.00,0.00
10.680,5371,119,36,2008,1996,2497,0.087,0.01,5046.00,0.00
10.682,5372,119,36,2009,1998,2498,0.102,0.01,5076.00,0.00
10.684,5373,119,36,2007,1996,2498,0.109,0.01,5102.00,0.00
10.686,5374,119,36,2008,1997,2498,0.095,0.01,5127.00,0.00
10.688,5375,119,36,2006,1994,2498,0.095,0.01,5146.00,0.00
10.690,5376,119,36,2006,1995,2497,0.095,0.01,5157.00,0.00
10.692,5377,119,36,2008,1997,2498,0.102,0.01,5166.00,0.00
10.694,5378,119,36,2008,1996,2499,0.095,0.02,5169.00,0.00
10.696,5379,119,36,2008,1997,2497,0.095,0.02,5173.00,0.00
10.698,5380,119,36,2008,1995,2497,0.102,0.02,5176.00,0.00
10.700,5381,119,36,2008,1996,2497,0.102,0.00,5176.00,0.00
10.702,5382,119,36,2005,1993,2498,0.095,0.01,5178.00,0.00
10.704,5383,119,36,2007,1994,2497,0.109,0.02,5179.00,0.00
10.706,5384,119,36,2006,1995,2498,0.095,0.01,5180.00,0.00
10.708,5385,119,36,2008,1997,2497,0.102,0.02,5182.00,0.00
10.710,5386,119,36,2006,1995,2499,0.095,0.02,5176.00,0.00
10.712,5387,119,36,2005,1995,2498,0.095,0.02,5178.00,0.00
10.714,5388,119,36,2007,1997,2498,0.095,0.02,5179.00,0.00
10.716,5389,119,36,2007,1998,2497,0.095,0.02,5180.00,0.00
10.718,5390,119,36,2005,1997,2498,0.095,0.00,5178.00,0.00
10.720,5391,119,36,2006,1998,2497,0.102,0.01,5176.00,0.00
10.722,5392,119,36,2005,1997,2497,0.095,0.01,5169.00,0.00
10.724,5393,119,36,2004,1997,2498,0.102,0.02,5154.00,0.00
10.726,5394,119,36,2004,1998,2498,0.095,0.02,5134.00,0.00
10.728,5395,119,36,2004,1999,2499,0.095,0.02,5108.00,0.00
10.730,5396,119,36,2003,1998,2500,0.109,0.02,5073.00,0.00
10.732,5397,119,36,2005,1999,2497,0.109,0.02,5041.00,0.00
10.734,5398,119,36,2003,1999,2498,0.095,0.01,5005.00,0.00
10.736,5399,119,36,2004,2000,2497,0.102,0.02,4970.00,0.00
10.738,5400,119,36,2002,1999,2499,0.102,0.02,4927.00,0.00
10.740,5401,119,35,2002,1999,2500,0.109,0.02,4883.00,0.00
10.742,5402,119,35,2003,2001,2497,0.117,0.03,4841.00,0.00
10.744,5403,119,35,2002,1999,2501,0.102,0.02,4784.00,0.00
10.746,5404,119,35,2002,1999,2500,0.109,0.02,4734.00,0.00
10.748,5405,119,35,2003,2001,2500,0.087,0.01,4678.00,0.00
10.750,5406,119,35,2003,1999,2501,0.102,0.01,4619.00,0.00
10.752,5407,119,35,2003,1999,2501,0.102,0.00,4554.00,0.00
10.754,5408,119,35,2004,2000,2500,0.095,0.02,4488.00,0.00
10.756,5409,119,35,2005,2000,2500,0.109,0.01,4419.00,0.00
10.758,5410,119,35,2005,1999,2500,0.095,0.02,4346.00,0.00
10.760,5411,119,35,2005,2000,2502,0.109,0.03,4272.00,0.00
10.762,5412,119,35,2006,2000,2501,0.109,0.02,4197.00,0.00
10.764,5413,119,35,2007,2001,2501,0.102,0.02,4123.00,0.00
10.766,5414,119,35,2008,2002,2499,0.109,0.02,4049.00,0.00
10.768,5415,119,35,2007,2001,2501,0.109,0.00,3967.00,0.00
10.770,5416,119,35,2005,2000,2501,0.109,0.02,3895.00,0.00
10.772,5417,119,35,2006,2001,2501,0.109,0.02,3818.00,0.00
10.774,5418,119,35,2007,2001,2499,0.102,0.02,3747.00,0.00
10.776,5419,119,35,2006,2000,2501,0.102,0.02,3669.00,0.00
10.778,5420,119,35,2005,2000,2501,0.109,0.02,3596.00,0.00
10.780,5421,119,35,2008,2001,2499,0.102,0.02,3523.00,0.00
10.782,5422,119,35,2007,2000,2501,0.095,0.02,3449.00,0.00
10.784,5423,119,35,2007,1999,2501,0.102,0.02,3381.00,0.00
10.786,5424,119,35,2007,2000,2502,0.102,0.01,3309.00,0.00
10.788,5425,119,35,2007,1999,2501,0.102,0.02,3238.00,0.00
10.790,5426,119,35,2008,2000,2500,0.109,0.02,3172.00,0.00
10.792,5427,119,35,2007,2000,2501,0.080,0.02,3106.00,0.00
10.794,5428,119,35,2007,2000,2501,0.102,0.02,3039.00,0.00
10.796,5429,119,35,2009,2001,2499,0.102,0.01,2978.00,0.00
10.798,5430,119,35,2007,1999,2502,0.102,0.02,2910.00,0.00
10.800,5431,119,35,2008,2000,2501,0.109,0.02,2853.00,0.00
10.802,5432,119,35,2007,1999,2500,0.109,0.02,2799.00,0.00
10.804,5433,119,35,2008,2000,2500,0.087,0.01,2741.00,0.00
10.806,5434,119,35,2008,2000,2499,0.102,0.02,2692.00,0.00
10.808,5435,119,35,2008,2000,2500,0.109,0.02,2634.00,0.00
10.810,5436,119,35,2008,2000,2500,0.109,0.03,2583.00,0.00
10.812,5437,119,35,2009,2001,2498,0.102,0.02,2556.00,0.00
10.814,5438,119,35,2007,2000,2500,0.095,0.01,2548.00,0.00
10.816,5439,119,35,2008,2000,2500,0.102,0.01,2538.00,0.00
10.818,5440,119,35,2007,2000,2500,0.095,0.01,2541.00,0.00
10.820,5441,119,35,2007,2000,2498,0.095,0.01,2537.00,0.00
10.822,5442,119,35,2008,2000,2499,0.109,0.02,2541.00,0.00
10.824,5443,119,35,2007,1999,2499,0.102,0.02,2535.00,0.00
10.826,5444,119,35,2008,2000,2499,0.102,0.02,2541.00,0.00
10.828,5445,119,35,2009,2001,2498,0.102,0.02,2538.00,0.00
10.830,5446,119,35,2008,2000,2499,0.095,0.02,2540.00,0.00
10.832,5447,119,35,2010,2000,2498,0.109,0.02,2538.00,0.00
10.834,5448,119,35,2009,1999,2498,0.102,0.01,2541.00,0.00
10.836,5449,119,35,2008,1998,2499,0.095,0.02,2535.00,0.00
10.838,5450,119,35,2010,1999,2499,0.087,0.02,2541.00,0.00
10.840,5451,119,35,2010,1998,2499,0.109,0.02,2534.00,0.00
10.842,5452,119,35,2010,1998,2498,0.109,0.02,2540.00,0.00
10.844,5453,119,35,2010,1999,2498,0.095,0.02,2537.00,0.00
10.846,5454,119,35,2010,1998,2500,0.102,0.02,2537.00,0.00
10.848,5455,119,35,2011,1999,2499,0.095,0.01,2535.00,0.00
10.850,5456,119,35,2011,1999,2498,0.095,0.00,2541.00,0.00
10.852,5457,119,35,2011,1997,2497,0.095,0.01,2537.00,0.00
10.854,5458,119,35,2009,1997,2498,0.117,0.02,2538.00,0.00
10.856,5459,119,35,2010,1998,2498,0.102,0.01,2535.00,0.00
10.858,5460,119,35,2010,1997,2500,0.102,0.02,2538.00,0.00
10.860,5461,119,34,2010,1997,2499,0.109,0.03,2534.00,0.00
10.862,5462,119,34,2010,1998,2499,0.102,0.02,2540.00,0.00
10.864,5463,119,34,2010,1998,2500,0.095,0.02,2532.00,0.00
10.866,5464,119,34,2010,1999,2499,0.102,0.01,2541.00,0.00
10.868,5465,119,34,2009,1998,2500,0.102,0.01,2535.00,0.00
10.870,5466,119,34,2009,1998,2500,0.102,0.01,2538.00,0.00
10.872,5467,119,34,2010,1999,2498,0.109,0.02,2537.00,0.00
10.874,5468,119,34,2009,1998,2500,0.102,0.02,2538.00,0.00
10.876,5469,119,34,2011,2000,2497,0.102,0.02,2537.00,0.00
10.878,5470,119,34,2010,2000,2498,0.102,0.02,2543.00,0.00
10.880,5471,119,34,2009,1997,2497,0.109,0.02,2535.00,0.00
10.882,5472,119,34,2009,1998,2498,0.102,0.01,2540.00,0.00
10.884,5473,119,34,2009,1997,2499,0.095,0.01,2535.00,0.00
10.886,5474,119,34,2008,1997,2499,0.087,0.02,2540.00,0.00
10.888,5475,119,34,2009,1998,2498,0.102,0.02,2535.00,0.00
10.890,5476,119,34,2010,1997,2499,0.102,0.01,2541.00,0.00
10.892,5477,119,34,2009,1997,2497,0.102,0.03,2535.00,0.00
10.894,5478,119,34,2010,1998,2498,0.095,0.02,2540.00,0.00
10.896,5479,119,34,2010,1998,2499,0.117,0.02,2534.00,0.00
10.898,5480,119,34,2010,1998,2500,0.102,0.02,2537.00,0.00
10.900,5481,119,34,2010,1999,2499,0.117,0.01,2535.00,0.00
10.902,5482,119,34,2011,1997,2500,0.095,0.00,2532.00,0.00
10.904,5483,119,34,2013,2000,2498,0.102,0.02,2537.00,0.00
10.906,5484,119,34,2011,1998,2500,0.102,0.01,2534.00,0.00
10.908,5485,119,34,2012,1999,2497,0.102,0.02,2535.00,0.00
10.910,5486,119,34,2012,2000,2499,0.095,0.03,2534.00,0.00
10.912,5487,119,34,2012,1998,2499,0.102,0.02,2534.00,0.00
10.914,5488,119,34,2011,1997,2500,0.102,0.02,2532.00,0.00
10.916,5489,119,34,2012,1997,2500,0.102,0.02,2532.00,0.00
10.918,5490,119,34,2012,1997,2499,0.087,0.01,2532.00,0.00
10.920,5491,119,34,2014,2000,2497,0.109,0.02,2537.00,0.00
10.922,5492,119,34,2010,1998,2500,0.109,0.02,2531.00,0.00
10.924,5493,119,34,2010,1997,2499,0.109,0.02,2534.00,0.00
10.926,5494,119,34,2011,1999,2498,0.109,0.02,2535.00,0.00
10.928,5495,119,34,2009,1997,2499,0.087,0.02,2532.00,0.00
10.930,5496,119,34,2010,1998,2498,0.102,0.02,2532.00,0.00
10.932,5497,119,34,2010,1997,2498,0.109,0.02,2532.00,0.00
10.934,5498,119,34,2008,1998,2499,0.109,0.00,2532.00,0.00
10.936,5499,119,34,2008,1997,2498,0.095,0.01,2534.00,0.00
10.938,5500,119,34,2009,1999,2497,0.109,0.02,2535.00,0.00
10.940,5501,119,34,2007,1997,2497,0.109,0.02,2534.00,0.00
10.942,5502,119,34,2007,1998,2498,0.109,0.02,2532.00,0.00
10.944,5503,119,34,2006,1998,2498,0.102,0.02,2534.00,0.00
10.946,5504,119,34,2006,1997,2498,0.102,0.01,2534.00,0.00
10.948,5505,119,34,2007,1998,2497,0.102,0.02,2535.00,0.00
10.950,5506,119,34,2005,1997,2499,0.109,0.02,2532.00,0.00
10.952,5507,119,34,2004,1996,2498,0.102,0.01,2532.00,0.00
10.954,5508,119,34,2004,1997,2499,0.102,0.02,2532.00,0.00
10.956,5509,119,34,2004,1998,2497,0.109,0.02,2537.00,0.00
10.958,5510,119,34,2004,1996,2498,0.095,0.02,2534.00,0.00
10.960,5511,119,34,2003,1996,2499,0.109,0.02,2572.00,0.00
10.962,5512,119,34,2004,1998,2497,0.109,0.02,2624.00,0.00
10.964,5513,119,34,2005,1998,2496,0.102,0.02,2679.00,0.00
10.966,5514,119,34,2003,1998,2498,0.109,0.00,2731.00,0.00
10.968,5515,119,34,2002,1996,2498,0.102,0.01,2785.00,0.00
10.970,5516,119,34,2002,1998,2497,0.102,0.02,2846.00,0.00
10.972,5517,119,34,2003,1997,2495,0.102,0.01,2907.00,0.00
10.974,5518,119,34,2003,1997,2497,0.109,0.02,2965.00,0.00
10.976,5519,119,34,2002,1997,2498,0.102,0.03,3026.00,0.00
10.978,5520,119,34,2003,1996,2498,0.102,0.02,3088.00,0.00
10.980,5521,119,33,2004,1997,2497,0.109,0.02,3158.00,0.00
10.982,5522,119,33,2004,1997,2497,0.095,0.02,3223.00,0.00
10.984,5523,119,33,2004,1997,2497,0.102,0.01,3287.00,0.00
10.986,5524,119,33,2005,1997,2497,0.109,0.02,3357.00,0.00
10.988,5525,119,33,2004,1995,2497,0.102,0.02,3423.00,0.00
10.990,5526,119,33,2005,1996,2496,0.109,0.02,3490.00,0.00
10.992,5527,119,33,2006,1996,2497,0.102,0.02,3558.00,0.00
10.994,5528,119,33,2007,1996,2496,0.095,0.02,3626.00,0.00
10.996,5529,119,33,2006,1996,2498,0.095,0.02,3693.00,0.00
10.998,5530,119,33,2006,1996,2498,0.102,0.02,3763.00,0.00
11.000,5531,119,33,2007,1997,2497,0.095,0.01,3834.00,0.00
11.002,5532,119,33,2008,1998,2496,0.102,0.01,3908.00,0.00
11.004,5533,119,33,2009,1997,2497,0.102,0.02,3975.00,0.00
11.006,5534,119,33,2008,1996,2497,0.109,0.02,4046.00,0.00
11.008,5535,119,33,2010,1997,2497,0.102,0.02,4114.00,0.00
11.010,5536,119,33,2010,1996,2497,0.102,0.02,4185.00,0.00
11.012,5537,119,33,2011,1997,2498,0.109,0.02,4252.00,0.00
11.014,5538,119,33,2010,1997,2498,0.095,0.01,4320.00,0.00
11.016,5539,119,33,2010,1997,2497,0.095,0.01,4387.00,0.00
11.018,5540,119,33,2011,1997,2498,0.095,0.01,4455.00,0.00
11.020,5541,119,33,2012,1997,2497,0.095,0.01,4519.00,0.00
11.022,5542,119,33,2012,1998,2497,0.109,0.01,4588.00,0.00
11.024,5543,119,33,2011,1997,2498,0.095,0.01,4651.00,0.00
11.026,5544,119,33,2010,1997,2498,0.095,0.02,4716.00,0.00
11.028,5545,119,33,2012,1998,2498,0.095,0.02,4783.00,0.00
11.030,5546,119,33,2014,1999,2497,0.109,0.02,4853.00,0.00
11.032,5547,119,33,2011,1997,2500,0.102,0.02,4912.00,0.00
11.034,5548,119,33,2010,1996,2500,0.109,0.01,4976.00,0.00
11.036,5549,119,33,2011,1997,2499,0.087,0.02,5040.00,0.00
11.038,5550,119,33,2010,1997,2498,0.109,0.02,5093.00,0.00
11.040,5551,119,33,2010,1997,2499,0.102,0.02,5133.00,0.00
11.042,5552,119,33,2011,1998,2498,0.102,0.02,5153.00,0.00
11.044,5553,119,33,2011,1998,2498,0.102,0.02,5165.00,0.00
11.046,5554,119,33,2010,1996,2499,0.109,0.02,5172.00,0.00
11.048,5555,119,33,2011,1998,2499,0.095,0.01,5175.00,0.00
11.050,5556,119,33,2009,1997,2500,0.095,0.01,5175.00,0.00
11.052,5557,119,33,2009,1997,2499,0.109,0.01,5178.00,0.00
11.054,5558,119,33,2010,1999,2498,0.117,0.02,5179.00,0.00
11.056,5559,119,33,2008,1996,2500,0.102,0.02,5178.00,0.00
11.058,5560,119,33,2010,1999,2498,0.102,0.01,5180.00,0.00
11.060,5561,119,33,2009,1997,2498,0.109,0.03,5182.00,0.00
11.062,5562,119,33,2009,1998,2499,0.102,0.02,5180.00,0.00
11.064,5563,119,33,2009,1998,2499,0.117,0.02,5182.00,0.00
11.066,5564,119,33,2008,1997,2500,0.087,0.00,5180.00,0.00
11.068,5565,119,33,2009,1997,2498,0.102,0.01,5180.00,0.00
11.070,5566,119,33,2009,1997,2498,0.102,0.02,5180.00,0.00
11.072,5567,119,33,2009,1997,2498,0.102,0.02,5182.00,0.00
11.074,5568,119,33,2008,1997,2498,0.109,0.01,5179.00,0.00
11.076,5569,119,33,2009,1998,2498,0.109,0.02,5182.00,0.00
11.078,5570,119,33,2010,1998,2498,0.109,0.02,5183.00,0.00
11.080,5571,119,33,2010,1998,2497,0.102,0.02,5182.00,0.00
11.082,5572,119,33,2009,1997,2499,0.109,0.02,5180.00,0.00
11.084,5573,119,33,2010,1998,2498,0.102,0.00,5182.00,0.00
11.086,5574,119,33,2012,1999,2496,0.102,0.02,5185.00,0.00
11.088,5575,119,33,2009,1996,2499,0.109,0.02,5182.00,0.00
11.090,5576,119,33,2009,1997,2498,0.109,0.02,5182.00,0.00
11.092,5577,119,33,2010,1998,2498,0.102,0.03,5182.00,0.00
11.094,5578,119,33,2010,1996,2500,0.109,0.02,5180.00,0.00
11.096,5579,119,33,2011,1998,2498,0.109,0.01,5183.00,0.00
11.098,5580,119,33,2010,1996,2498,0.102,0.01,5182.00,0.00
11.100,5581,0,32,2011,1997,2497,0.102,0.01,5182.00,0.00
11.102,5582,0,32,2010,1995,2497,0.109,0.01,5182.00,0.00
11.104,5583,0,32,2010,1997,2497,0.102,0.01,5185.00,0.00
11.106,5584,0,32,2009,1996,2499,0.102,0.01,5180.00,0.00
11.108,5585,0,32,2008,1996,2498,0.109,0.02,5182.00,0.00
11.110,5586,0,32,2008,1996,2498,0.102,0.03,5183.00,0.00
11.112,5587,0,32,2007,1998,2497,0.109,0.02,5185.00,0.00
11.114,5588,0,32,2006,1995,2499,0.109,0.02,5179.00,0.00
11.116,5589,0,32,2005,1996,2500,0.095,0.01,5182.00,0.00
11.118,5590,0,32,2004,1997,2497,0.095,0.01,5183.00,0.00
11.120,5591,0,32,2002,1995,2499,0.087,0.00,5182.00,0.00
11.122,5592,0,32,2002,1996,2498,0.102,0.02,5182.00,0.00
11.124,5593,0,32,2003,1997,2499,0.102,0.02,5180.00,0.00
11.126,5594,0,32,2001,1996,2500,0.102,0.02,5180.00,0.00
11.128,5595,0,32,2002,1998,2499,0.095,0.02,5183.00,0.00
11.130,5596,0,32,2002,1999,2497,0.109,0.02,5185.00,0.00
11.132,5597,0,32,2002,1998,2499,0.102,0.02,5183.00,0.00
11.134,5598,0,32,2002,1999,2500,0.102,0.01,5182.00,0.00
11.136,5599,0,32,2001,1998,2500,0.102,0.02,5182.00,0.00
11.138,5600,0,32,2002,2000,2499,0.102,0.01,5183.00,0.00
11.140,5601,0,32,2001,1999,2499,0.102,0.02,5185.00,0.00
11.142,5602,0,32,2001,2000,2501,0.095,0.02,5180.00,0.00
11.144,5603,0,32,2003,2002,2501,0.109,0.02,5182.00,0.00
11.146,5604,0,32,2003,2002,2500,0.102,0.02,5185.00,0.00
11.148,5605,0,32,2002,2001,2501,0.102,0.02,5180.00,0.00
11.150,5606,0,32,2003,2001,2501,0.095,0.01,5182.00,0.00
11.152,5607,0,32,2003,2002,2502,0.095,0.00,5182.00,0.00
11.154,5608,0,32,2003,2003,2502,0.095,0.02,5182.00,0.00
11.156,5609,0,32,2004,2002,2502,0.102,0.00,5180.00,0.00
11.158,5610,0,32,2004,2002,2502,0.102,0.01,5182.00,0.00
11.160,5611,0,32,2003,2002,2503,0.109,0.02,5182.00,0.00
11.162,5612,0,32,2005,2002,2502,0.095,0.01,5179.00,0.00
11.164,5613,0,32,2006,2003,2501,0.095,0.01,5121.00,0.00
11.166,5614,0,32,2006,2002,2503,0.109,0.01,5011.00,0.00
11.168,5615,0,32,2004,2002,2503,0.109,0.01,4892.00,0.00
11.170,5616,0,32,2006,2004,2502,0.109,0.02,4765.00,0.00
11.172,5617,0,32,2006,2002,2501,0.102,0.02,4645.00,0.00
11.174,5618,0,32,2006,2002,2501,0.109,0.02,4522.00,0.00
11.176,5619,0,32,2006,2003,2502,0.109,0.02,4407.00,0.00
11.178,5620,0,32,2004,2002,2502,0.109,0.02,4301.00,0.00
11.180,5621,0,32,2007,2003,2501,0.102,0.02,4213.00,0.00
11.182,5622,0,32,2004,2002,2502,0.102,0.02,4126.00,0.00
11.184,5623,0,32,2003,2001,2503,0.102,0.01,4050.00,0.00
11.186,5624,0,32,2004,2002,2501,0.087,0.02,3982.00,0.00
11.188,5625,0,32,2004,2001,2499,0.102,0.02,3921.00,0.00
11.190,5626,0,32,2001,1999,2501,0.102,0.02,3856.00,0.00
11.192,5627,0,32,2003,2001,2499,0.109,0.02,3805.00,0.00
11.194,5628,0,32,2003,2000,2500,0.087,0.02,3753.00,0.00
11.196,5629,0,32,2003,2001,2500,0.087,0.02,3702.00,0.00
11.198,5630,0,32,2003,2000,2499,0.109,0.02,3655.00,0.00
11.200,5631,0,32,2002,1999,2501,0.102,0.01,3605.00,0.00
11.202,5632,0,32,2002,2000,2500,0.117,0.01,3564.00,0.00
11.204,5633,0,32,2004,2001,2499,0.102,0.02,3518.00,0.00
11.206,5634,0,32,2001,1998,2501,0.102,0.02,3473.00,0.00
11.208,5635,0,32,2003,2000,2499,0.109,0.02,3429.00,0.00
11.210,5636,0,32,2002,2001,2499,0.102,0.02,3390.00,0.00
11.212,5637,0,32,2002,2001,2501,0.109,0.02,3345.00,0.00
11.214,5638,0,32,2004,2003,2498,0.102,0.02,3314.00,0.00
11.216,5639,0,32,2004,2002,2500,0.117,0.02,3268.00,0.00
11.218,5640,0,32,2003,2002,2500,0.109,0.01,3230.00,0.00
11.220,5641,0,31,2004,2002,2500,0.102,0.01,3185.00,0.00
11.222,5642,0,31,2003,2002,2501,0.102,0.02,3142.00,0.00
11.224,5643,0,31,2004,2002,2500,0.109,0.02,3104.00,0.00
11.226,5644,0,31,2005,2003,2500,0.095,0.02,3062.00,0.00
11.228,5645,0,31,2005,2004,2501,0.102,0.02,3016.00,0.00
11.230,5646,0,31,2007,2005,2500,0.102,0.02,2976.00,0.00
11.232,5647,0,31,2006,2003,2501,0.109,0.02,2929.00,0.00
11.234,5648,0,31,2007,2004,2500,0.095,0.01,2892.00,0.00
11.236,5649,0,31,2006,2004,2501,0.109,0.02,2843.00,0.00
11.238,5650,0,31,2006,2004,2501,0.095,0.01,2805.00,0.00
11.240,5651,0,31,2007,2005,2501,0.109,0.02,2763.00,0.00
11.242,5652,0,31,2006,2004,2501,0.102,0.02,2727.00,0.00
11.244,5653,0,31,2008,2006,2500,0.095,0.02,2685.00,0.00
11.246,5654,0,31,2009,2006,2499,0.102,0.02,2653.00,0.00
11.248,5655,0,31,2007,2004,2501,0.109,0.02,2611.00,0.00
11.250,5656,0,31,2008,2006,2498,0.102,0.01,2582.00,0.00
11.252,5657,0,31,2007,2006,2500,0.095,0.01,2553.00,0.00
11.254,5658,0,31,2006,2005,2502,0.102,0.02,2545.00,0.00
11.256,5659,0,31,2008,2007,2499,0.109,0.02,2543.00,0.00
11.258,5660,0,31,2007,2005,2501,0.102,0.02,2543.00,0.00
11.260,5661,0,31,2006,2005,2500,0.102,0.02,2537.00,0.00
11.262,5662,0,31,2008,2006,2500,0.095,0.02,2543.00,0.00
11.264,5663,0,31,2007,2005,2501,0.109,0.02,2535.00,0.00
11.266,5664,0,31,2007,2004,2500,0.095,0.02,2541.00,0.00
11.268,5665,0,31,2009,2004,2500,0.109,0.01,2537.00,0.00
11.270,5666,0,31,2008,2004,2501,0.095,0.02,2541.00,0.00
11.272,5667,0,31,2009,2004,2500,0.095,0.02,2535.00,0.00
11.274,5668,0,31,2010,2002,2500,0.095,0.02,2541.00,0.00
11.276,5669,0,31,2010,2001,2500,0.102,0.02,2535.00,0.00
11.278,5670,0,31,2011,2001,2499,0.102,0.03,2541.00,0.00
11.280,5671,0,31,2012,2001,2501,0.102,0.02,2534.00,0.00
11.282,5672,0,31,2012,2000,2500,0.095,0.02,2541.00,0.00
11.284,5673,0,31,2014,2001,2499,0.095,0.00,2537.00,0.00
11.286,5674,0,31,2014,2000,2500,0.102,0.02,2540.00,0.00
11.288,5675,0,31,2014,2000,2499,0.095,0.02,2535.00,0.00
11.290,5676,0,31,2015,2000,2499,0.102,0.01,2540.00,0.00
11.292,5677,0,31,2013,1998,2498,0.102,0.02,2535.00,0.00
11.294,5678,0,31,2016,2000,2498,0.102,0.03,2543.00,0.00
11.296,5679,0,31,2014,1999,2501,0.102,0.02,2532.00,0.00
11.298,5680,0,31,2015,1999,2500,0.109,0.02,2540.00,0.00
11.300,5681,0,31,2015,1999,2499,0.102,0.02,2535.00,0.00
11.302,5682,0,31,2015,2000,2499,0.102,0.01,2535.00,0.00
11.304,5683,0,31,2015,1999,2499,0.102,0.01,2532.00,0.00
11.306,5684,0,31,2015,1999,2498,0.102,0.02,2534.00,0.00
11.308,5685,0,31,2015,2000,2498,0.095,0.01,2535.00,0.00
11.310,5686,0,31,2015,2001,2500,0.102,0.03,2534.00,0.00
11.312,5687,0,31,2014,2000,2498,0.095,0.02,2534.00,0.00
11.314,5688,0,31,2014,2001,2500,0.109,0.02,2534.00,0.00
11.316,5689,0,31,2015,2000,2498,0.109,0.01,2534.00,0.00
11.318,5690,0,31,2015,2000,2499,0.102,0.00,2532.00,0.00
11.320,5691,0,31,2017,2001,2497,0.109,0.02,2535.00,0.00
11.322,5692,0,31,2016,2000,2499,0.109,0.02,2530.00,0.00
11.324,5693,0,31,2016,2000,2499,0.102,0.02,2534.00,0.00
11.326,5694,0,31,2018,2001,2499,0.102,0.03,2534.00,0.00
11.328,5695,0,31,2017,2001,2499,0.102,0.02,2532.00,0.00
11.330,5696,0,31,2017,1999,2499,0.102,0.02,2534.00,0.00
11.332,5697,0,31,2017,1999,2500,0.102,0.02,2532.00,0.00
11.334,5698,0,31,2017,1999,2499,0.087,0.01,2532.00,0.00
11.336,5699,0,31,2017,2000,2497,0.102,0.02,2535.00,0.00
11.338,5700,0,31,2016,1998,2498,0.102,0.02,2531.00,0.00
11.340,5701,0,30,2016,1999,2498,0.109,0.02,2534.00,0.00
11.342,5702,0,30,2016,1998,2497,0.095,0.02,2534.00,0.00
11.344,5703,0,30,2016,1998,2497,0.102,0.03,2535.00,0.00
11.346,5704,0,30,2016,1998,2497,0.109,0.02,2534.00,0.00
11.348,5705,0,30,2014,1997,2498,0.102,0.02,2545.00,0.00
11.350,5706,0,30,2013,1996,2499,0.109,0.02,2582.00,0.00
11.352,5707,0,30,2013,1997,2497,0.102,0.00,2625.00,0.00
11.354,5708,0,30,2013,1998,2497,0.102,0.02,2667.00,0.00
11.356,5709,0,30,2011,1995,2499,0.102,0.01,2705.00,0.00
11.358,5710,0,30,2010,1995,2498,0.109,0.02,2757.00,0.00
11.360,5711,0,30,2010,1996,2498,0.095,0.02,2808.00,0.00
11.362,5712,0,30,2011,1996,2497,0.109,0.03,2859.00,0.00
11.364,5713,0,30,2009,1995,2498,0.102,0.02,2907.00,0.00
11.366,5714,0,30,2009,1995,2498,0.102,0.00,2966.00,0.00
11.368,5715,0,30,2009,1996,2498,0.095,0.01,3029.00,0.00
11.370,5716,0,30,2008,1995,2497,0.095,0.01,3094.00,0.00
11.372,5717,0,30,2008,1994,2499,0.102,0.02,3156.00,0.00
11.374,5718,0,30,2006,1994,2498,0.109,0.02,3222.00,0.00
11.376,5719,0,30,2007,1995,2497,0.087,0.02,3285.00,0.00
11.378,5720,0,30,2007,1996,2497,0.102,0.02,3351.00,0.00
11.380,5721,0,30,2008,1995,2497,0.109,0.02,3409.00,0.00
11.382,5722,0,30,2008,1996,2497,0.102,0.02,3476.00,0.00
11.384,5723,0,30,2007,1996,2498,0.102,0.01,3536.00,0.00
11.386,5724,0,30,2006,1996,2498,0.095,0.01,3599.00,0.00
11.388,5725,0,30,2006,1995,2498,0.095,0.01,3661.00,0.00
11.390,5726,0,30,2006,1996,2498,0.102,0.02,3722.00,0.00
11.392,5727,0,30,2005,1995,2498,0.102,0.02,3789.00,0.00
11.394,5728,0,30,2005,1997,2498,0.095,0.02,3853.00,0.00
11.396,5729,0,30,2007,1997,2497,0.109,0.02,3917.00,0.00
11.398,5730,0,30,2005,1995,2499,0.095,0.02,3973.00,0.00
11.400,5731,0,30,2006,1996,2497,0.095,0.01,4030.00,0.00
11.402,5732,0,30,2005,1996,2497,0.095,0.01,4084.00,0.00
11.404,5733,0,30,2005,1996,2499,0.102,0.02,4136.00,0.00
11.406,5734,0,30,2006,1997,2497,0.095,0.02,4192.00,0.00
11.408,5735,0,30,2004,1995,2497,0.102,0.02,4243.00,0.00
11.410,5736,0,30,2005,1997,2497,0.102,0.03,4298.00,0.00
11.412,5737,0,30,2005,1996,2499,0.109,0.04,4346.00,0.00
11.414,5738,0,30,2006,1996,2497,0.109,0.02,4400.00,0.00
11.416,5739,0,30,2005,1996,2498,0.102,0.01,4449.00,0.00
11.418,5740,0,30,2006,1998,2496,0.109,0.01,4500.00,0.00
11.420,5741,0,30,2005,1996,2497,0.102,0.01,4542.00,0.00
11.422,5742,0,30,2005,1996,2497,0.087,0.02,4590.00,0.00
11.424,5743,0,30,2006,1997,2496,0.102,0.02,4631.00,0.00
11.426,5744,0,30,2004,1995,2497,0.095,0.02,4674.00,0.00
11.428,5745,0,30,2006,1996,2496,0.102,0.03,4718.00,0.00
11.430,5746,0,30,2005,1995,2499,0.102,0.02,4757.00,0.00
11.432,5747,0,30,2004,1994,2497,0.095,0.02,4797.00,0.00
11.434,5748,0,30,2004,1995,2497,0.095,0.00,4841.00,0.00
11.436,5749,0,30,2006,1996,2499,0.109,0.03,4879.00,0.00
11.438,5750,0,30,2005,1996,2498,0.095,0.02,4918.00,0.00
11.440,5751,0,30,2005,1995,2499,0.095,0.01,4950.00,0.00
11.442,5752,0,30,2005,1995,2497,0.095,0.02,4983.00,0.00
11.444,5753,0,30,2005,1995,2499,0.109,0.02,5009.00,0.00
11.446,5754,0,30,2007,1997,2498,0.102,0.01,5043.00,0.00
11.448,5755,0,30,2005,1994,2499,0.102,0.02,5061.00,0.00
11.450,5756,0,30,2006,1996,2499,0.109,0.01,5086.00,0.00
11.452,5757,0,30,2007,1997,2497,0.095,0.00,5108.00,0.00
11.454,5758,0,30,2007,1995,2499,0.109,0.02,5128.00,0.00
11.456,5759,0,30,2006,1996,2499,0.095,0.02,5141.00,0.00
11.458,5760,0,30,2007,1997,2497,0.095,0.01,5151.00,0.00
11.460,5761,0,29,2007,1996,2498,0.087,0.02,5159.00,0.00
11.462,5762,0,29,2008,1997,2498,0.095,0.02,5165.00,0.00
11.464,5763,0,29,2008,1996,2497,0.109,0.02,5170.00,0.00
11.466,5764,0,29,2009,1996,2497,0.102,0.01,5169.00,0.00
11.468,5765,0,29,2009,1997,2497,0.102,0.00,5176.00,0.00
11.470,5766,0,29,2009,1996,2498,0.102,0.02,5173.00,0.00
11.472,5767,0,29,2008,1994,2499,0.102,0.01,5175.00,0.00
11.474,5768,0,29,2009,1997,2497,0.102,0.02,5179.00,0.00
11.476,5769,0,29,2009,1997,2499,0.109,0.02,5176.00,0.00
11.478,5770,0,29,2010,1997,2498,0.095,0.01,5180.00,0.00
11.480,5771,0,29,2010,1997,2499,0.109,0.02,5180.00,0.00
11.482,5772,0,29,2010,1998,2499,0.095,0.01,5180.00,0.00
11.484,5773,0,29,2010,1998,2498,0.109,0.00,5180.00,0.00
11.486,5774,0,29,2009,1997,2498,0.102,0.02,5182.00,0.00
11.488,5775,0,29,2008,1996,2500,0.102,0.02,5180.00,0.00
11.490,5776,0,29,2009,1997,2499,0.109,0.02,5180.00,0.00
11.492,5777,0,29,2009,1997,2500,0.109,0.02,5179.00,0.00
11.494,5778,0,29,2010,1998,2499,0.102,0.02,5182.00,0.00
11.496,5779,0,29,2009,1998,2499,0.102,0.01,5180.00,0.00
11.498,5780,0,29,2008,1998,2499,0.095,0.01,5178.00,0.00
11.500,5781,0,29,2007,1998,2500,0.095,0.01,5175.00,0.00
11.502,5782,0,29,2007,1998,2499,0.102,0.01,5170.00,0.00
11.504,5783,0,29,2006,1997,2500,0.102,0.01,5157.00,0.00
11.506,5784,0,29,2006,1998,2499,0.102,0.02,5134.00,0.00
11.508,5785,0,29,2006,1999,2497,0.117,0.02,5106.00,0.00
11.510,5786,0,29,2005,1998,2500,0.109,0.03,5067.00,0.00
11.512,5787,0,29,2005,1998,2499,0.109,0.02,5030.00,0.00
11.514,5788,0,29,2005,1999,2500,0.095,0.02,4989.00,0.00
11.516,5789,0,29,2006,2000,2499,0.109,0.02,4951.00,0.00
11.518,5790,0,29,2003,1998,2500,0.109,0.01,4908.00,0.00
11.520,5791,0,29,2004,1999,2499,0.109,0.02,4864.00,0.00
11.522,5792,0,29,2002,1999,2501,0.102,0.02,4822.00,0.00
11.524,5793,0,29,2003,2001,2499,0.117,0.03,4781.00,0.00
11.526,5794,0,29,2003,1999,2499,0.109,0.02,4735.00,0.00
11.528,5795,0,29,2001,1997,2501,0.109,0.02,4691.00,0.00
11.530,5796,0,29,2002,1999,2500,0.095,0.01,4651.00,0.00
11.532,5797,0,29,2003,2000,2499,0.087,0.01,4612.00,0.00
11.534,5798,0,29,2002,1999,2499,0.102,0.01,4568.00,0.00
11.536,5799,0,29,2002,2000,2498,0.102,0.01,4525.00,0.00
11.538,5800,0,29,2002,1999,2499,0.109,0.02,4478.00,0.00
11.540,5801,0,29,2000,1998,2500,0.095,0.01,4430.00,0.00
11.542,5802,0,29,2002,1999,2499,0.102,0.02,4384.00,0.00
11.544,5803,0,29,2002,1998,2501,0.102,0.03,4332.00,0.00
11.546,5804,0,29,2003,1999,2500,0.109,0.02,4282.00,0.00
11.548,5805,0,29,2004,1999,2501,0.087,0.01,4230.00,0.00
11.550,5806,0,29,2003,1998,2501,0.102,0.01,4176.00,0.00
11.552,5807,0,29,2006,2000,2498,0.102,0.01,4126.00,0.00
11.554,5808,0,29,2004,1999,2501,0.102,0.02,4063.00,0.00
11.556,5809,0,29,2005,1998,2499,0.102,0.02,4005.00,0.00
11.558,5810,0,29,2005,1999,2500,0.102,0.02,3943.00,0.00
11.560,5811,0,29,2007,1999,2500,0.109,0.02,3877.00,0.00
11.562,5812,0,29,2008,2001,2500,0.095,0.02,3815.00,0.00
11.564,5813,0,29,2008,2000,2499,0.109,0.02,3748.00,0.00
11.566,5814,0,29,2006,1998,2502,0.102,0.02,3673.00,0.00
11.568,5815,0,29,2007,1999,2500,0.109,0.01,3605.00,0.00
11.570,5816,0,29,2007,1999,2499,0.102,0.02,3531.00,0.00
11.572,5817,0,29,2008,2001,2499,0.109,0.02,3454.00,0.00
11.574,5818,0,29,2007,1999,2500,0.102,0.02,3375.00,0.00
11.576,5819,0,29,2007,1999,2500,0.102,0.02,3299.00,0.00
11.578,5820,0,29,2007,1999,2501,0.102,0.02,3220.00,0.00
11.580,5821,0,28,2008,2000,2500,0.095,0.02,3140.00,0.00
11.582,5822,0,28,2006,2000,2500,0.102,0.02,3063.00,0.00
11.584,5823,0,28,2004,1997,2501,0.095,0.00,2979.00,0.00
11.586,5824,0,28,2005,1998,2501,0.102,0.02,2898.00,0.00
11.588,5825,0,28,2005,2000,2500,0.109,0.02,2815.00,0.00
11.590,5826,0,28,2006,2000,2499,0.109,0.02,2734.00,0.00
11.592,5827,0,28,2005,1999,2500,0.109,0.02,2651.00,0.00
11.594,5828,0,28,2005,2000,2500,0.102,0.03,2583.00,0.00
11.596,5829,0,28,2005,2000,2498,0.109,0.02,2556.00,0.00
11.598,5830,0,28,2004,1999,2500,0.087,0.02,2544.00,0.00
11.600,5831,0,28,2005,2000,2499,0.095,0.00,2543.00,0.00
11.602,5832,0,28,2003,1998,2501,0.102,0.01,2540.00,0.00
11.604,5833,0,28,2003,1998,2501,0.109,0.02,2537.00,0.00
11.606,5834,0,28,2004,1999,2499,0.087,0.02,2544.00,0.00
11.608,5835,0,28,2005,1999,2499,0.102,0.02,2537.00,0.00
11.610,5836,0,28,2006,1999,2498,0.102,0.02,2543.00,0.00
11.612,5837,0,28,2006,2000,2499,0.102,0.02,2537.00,0.00
11.614,5838,0,28,2005,1999,2500,0.095,0.02,2540.00,0.00
11.616,5839,0,28,2005,1999,2500,0.095,0.00,2535.00,0.00
11.618,5840,0,28,2005,1998,2500,0.102,0.00,2540.00,0.00
11.620,5841,0,28,2005,1997,2501,0.102,0.02,2534.00,0.00
11.622,5842,0,28,2007,1998,2498,0.109,0.02,2540.00,0.00
11.624,5843,0,28,2007,1999,2498,0.102,0.01,2535.00,0.00
11.626,5844,0,28,2009,2000,2498,0.109,0.02,2541.00,0.00
11.628,5845,0,28,2009,2000,2496,0.087,0.03,2538.00,0.00
11.630,5846,0,28,2009,2000,2498,0.095,0.01,2541.00,0.00
11.632,5847,0,28,2008,1998,2498,0.095,0.02,2537.00,0.00
11.634,5848,0,28,2010,1997,2496,0.102,0.01,2540.00,0.00
11.636,5849,0,28,2011,1998,2495,0.102,0.02,2537.00,0.00
11.638,5850,0,28,2012,1995,2495,0.102,0.02,2538.00,0.00
11.640,5851,0,28,2012,1996,2495,0.102,0.02,2535.00,0.00
11.642,5852,0,28,2014,1996,2494,0.102,0.02,2543.00,0.00
11.644,5853,0,28,2013,1998,2497,0.102,0.02,2537.00,0.00
11.646,5854,0,28,2012,1996,2498,0.109,0.02,2540.00,0.00
11.648,5855,0,28,2012,1997,2500,0.102,0.02,2534.00,0.00
11.650,5856,0,28,2009,1995,2502,0.102,0.00,2538.00,0.00
11.652,5857,0,28,2011,1997,2501,0.102,0.01,2537.00,0.00
11.654,5858,0,28,2009,1997,2502,0.102,0.02,2538.00,0.00
11.656,5859,0,28,2008,1996,2502,0.109,0.02,2534.00,0.00
11.658,5860,0,28,2009,1999,2500,0.102,0.02,2540.00,0.00
11.660,5861,0,28,2009,2000,2498,0.109,0.02,2535.00,0.00
11.662,5862,0,28,2007,1997,2500,0.102,0.02,2538.00,0.00
11.664,5863,0,28,2008,1999,2498,0.109,0.02,2535.00,0.00
11.666,5864,0,28,2006,1996,2499,0.102,0.02,2538.00,0.00
11.668,5865,0,28,2006,1997,2498,0.102,0.01,2535.00,0.00
11.670,5866,0,28,2005,1996,2497,0.102,0.02,2540.00,0.00
11.672,5867,0,28,2003,1995,2498,0.102,0.01,2535.00,0.00
11.674,5868,0,28,2004,1996,2496,0.109,0.01,2541.00,0.00
11.676,5869,0,28,2002,1997,2498,0.102,0.02,2534.00,0.00
11.678,5870,0,28,2001,1996,2500,0.102,0.02,2537.00,0.00
11.680,5871,0,28,2001,1997,2499,0.117,0.01,2534.00,0.00
11.682,5872,0,28,2001,1998,2499,0.095,0.02,2540.00,0.00
11.684,5873,0,28,2001,1999,2499,0.095,0.01,2535.00,0.00
11.686,5874,0,28,2002,2000,2498,0.109,0.02,2543.00,0.00
11.688,5875,0,28,2001,1998,2501,0.102,0.02,2534.00,0.00
11.690,5876,0,28,2003,1999,2499,0.109,0.02,2541.00,0.00
11.692,5877,0,28,2004,1999,2499,0.109,0.02,2537.00,0.00
11.694,5878,0,28,2002,1998,2500,0.095,0.02,2541.00,0.00
11.696,5879,0,28,2004,1998,2500,0.109,0.02,2534.00,0.00
11.698,5880,0,28,2003,1995,2500,0.095,0.02,2537.00,0.00
11.700,5881,0,27,2003,1996,2500,0.102,0.00,2534.00,0.00
11.702,5882,0,27,2007,1999,2497,0.102,0.01,2537.00,0.00
11.704,5883,0,27,2007,1997,2497,0.102,0.02,2532.00,0.00
11.706,5884,0,27,2008,1997,2496,0.102,0.01,2537.00,0.00
11.708,5885,0,27,2009,1998,2496,0.102,0.02,2535.00,0.00
11.710,5886,0,27,2010,1996,2498,0.102,0.01,2534.00,0.00
11.712,5887,0,27,2012,1999,2496,0.102,0.02,2537.00,0.00
11.714,5888,0,27,2011,1997,2501,0.102,0.02,2531.00,0.00
11.716,5889,0,27,2011,1996,2500,0.102,0.01,2534.00,0.00
11.718,5890,0,27,2013,1998,2501,0.095,0.00,2534.00,0.00
11.720,5891,0,27,2011,1998,2499,0.102,0.02,2535.00,0.00
11.722,5892,0,27,2013,1999,2500,0.102,0.02,2534.00,0.00
11.724,5893,0,27,2013,1999,2499,0.102,0.02,2534.00,0.00
11.726,5894,0,27,2012,1998,2499,0.102,0.02,2534.00,0.00
11.728,5895,0,27,2013,1998,2500,0.095,0.02,2532.00,0.00
11.730,5896,0,27,2010,1995,2499,0.087,0.02,2531.00,0.00
11.732,5897,0,27,2010,1996,2501,0.102,0.02,2532.00,0.00
11.734,5898,0,27,2011,1996,2498,0.102,0.01,2534.00,0.00
11.736,5899,0,27,2009,1996,2499,0.095,0.01,2532.00,0.00
11.738,5900,0,27,2010,1998,2496,0.102,0.02,2538.00,0.00
11.740,5901,0,27,2007,1995,2499,0.102,0.02,2531.00,0.00
11.742,5902,0,27,2006,1996,2497,0.087,0.02,2534.00,0.00
11.744,5903,0,27,2005,1996,2498,0.087,0.02,2534.00,0.00
11.746,5904,0,27,2005,1997,2499,0.102,0.02,2534.00,0.00
11.748,5905,0,27,2003,1995,2499,0.087,0.02,2531.00,0.00
11.750,5906,0,27,2003,1997,2499,0.102,0.01,2531.00,0.00
11.752,5907,0,27,2002,1997,2499,0.095,0.00,2532.00,0.00
11.754,5908,0,27,2002,1999,2497,0.109,0.02,2537.00,0.00
11.756,5909,0,27,2002,1998,2498,0.102,0.02,2532.00,0.00
11.758,5910,0,27,2000,1996,2499,0.102,0.01,2532.00,0.00
11.760,5911,0,27,2003,1998,2498,0.102,0.02,2534.00,0.00
11.762,5912,0,27,2002,1998,2498,0.102,0.02,2535.00,0.00
11.764,5913,0,27,2003,1998,2498,0.102,0.02,2532.00,0.00
11.766,5914,0,27,2004,1998,2497,0.102,0.01,2535.00,0.00
11.768,5915,0,27,2003,1996,2498,0.102,0.01,2532.00,0.00
11.770,5916,0,27,2005,1997,2497,0.095,0.02,2534.00,0.00
11.772,5917,0,27,2008,1999,2494,0.102,0.02,2537.00,0.00
11.774,5918,0,27,2005,1996,2498,0.102,0.02,2532.00,0.00
11.776,5919,0,27,2006,1996,2498,0.109,0.02,2532.00,0.00
11.778,5920,0,27,2007,1998,2500,0.087,0.02,2532.00,0.00
11.780,5921,0,27,2008,1998,2499,0.087,0.02,2534.00,0.00
11.782,5922,0,27,2009,1997,2499,0.102,0.01,2532.00,0.00
11.784,5923,0,27,2010,1997,2499,0.102,0.01,2534.00,0.00
11.786,5924,0,27,2010,1997,2499,0.109,0.01,2534.00,0.00
11.788,5925,0,27,2011,1998,2499,0.102,0.02,2534.00,0.00
11.790,5926,0,27,2012,1998,2499,0.087,0.02,2537.00,0.00
11.792,5927,0,27,2011,1997,2499,0.102,0.02,2534.00,0.00
11.794,5928,0,27,2010,1995,2499,0.095,0.01,2534.00,0.00
11.796,5929,0,27,2012,1997,2499,0.087,0.02,2534.00,0.00
11.798,5930,0,27,2011,1996,2499,0.102,0.02,2532.00,0.00
11.800,5931,0,27,2011,1997,2498,0.102,0.00,2534.00,0.00
11.802,5932,0,27,2011,1996,2498,0.087,0.00,2540.00,0.00
11.804,5933,0,27,2010,1997,2498,0.109,0.01,2535.00,0.00
11.806,5934,0,27,2010,1997,2498,0.102,0.01,2541.00,0.00
11.808,5935,0,27,2008,1996,2499,0.109,0.02,2534.00,0.00
11.810,5936,0,27,2009,1997,2499,0.087,0.02,2540.00,0.00
11.812,5937,0,27,2008,1997,2500,0.102,0.02,2532.00,0.00
11.814,5938,0,27,2007,1996,2500,0.109,0.01,2540.00,0.00
11.816,5939,0,27,2007,1997,2499,0.087,0.01,2535.00,0.00
11.818,5940,0,27,2006,1997,2500,0.102,0.01,2540.00,0.00
11.820,5941,0,26,2006,1998,2499,0.102,0.02,2534.00,0.00
11.822,5942,0,26,2005,1997,2499,0.102,0.02,2541.00,0.00
11.824,5943,0,26,2004,1998,2498,0.109,0.02,2535.00,0.00
11.826,5944,0,26,2002,1995,2500,0.102,0.02,2538.00,0.00
11.828,5945,0,26,2003,1997,2500,0.095,0.02,2532.00,0.00
11.830,5946,0,26,2003,1998,2500,0.102,0.02,2538.00,0.00
11.832,5947,0,26,2002,1996,2500,0.102,0.01,2532.00,0.00
11.834,5948,0,26,2003,1998,2498,0.102,0.00,2540.00,0.00
11.836,5949,0,26,2003,1997,2501,0.102,0.02,2531.00,0.00
11.838,5950,0,26,2002,1997,2500,0.087,0.00,2538.00,0.00
11.840,5951,0,26,2005,1998,2499,0.109,0.02,2537.00,0.00
11.842,5952,0,26,2004,1997,2498,0.095,0.01,2540.00,0.00
11.844,5953,0,26,2004,1997,2500,0.102,0.03,2534.00,0.00
11.846,5954,0,26,2007,1999,2498,0.102,0.02,2543.00,0.00
11.848,5955,0,26,2006,1998,2499,0.102,0.02,2534.00,0.00
11.850,5956,0,26,2005,1996,2500,0.109,0.01,2540.00,0.00
11.852,5957,0,26,2007,1999,2498,0.102,0.00,2535.00,0.00
11.854,5958,0,26,2008,1998,2499,0.102,0.02,2540.00,0.00
11.856,5959,0,26,2005,1995,2500,0.102,0.01,2534.00,0.00
11.858,5960,0,26,2007,1997,2499,0.087,0.00,2538.00,0.00
11.860,5961,0,26,2009,1998,2498,0.095,0.02,2537.00,0.00
11.862,5962,0,26,2009,1998,2498,0.102,0.02,2541.00,0.00
11.864,5963,0,26,2010,1999,2498,0.095,0.02,2537.00,0.00
11.866,5964,0,26,2009,1997,2501,0.109,0.01,2538.00,0.00
11.868,5965,0,26,2010,1998,2501,0.102,0.01,2532.00,0.00
11.870,5966,0,26,2010,1998,2498,0.095,0.01,2541.00,0.00
11.872,5967,0,26,2010,1998,2499,0.102,0.02,2535.00,0.00
11.874,5968,0,26,2010,1998,2500,0.102,0.02,2538.00,0.00
11.876,5969,0,26,2008,1996,2500,0.087,0.02,2535.00,0.00
11.878,5970,0,26,2009,1998,2499,0.109,0.02,2541.00,0.00
11.880,5971,0,26,2009,1998,2499,0.095,0.01,2537.00,0.00
11.882,5972,0,26,2008,1997,2500,0.102,0.01,2538.00,0.00
11.884,5973,0,26,2008,1998,2500,0.109,0.01,2532.00,0.00
11.886,5974,0,26,2007,1999,2498,0.095,0.02,2540.00,0.00
11.888,5975,0,26,2008,1998,2499,0.102,0.02,2535.00,0.00
11.890,5976,0,26,2006,1997,2498,0.102,0.01,2540.00,0.00
11.892,5977,0,26,2006,1998,2498,0.102,0.02,2537.00,0.00
11.894,5978,0,26,2005,1998,2497,0.109,0.03,2541.00,0.00
11.896,5979,0,26,2005,1998,2498,0.102,0.02,2535.00,0.00
11.898,5980,0,26,2004,1998,2499,0.102,0.01,2540.00,0.00
11.900,5981,0,26,2005,1999,2498,0.102,0.00,2537.00,0.00
11.902,5982,0,26,2004,1998,2499,0.102,0.00,2532.00,0.00
11.904,5983,0,26,2003,1998,2500,0.109,0.02,2532.00,0.00
11.906,5984,0,26,2004,1996,2499,0.102,0.02,2534.00,0.00
11.908,5985,0,26,2003,1996,2499,0.087,0.01,2532.00,0.00
11.910,5986,0,26,2004,1998,2497,0.109,0.03,2535.00,0.00
11.912,5987,0,26,2003,1997,2500,0.095,0.02,2531.00,0.00
11.914,5988,0,26,2005,1998,2499,0.102,0.01,2534.00,0.00
11.916,5989,0,26,2005,1998,2499,0.095,0.02,2532.00,0.00
11.918,5990,0,26,2006,1998,2498,0.095,0.00,2534.00,0.00
11.920,5991,0,26,2006,1997,2498,0.102,0.01,2534.00,0.00
11.922,5992,0,26,2007,1997,2500,0.102,0.02,2534.00,0.00
11.924,5993,0,26,2007,1998,2498,0.102,0.02,2534.00,0.00
11.926,5994,0,26,2009,1999,2496,0.109,0.03,2537.00,0.00
11.928,5995,0,26,2008,1998,2499,0.102,0.02,2532.00,0.00
11.930,5996,0,26,2007,1996,2500,0.102,0.01,2531.00,0.00
11.932,5997,0,26,2009,1998,2499,0.095,0.02,2532.00,0.00
11.934,5998,0,26,2010,1998,2498,0.095,0.01,2535.00,0.00
11.936,5999,0,26,2009,1998,2498,0.102,0.01,2534.00,0.00
11.938,6000,0,26,2009,1998,2498,0.095,0.01,2534.00,0.00
11.940,6001,0,25,2009,1997,2499,0.109,0.02,2534.00,0.00
11.942,6002,0,25,2010,1999,2499,0.095,0.02,2534.00,0.00
11.944,6003,0,25,2011,1999,2498,0.102,0.04,2537.00,0.00
11.946,6004,0,25,2009,1996,2501,0.095,0.01,2531.00,0.00
11.948,6005,0,25,2009,1997,2499,0.109,0.02,2534.00,0.00
11.950,6006,0,25,2010,1999,2498,0.102,0.01,2534.00,0.00
11.952,6007,0,25,2010,1999,2498,0.102,0.00,2535.00,0.00
11.954,6008,0,25,2009,1998,2497,0.102,0.02,2535.00,0.00
11.956,6009,0,25,2008,1998,2498,0.102,0.02,2535.00,0.00
11.958,6010,0,25,2006,1996,2499,0.109,0.02,2531.00,0.00
11.960,6011,0,25,2008,1999,2497,0.109,0.03,2537.00,0.00
11.962,6012,0,25,2005,1996,2500,0.102,0.02,2531.00,0.00
11.964,6013,0,25,2005,1997,2500,0.109,0.02,2532.00,0.00
11.966,6014,0,25,2006,1998,2499,0.095,0.01,2532.00,0.00
11.968,6015,0,25,2006,1999,2498,0.102,0.01,2535.00,0.00
11.970,6016,0,25,2005,1997,2499,0.102,0.02,2532.00,0.00
11.972,6017,0,25,2004,1998,2498,0.102,0.02,2532.00,0.00
11.974,6018,0,25,2005,1998,2498,0.095,0.02,2534.00,0.00
11.976,6019,0,25,2004,1998,2499,0.095,0.03,2534.00,0.00
11.978,6020,0,25,2004,1996,2500,0.095,0.02,2532.00,0.00
11.980,6021,0,25,2005,1998,2499,0.109,0.02,2532.00,0.00
11.982,6022,0,25,2005,1998,2498,0.109,0.02,2534.00,0.00
11.984,6023,0,25,2004,1997,2499,0.102,0.00,2532.00,0.00
11.986,6024,0,25,2005,1999,2498,0.087,0.01,2535.00,0.00
11.988,6025,0,25,2005,1997,2500,0.102,0.02,2532.00,0.00
11.990,6026,0,25,2006,1997,2499,0.109,0.01,2534.00,0.00
11.992,6027,0,25,2007,1999,2497,0.109,0.02,2535.00,0.00
11.994,6028,0,25,2006,1997,2500,0.102,0.02,2532.00,0.00
11.996,6029,0,25,2007,1999,2499,0.102,0.02,2532.00,0.00
11.998,6030,0,25,2008,1998,2499,0.102,0.02,2532.00,0.00
12.000,6031,0,25,2008,1999,2498,0.102,0.01,2532.00,0.00
12.002,6032,0,25,2010,1999,2498,0.109,0.01,2541.00,0.00
12.004,6033,0,25,2008,1997,2499,0.102,0.02,2534.00,0.00
12.006,6034,0,25,2009,1997,2499,0.109,0.02,2540.00,0.00
12.008,6035,0,25,2010,1998,2499,0.087,0.02,2535.00,0.00
12.010,6036,0,25,2008,1997,2499,0.102,0.02,2538.00,0.00
12.012,6037,0,25,2009,1997,2500,0.102,0.02,2534.00,0.00
12.014,6038,0,25,2010,1999,2498,0.109,0.02,2541.00,0.00
12.016,6039,0,25,2009,1998,2499,0.102,0.01,2535.00,0.00
12.018,6040,0,25,2010,1998,2498,0.109,0.02,2541.00,0.00
12.020,6041,0,25,2009,1998,2499,0.102,0.02,2535.00,0.00
12.022,6042,0,25,2009,1997,2500,0.109,0.02,2538.00,0.00
12.024,6043,0,25,2008,1997,2499,0.102,0.02,2535.00,0.00
12.026,6044,0,25,2007,1997,2499,0.095,0.02,2538.00,0.00
12.028,6045,0,25,2006,1997,2500,0.102,0.02,2534.00,0.00
12.030,6046,0,25,2007,1999,2498,0.102,0.02,2540.00,0.00
12.032,6047,0,25,2007,1998,2498,0.109,0.02,2535.00,0.00
12.034,6048,0,25,2007,1998,2498,0.102,0.01,2541.00,0.00
12.036,6049,0,25,2006,1997,2497,0.109,0.02,2537.00,0.00
12.038,6050,0,25,2005,1998,2499,0.095,0.02,2540.00,0.00
12.040,6051,0,25,2006,1998,2499,0.102,0.01,2535.00,0.00
12.042,6052,0,25,2004,1997,2498,0.109,0.02,2540.00,0.00
12.044,6053,0,25,2005,1998,2498,0.102,0.02,2535.00,0.00
12.046,6054,0,25,2006,1999,2497,0.102,0.02,2544.00,0.00
12.048,6055,0,25,2005,1997,2498,0.102,0.02,2535.00,0.00
12.050,6056,0,25,2007,1999,2497,0.102,0.01,2543.00,0.00
12.052,6057,0,25,2006,1998,2498,0.095,0.00,2537.00,0.00
12.054,6058,0,25,2004,1997,2498,0.102,0.01,2540.00,0.00
12.056,6059,0,25,2006,1999,2497,0.102,0.02,2538.00,0.00
12.058,6060,0,25,2005,1997,2499,0.109,0.02,2538.00,0.00
12.060,6061,0,24,2006,1998,2500,0.095,0.02,2534.00,0.00
12.062,6062,0,24,2006,1997,2499,0.095,0.03,2540.00,0.00
12.064,6063,0,24,2007,1998,2499,0.102,0.02,2535.00,0.00
12.066,6064,0,24,2006,1997,2500,0.109,0.02,2538.00,0.00
12.068,6065,0,24,2008,1999,2498,0.102,0.01,2537.00,0.00
12.070,6066,0,24,2008,1998,2498,0.109,0.02,2541.00,0.00
12.072,6067,0,24,2008,1998,2498,0.109,0.02,2535.00,0.00
12.074,6068,0,24,2008,1998,2498,0.095,0.01,2541.00,0.00
12.076,6069,0,24,2009,1997,2500,0.109,0.03,2534.00,0.00
12.078,6070,0,24,2008,1997,2500,0.117,0.03,2540.00,0.00
12.080,6071,0,24,2009,1998,2499,0.102,0.02,2535.00,0.00
12.082,6072,0,24,2009,1997,2499,0.109,0.02,2541.00,0.00
12.084,6073,0,24,2010,1998,2498,0.109,0.02,2535.00,0.00
12.086,6074,0,24,2009,1997,2499,0.102,0.01,2540.00,0.00
12.088,6075,0,24,2010,1998,2498,0.095,0.02,2535.00,0.00
12.090,6076,0,24,2008,1997,2499,0.095,0.02,2540.00,0.00
12.092,6077,0,24,2009,1999,2499,0.102,0.02,2535.00,0.00
12.094,6078,0,24,2009,1998,2499,0.109,0.03,2540.00,0.00
12.096,6079,0,24,2008,1998,2500,0.102,0.02,2534.00,0.00
12.098,6080,0,24,2008,1997,2499,0.109,0.02,2540.00,0.00
12.100,6081,0,24,2008,1997,2499,0.102,0.02,2535.00,0.00
12.102,6082,0,24,2007,1998,2498,0.095,0.00,2534.00,0.00
12.104,6083,0,24,2007,1998,2498,0.095,0.02,2534.00,0.00
12.106,6084,0,24,2006,1996,2499,0.109,0.01,2534.00,0.00
12.108,6085,0,24,2006,1998,2499,0.102,0.02,2532.00,0.00
12.110,6086,0,24,2006,1998,2499,0.109,0.02,2534.00,0.00
12.112,6087,0,24,2006,1998,2499,0.095,0.02,2532.00,0.00
12.114,6088,0,24,2006,1999,2497,0.102,0.02,2535.00,0.00
12.116,6089,0,24,2005,1998,2498,0.109,0.02,2534.00,0.00
12.118,6090,0,24,2004,1997,2499,0.109,0.01,2531.00,0.00
12.120,6091,0,24,2006,1999,2498,0.095,0.02,2535.00,0.00
12.122,6092,0,24,2005,1998,2498,0.102,0.02,2535.00,0.00
12.124,6093,0,24,2006,1998,2497,0.095,0.02,2535.00,0.00
12.126,6094,0,24,2005,1998,2497,0.095,0.02,2534.00,0.00
12.128,6095,0,24,2006,1998,2499,0.095,0.02,2532.00,0.00
12.130,6096,0,24,2006,1998,2498,0.095,0.02,2534.00,0.00
12.132,6097,0,24,2006,1999,2497,0.102,0.02,2537.00,0.00
12.134,6098,0,24,2005,1996,2501,0.102,0.02,2532.00,0.00
12.136,6099,0,24,2007,1998,2498,0.109,0.02,2534.00,0.00
12.138,6100,0,24,2007,1997,2500,0.102,0.02,2532.00,0.00
12.140,6101,0,24,2007,1998,2497,0.102,0.02,2534.00,0.00
12.142,6102,0,24,2008,1998,2497,0.102,0.02,2535.00,0.00
12.144,6103,0,24,2007,1997,2500,0.087,0.02,2532.00,0.00
12.146,6104,0,24,2008,1999,2498,0.109,0.03,2535.00,0.00
12.148,6105,0,24,2009,1997,2499,0.102,0.02,2534.00,0.00
12.150,6106,0,24,2010,1997,2500,0.109,0.01,2532.00,0.00
12.152,6107,0,24,2009,1998,2499,0.102,0.01,2534.00,0.00
12.154,6108,0,24,2010,1999,2498,0.102,0.02,2534.00,0.00
12.156,6109,0,24,2008,1996,2500,0.102,0.02,2531.00,0.00
12.158,6110,0,24,2009,1997,2498,0.109,0.02,2534.00,0.00
12.160,6111,0,24,2009,1998,2498,0.095,0.02,2534.00,0.00
12.162,6112,0,24,2009,1999,2498,0.102,0.03,2535.00,0.00
12.164,6113,0,24,2009,1998,2498,0.109,0.02,2535.00,0.00
12.166,6114,0,24,2008,1997,2499,0.102,0.00,2532.00,0.00
12.168,6115,0,24,2007,1997,2499,0.102,0.01,2532.00,0.00
12.170,6116,0,24,2009,1999,2498,0.109,0.02,2535.00,0.00
12.172,6117,0,24,2006,1997,2500,0.109,0.03,2532.00,0.00
12.174,6118,0,24,2007,1998,2498,0.109,0.02,2535.00,0.00
12.176,6119,0,24,2006,1997,2498,0.102,0.02,2532.00,0.00
12.178,6120,0,24,2008,1998,2498,0.109,0.03,2534.00,0.00
12.180,6121,0,23,2006,1998,2499,0.109,0.01,2535.00,0.00
12.182,6122,0,23,2006,1999,2499,0.095,0.02,2534.00,0.00
12.184,6123,0,23,2007,1998,2497,0.102,0.01,2535.00,0.00
12.186,6124,0,23,2006,1997,2498,0.102,0.01,2532.00,0.00
12.188,6125,0,23,2005,1997,2500,0.102,0.02,2531.00,0.00
12.190,6126,0,23,2006,1998,2498,0.095,0.02,2534.00,0.00
12.192,6127,0,23,2005,1998,2499,0.095,0.02,2534.00,0.00
12.194,6128,0,23,2006,1998,2497,0.109,0.03,2534.00,0.00
12.196,6129,0,23,2004,1996,2499,0.102,0.02,2534.00,0.00
12.198,6130,0,23,2006,1998,2498,0.095,0.02,2534.00,0.00
12.200,6131,0,23,2007,1999,2497,0.109,0.01,2537.00,0.00
12.202,6132,0,23,2006,1998,2498,0.102,0.00,2540.00,0.00
12.204,6133,0,23,2006,1998,2499,0.095,0.02,2534.00,0.00
12.206,6134,0,23,2007,1998,2497,0.109,0.02,2543.00,0.00
12.208,6135,0,23,2008,1998,2498,0.109,0.02,2535.00,0.00
12.210,6136,0,23,2007,1998,2497,0.102,0.03,2541.00,0.00
12.212,6137,0,23,2008,1997,2499,0.109,0.02,2534.00,0.00
12.214,6138,0,23,2008,1997,2499,0.109,0.02,2541.00,0.00
12.216,6139,0,23,2009,1998,2499,0.095,0.02,2534.00,0.00
12.218,6140,0,23,2008,1997,2499,0.109,0.02,2538.00,0.00
12.220,6141,0,23,2007,1997,2498,0.087,0.01,2535.00,0.00
12.222,6142,0,23,2007,1997,2499,0.102,0.02,2541.00,0.00
12.224,6143,0,23,2007,1996,2499,0.102,0.01,2535.00,0.00
12.226,6144,0,23,2008,1997,2499,0.109,0.02,2538.00,0.00
12.228,6145,0,23,2008,1997,2499,0.095,0.02,2534.00,0.00
12.230,6146,0,23,2008,1997,2500,0.102,0.02,2537.00,0.00
12.232,6147,0,23,2009,1997,2498,0.109,0.02,2537.00,0.00
12.234,6148,0,23,2008,1998,2499,0.087,0.00,2540.00,0.00
12.236,6149,0,23,2008,1998,2499,0.087,0.00,2534.00,0.00
12.238,6150,0,23,2008,1998,2498,0.109,0.02,2541.00,0.00
12.240,6151,0,23,2007,1996,2501,0.102,0.02,2532.00,0.00
12.242,6152,0,23,2008,2000,2496,0.109,0.02,2544.00,0.00
12.244,6153,0,23,2007,1997,2499,0.109,0.03,2534.00,0.00
12.246,6154,0,23,2007,1997,2499,0.102,0.02,2540.00,0.00
12.248,6155,0,23,2008,1998,2498,0.102,0.02,2537.00,0.00
12.250,6156,0,23,2006,1997,2499,0.102,0.02,2538.00,0.00
12.252,6157,0,23,2005,1996,2499,0.102,0.01,2535.00,0.00
12.254,6158,0,23,2006,1998,2498,0.102,0.01,2540.00,0.00
12.256,6159,0,23,2006,1997,2500,0.102,0.02,2532.00,0.00
12.258,6160,0,23,2005,1997,2498,0.095,0.02,2540.00,0.00
12.260,6161,0,23,2007,1999,2498,0.109,0.03,2535.00,0.00
12.262,6162,0,23,2006,1998,2498,0.102,0.02,2540.00,0.00
12.264,6163,0,23,2005,1998,2500,0.102,0.02,2534.00,0.00
12.266,6164,0,23,2005,1997,2499,0.095,0.02,2540.00,0.00
12.268,6165,0,23,2007,1998,2499,0.102,0.02,2534.00,0.00
12.270,6166,0,23,2006,1997,2499,0.117,0.02,2538.00,0.00
12.272,6167,0,23,2005,1997,2498,0.087,0.01,2534.00,0.00
12.274,6168,0,23,2008,1999,2497,0.102,0.02,2543.00,0.00
12.276,6169,0,23,2007,1997,2499,0.102,0.02,2535.00,0.00
12.278,6170,0,23,2007,1997,2498,0.095,0.02,2540.00,0.00
12.280,6171,0,23,2007,1997,2499,0.102,0.01,2535.00,0.00
12.282,6172,0,23,2009,1999,2498,0.095,0.02,2540.00,0.00
12.284,6173,0,23,2009,2000,2497,0.102,0.01,2537.00,0.00
12.286,6174,0,23,2008,1997,2499,0.102,0.01,2540.00,0.00
12.288,6175,0,23,2007,1997,2498,0.102,0.02,2534.00,0.00
12.290,6176,0,23,2008,1998,2499,0.102,0.02,2540.00,0.00
12.292,6177,0,23,2008,1997,2500,0.102,0.02,2534.00,0.00
12.294,6178,0,23,2008,1998,2499,0.095,0.02,2540.00,0.00
12.296,6179,0,23,2009,1998,2499,0.109,0.02,2537.00,0.00
12.298,6180,0,23,2009,1998,2498,0.109,0.02,2541.00,0.00
12.300,6181,0,22,2007,1997,2499,0.109,0.01,2535.00,0.00
12.302,6182,0,22,2008,1998,2498,0.109,0.02,2534.00,0.00
12.304,6183,0,22,2007,1997,2499,0.095,0.02,2532.00,0.00
12.306,6184,0,22,2008,1998,2499,0.102,0.02,2534.00,0.00
12.308,6185,0,22,2008,1996,2500,0.109,0.02,2532.00,0.00
12.310,6186,0,22,2006,1996,2499,0.102,0.02,2531.00,0.00
12.312,6187,0,22,2007,1998,2499,0.095,0.02,2534.00,0.00
12.314,6188,0,22,2008,1998,2497,0.102,0.02,2537.00,0.00
12.316,6189,0,22,2007,1998,2499,0.102,0.02,2532.00,0.00
12.318,6190,0,22,2007,1998,2498,0.109,0.01,2534.00,0.00
12.320,6191,0,22,2005,1997,2499,0.109,0.01,2532.00,0.00
12.322,6192,0,22,2006,1998,2498,0.095,0.02,2534.00,0.00
12.324,6193,0,22,2008,1999,2497,0.109,0.02,2535.00,0.00
12.326,6194,0,22,2005,1996,2500,0.102,0.03,2532.00,0.00
12.328,6195,0,22,2005,1997,2498,0.117,0.03,2534.00,0.00
12.330,6196,0,22,2006,1998,2498,0.095,0.02,2534.00,0.00
12.332,6197,0,22,2006,1998,2498,0.109,0.02,2535.00,0.00
12.334,6198,0,22,2006,1998,2498,0.109,0.01,2534.00,0.00
12.336,6199,0,22,2005,1997,2499,0.102,0.00,2532.00,0.00
12.338,6200,0,22,2005,1997,2499,0.087,0.02,2534.00,0.00
12.340,6201,0,22,2007,1998,2497,0.102,0.02,2535.00,0.00
12.342,6202,0,22,2005,1996,2499,0.102,0.02,2534.00,0.00
12.344,6203,0,22,2006,1997,2499,0.109,0.03,2532.00,0.00
12.346,6204,0,22,2006,1999,2498,0.095,0.02,2534.00,0.00
12.348,6205,0,22,2007,1999,2498,0.095,0.02,2535.00,0.00
12.350,6206,0,22,2006,1997,2499,0.102,0.02,2532.00,0.00
12.352,6207,0,22,2007,1997,2499,0.102,0.00,2534.00,0.00
12.354,6208,0,22,2007,1998,2499,0.095,0.02,2534.00,0.00
12.356,6209,0,22,2008,1998,2499,0.102,0.02,2532.00,0.00
12.358,6210,0,22,2008,1997,2498,0.109,0.02,2534.00,0.00
12.360,6211,0,22,2007,1997,2499,0.109,0.04,2534.00,0.00
12.362,6212,0,22,2008,1997,2497,0.109,0.02,2534.00,0.00
12.364,6213,0,22,2007,1998,2499,0.102,0.02,2534.00,0.00
12.366,6214,0,22,2008,1998,2498,0.102,0.02,2535.00,0.00
12.368,6215,0,22,2007,1996,2500,0.102,0.01,2532.00,0.00
12.370,6216,0,22,2007,1997,2499,0.102,0.01,2534.00,0.00
12.372,6217,0,22,2008,1998,2499,0.095,0.02,2534.00,0.00
12.374,6218,0,22,2007,1998,2498,0.102,0.02,2535.00,0.00
12.376,6219,0,22,2008,1998,2498,0.102,0.02,2532.00,0.00
12.378,6220,0,22,2008,1997,2498,0.109,0.03,2532.00,0.00
12.380,6221,0,22,2007,1997,2499,0.095,0.01,2532.00,0.00
12.382,6222,0,22,2009,1999,2499,0.109,0.02,2534.00,0.00
12.384,6223,0,22,2007,1996,2499,0.109,0.02,2534.00,0.00
12.386,6224,0,22,2007,1997,2499,0.109,0.01,2532.00,0.00
12.388,6225,0,22,2006,1997,2500,0.087,0.02,2532.00,0.00
12.390,6226,0,22,2006,1999,2497,0.095,0.01,2537.00,0.00
12.392,6227,0,22,2005,1997,2499,0.102,0.02,2531.00,0.00
12.394,6228,0,22,2007,1998,2498,0.095,0.02,2534.00,0.00
12.396,6229,0,22,2006,1998,2499,0.102,0.02,2532.00,0.00
12.398,6230,0,22,2006,1998,2499,0.095,0.02,2534.00,0.00
12.400,6231,0,22,2007,1998,2497,0.102,0.00,2535.00,0.00
12.402,6232,0,22,2005,1996,2501,0.102,0.01,2538.00,0.00
12.404,6233,0,22,2005,1996,2499,0.109,0.02,2534.00,0.00
12.406,6234,0,22,2007,1999,2498,0.109,0.01,2540.00,0.00
12.408,6235,0,22,2005,1996,2500,0.109,0.02,2532.00,0.00
12.410,6236,0,22,2006,1998,2499,0.087,0.02,2540.00,0.00
12.412,6237,0,22,2007,1999,2498,0.095,0.02,2535.00,0.00
12.414,6238,0,22,2006,1997,2499,0.102,0.02,2538.00,0.00
12.416,6239,0,22,2006,1997,2499,0.102,0.01,2534.00,0.00
12.418,6240,0,22,2007,1997,2499,0.095,0.00,2540.00,0.00
12.420,6241,0,21,2007,1998,2498,0.102,0.02,2537.00,0.00
12.422,6242,0,21,2006,1996,2500,0.102,0.02,2538.00,0.00
12.424,6243,0,21,2005,1996,2500,0.102,0.02,2532.00,0.00
12.426,6244,0,21,2009,1999,2497,0.095,0.02,2543.00,0.00
12.428,6245,0,21,2007,1998,2498,0.102,0.02,2535.00,0.00
12.430,6246,0,21,2007,1996,2500,0.109,0.02,2538.00,0.00
12.432,6247,0,21,2009,1999,2497,0.102,0.02,2538.00,0.00
12.434,6248,0,21,2008,1998,2500,0.109,0.02,2540.00,0.00
12.436,6249,0,21,2007,1996,2500,0.109,0.02,2532.00,0.00
12.438,6250,0,21,2008,1997,2499,0.109,0.02,2540.00,0.00
12.440,6251,0,21,2007,1996,2500,0.109,0.02,2534.00,0.00
12.442,6252,0,21,2007,1997,2499,0.109,0.02,2538.00,0.00
12.444,6253,0,21,2008,1998,2500,0.087,0.02,2534.00,0.00
12.446,6254,0,21,2008,1997,2500,0.102,0.02,2538.00,0.00
12.448,6255,0,21,2008,1998,2499,0.087,0.02,2534.00,0.00
12.450,6256,0,21,2007,1997,2499,0.102,0.01,2538.00,0.00
12.452,6257,0,21,2008,1997,2499,0.102,0.00,2535.00,0.00
12.454,6258,0,21,2006,1997,2498,0.087,0.02,2540.00,0.00
12.456,6259,0,21,2007,1998,2498,0.102,0.02,2537.00,0.00
12.458,6260,0,21,2008,1998,2498,0.109,0.02,2540.00,0.00
12.460,6261,0,21,2006,1997,2499,0.109,0.02,2535.00,0.00
12.462,6262,0,21,2008,1999,2497,0.095,0.02,2543.00,0.00
12.464,6263,0,21,2007,1999,2498,0.102,0.02,2537.00,0.00
12.466,6264,0,21,2006,1998,2499,0.102,0.01,2540.00,0.00
12.468,6265,0,21,2005,1998,2499,0.095,0.01,2535.00,0.00
12.470,6266,0,21,2006,1998,2498,0.095,0.02,2540.00,0.00
12.472,6267,0,21,2005,1997,2498,0.102,0.01,2537.00,0.00
12.474,6268,0,21,2006,1997,2498,0.102,0.01,2540.00,0.00
12.476,6269,0,21,2006,1997,2498,0.102,0.02,2535.00,0.00
12.478,6270,0,21,2005,1997,2500,0.102,0.02,2538.00,0.00
12.480,6271,0,21,2005,1997,2499,0.102,0.02,2535.00,0.00
12.482,6272,0,21,2006,1998,2499,0.095,0.02,2540.00,0.00
12.484,6273,0,21,2005,1996,2500,0.109,0.01,2532.00,0.00
12.486,6274,0,21,2006,1998,2498,0.087,0.01,2538.00,0.00
12.488,6275,0,21,2006,1997,2498,0.102,0.02,2535.00,0.00
12.490,6276,0,21,2007,1999,2497,0.102,0.00,2541.00,0.00
12.492,6277,0,21,2008,1998,2498,0.095,0.01,2535.00,0.00
12.494,6278,0,21,2007,1999,2498,0.102,0.03,2541.00,0.00
12.496,6279,0,21,2008,1997,2499,0.109,0.02,2532.00,0.00
12.498,6280,0,21,2007,1996,2498,0.102,0.02,2540.00,0.00
12.500,6281,0,21,2007,1997,2500,0.102,0.00,2534.00,0.00
12.502,6282,0,21,2008,1999,2497,0.095,0.01,2535.00,0.00
12.504,6283,0,21,2007,1996,2499,0.102,0.02,2532.00,0.00
12.506,6284,0,21,2007,1997,2499,0.102,0.01,2534.00,0.00
12.508,6285,0,21,2008,1999,2498,0.073,0.01,2535.00,0.00
12.510,6286,0,21,2007,1997,2500,0.095,0.02,2532.00,0.00
12.512,6287,0,21,2008,1999,2498,0.109,0.03,2535.00,0.00
12.514,6288,0,21,2007,1996,2500,0.102,0.02,2531.00,0.00
12.516,6289,0,21,2007,1996,2500,0.102,0.02,2531.00,0.00
12.518,6290,0,21,2008,1998,2498,0.095,0.00,2534.00,0.00
12.520,6291,0,21,2008,1998,2499,0.102,0.01,2534.00,0.00
12.522,6292,0,21,2008,1998,2498,0.095,0.02,2534.00,0.00
12.524,6293,0,21,2009,1998,2498,0.095,0.01,2532.00,0.00
12.526,6294,0,21,2007,1997,2499,0.087,0.02,2534.00,0.00
12.528,6295,0,21,2007,1998,2499,0.102,0.02,2532.00,0.00
12.530,6296,0,21,2008,1998,2499,0.102,0.02,2532.00,0.00
12.532,6297,0,21,2006,1996,2500,0.102,0.02,2532.00,0.00
12.534,6298,0,21,2007,1998,2499,0.109,0.01,2534.00,0.00
12.536,6299,0,21,2006,1998,2500,0.095,0.00,2532.00,0.00
12.538,6300,0,21,2007,1999,2496,0.102,0.02,2535.00,0.00
12.540,6301,0,20,2006,1996,2499,0.102,0.02,2532.00,0.00
12.542,6302,0,20,2006,1997,2499,0.102,0.02,2534.00,0.00
12.544,6303,0,20,2006,1998,2498,0.087,0.02,2532.00,0.00
12.546,6304,0,20,2005,1997,2500,0.095,0.02,2532.00,0.00
12.548,6305,0,20,2006,1997,2499,0.095,0.02,2532.00,0.00
12.550,6306,0,20,2006,1997,2499,0.102,0.02,2532.00,0.00
12.552,6307,0,20,2006,1997,2499,0.087,0.01,2532.00,0.00
12.554,6308,0,20,2008,2000,2497,0.095,0.01,2535.00,0.00
12.556,6309,0,20,2006,1997,2498,0.102,0.02,2531.00,0.00
12.558,6310,0,20,2005,1996,2499,0.109,0.02,2532.00,0.00
12.560,6311,0,20,2006,1997,2499,0.087,0.02,2534.00,0.00
12.562,6312,0,20,2007,1998,2499,0.102,0.02,2534.00,0.00
12.564,6313,0,20,2008,1998,2498,0.102,0.02,2532.00,0.00
12.566,6314,0,20,2007,1998,2499,0.102,0.01,2532.00,0.00
12.568,6315,0,20,2005,1996,2500,0.102,0.00,2531.00,0.00
12.570,6316,0,20,2009,2000,2497,0.102,0.01,2537.00,0.00
12.572,6317,0,20,2007,1998,2499,0.102,0.01,2532.00,0.00
12.574,6318,0,20,2006,1996,2500,0.109,0.01,2531.00,0.00
12.576,6319,0,20,2008,1998,2499,0.095,0.02,2532.00,0.00
12.578,6320,0,20,2007,1997,2500,0.102,0.02,2531.00,0.00
12.580,6321,0,20,2007,1997,2499,0.102,0.01,2531.00,0.00
12.582,6322,0,20,2009,1999,2498,0.095,0.01,2534.00,0.00
12.584,6323,0,20,2007,1996,2500,0.095,0.00,2532.00,0.00
12.586,6324,0,20,2009,1998,2498,0.095,0.00,2534.00,0.00
12.588,6325,0,20,2008,1998,2498,0.102,0.02,2534.00,0.00
12.590,6326,0,20,2007,1996,2500,0.109,0.02,2531.00,0.00
12.592,6327,0,20,2007,1998,2499,0.095,0.02,2532.00,0.00
12.594,6328,0,20,2007,1998,2498,0.102,0.03,2534.00,0.00
12.596,6329,0,20,2007,1997,2500,0.102,0.02,2531.00,0.00
12.598,6330,0,20,2007,1997,2499,0.102,0.01,2532.00,0.00
12.600,6331,0,20,2007,1998,2499,0.095,0.01,2534.00,0.00
12.602,6332,0,20,2007,1998,2497,0.095,0.00,2541.00,0.00
12.604,6333,0,20,2007,1998,2499,0.095,0.01,2535.00,0.00
12.606,6334,0,20,2005,1996,2499,0.102,0.02,2538.00,0.00
12.608,6335,0,20,2006,1997,2498,0.102,0.02,2535.00,0.00
12.610,6336,0,20,2006,1997,2500,0.095,0.02,2538.00,0.00
12.612,6337,0,20,2005,1996,2501,0.109,0.02,2532.00,0.00
12.614,6338,0,20,2006,1998,2498,0.095,0.02,2540.00,0.00
12.616,6339,0,20,2005,1997,2500,0.087,0.02,2534.00,0.00
12.618,6340,0,20,2006,1997,2499,0.102,0.01,2540.00,0.00
12.620,6341,0,20,2007,1999,2497,0.095,0.01,2538.00,0.00
12.622,6342,0,20,2005,1997,2499,0.102,0.01,2541.00,0.00
12.624,6343,0,20,2006,1996,2499,0.102,0.02,2534.00,0.00
12.626,6344,0,20,2006,1998,2498,0.102,0.02,2541.00,0.00
12.628,6345,0,20,2006,1997,2500,0.095,0.02,2534.00,0.00
12.630,6346,0,20,2005,1997,2499,0.109,0.01,2540.00,0.00
12.632,6347,0,20,2005,1996,2500,0.073,0.00,2534.00,0.00
12.634,6348,0,20,2008,1999,2498,0.109,0.02,2541.00,0.00
12.636,6349,0,20,2007,1998,2497,0.109,0.01,2537.00,0.00
12.638,6350,0,20,2007,1997,2498,0.102,0.02,2541.00,0.00
12.640,6351,0,20,2007,1998,2498,0.102,0.01,2537.00,0.00
12.642,6352,0,20,2005,1996,2500,0.095,0.02,2538.00,0.00
12.644,6353,0,20,2008,1998,2498,0.102,0.02,2537.00,0.00
12.646,6354,0,20,2008,1997,2499,0.102,0.02,2540.00,0.00
12.648,6355,0,20,2006,1996,2499,0.095,0.01,2532.00,0.00
12.650,6356,0,20,2009,1998,2498,0.109,0.02,2541.00,0.00
12.652,6357,0,20,2008,1998,2499,0.095,0.00,2534.00,0.00
12.654,6358,0,20,2007,1997,2499,0.109,0.02,2540.00,0.00
12.656,6359,0,20,2008,1998,2498,0.102,0.01,2537.00,0.00
12.658,6360,0,20,2006,1996,2499,0.102,0.02,2540.00,0.00
12.660,6361,0,19,2008,1998,2498,0.095,0.02,2535.00,0.00
12.662,6362,0,19,2008,1997,2499,0.109,0.02,2540.00,0.00
12.664,6363,0,19,2008,1997,2498,0.102,0.01,2535.00,0.00
12.666,6364,0,19,2007,1997,2499,0.095,0.01,2538.00,0.00
12.668,6365,0,19,2008,1998,2499,0.102,0.00,2534.00,0.00
12.670,6366,0,19,2006,1997,2498,0.102,0.02,2540.00,0.00
12.672,6367,0,19,2008,1998,2498,0.095,0.01,2537.00,0.00
12.674,6368,0,19,2007,1998,2499,0.102,0.02,2540.00,0.00
12.676,6369,0,19,2007,1997,2498,0.102,0.01,2537.00,0.00
12.678,6370,0,19,2008,1999,2497,0.109,0.02,2540.00,0.00
12.680,6371,0,19,2006,1998,2498,0.102,0.02,2535.00,0.00
12.682,6372,0,19,2006,1998,2498,0.095,0.02,2540.00,0.00
12.684,6373,0,19,2007,1999,2497,0.095,0.01,2537.00,0.00
12.686,6374,0,19,2005,1996,2500,0.102,0.00,2538.00,0.00
12.688,6375,0,19,2006,1997,2499,0.109,0.01,2535.00,0.00
12.690,6376,0,19,2006,1998,2498,0.102,0.02,2540.00,0.00
12.692,6377,0,19,2006,1997,2500,0.102,0.02,2532.00,0.00
12.694,6378,0,19,2006,1998,2500,0.109,0.02,2538.00,0.00
12.696,6379,0,19,2006,1998,2499,0.102,0.02,2535.00,0.00
12.698,6380,0,19,2006,1997,2498,0.102,0.02,2541.00,0.00
12.700,6381,0,19,2007,1998,2499,0.095,0.01,2534.00,0.00
12.702,6382,0,19,2006,1996,2499,0.102,0.01,2531.00,0.00
12.704,6383,0,19,2006,1998,2499,0.102,0.01,2532.00,0.00
12.706,6384,0,19,2007,1998,2498,0.102,0.02,2534.00,0.00
12.708,6385,0,19,2006,1996,2499,0.102,0.02,2532.00,0.00
12.710,6386,0,19,2007,1997,2498,0.102,0.02,2534.00,0.00
12.712,6387,0,19,2007,1998,2499,0.087,0.02,2534.00,0.00
12.714,6388,0,19,2009,1999,2497,0.102,0.01,2535.00,0.00
12.716,6389,0,19,2009,1998,2499,0.102,0.02,2532.00,0.00
12.718,6390,0,19,2008,1998,2499,0.102,0.00,2532.00,0.00
12.720,6391,0,19,2008,1999,2498,0.095,0.02,2534.00,0.00
12.722,6392,0,19,2008,1999,2498,0.102,0.01,2535.00,0.00
12.724,6393,0,19,2007,1996,2501,0.102,0.02,2531.00,0.00
12.726,6394,0,19,2008,1998,2499,0.102,0.02,2534.00,0.00
12.728,6395,0,19,2007,1997,2500,0.095,0.02,2531.00,0.00
12.730,6396,0,19,2008,1998,2499,0.109,0.02,2532.00,0.00
12.732,6397,0,19,2008,1998,2499,0.102,0.01,2535.00,0.00
12.734,6398,0,19,2008,1998,2499,0.087,0.02,2532.00,0.00
12.736,6399,0,19,2007,1998,2499,0.095,0.00,2532.00,0.00
12.738,6400,0,19,2007,1997,2499,0.095,0.02,2532.00,0.00
12.740,6401,0,19,2007,1997,2499,0.095,0.02,2532.00,0.00
12.742,6402,0,19,2007,1998,2499,0.087,0.02,2534.00,0.00
12.744,6403,0,19,2008,1999,2498,0.095,0.02,2535.00,0.00
12.746,6404,0,19,2008,1998,2498,0.109,0.02,2532.00,0.00
12.748,6405,0,19,2007,1997,2500,0.109,0.02,2531.00,0.00
12.750,6406,0,19,2007,1998,2499,0.102,0.01,2532.00,0.00
12.752,6407,0,19,2008,1999,2497,0.109,0.00,2537.00,0.00
12.754,6408,0,19,2006,1998,2498,0.102,0.02,2532.00,0.00
12.756,6409,0,19,2006,1997,2498,0.102,0.01,2534.00,0.00
12.758,6410,0,19,2007,1998,2498,0.109,0.02,2534.00,0.00
12.760,6411,0,19,2006,1997,2499,0.087,0.02,2532.00,0.00
12.762,6412,0,19,2007,1999,2498,0.095,0.03,2535.00,0.00
12.764,6413,0,19,2007,1998,2499,0.102,0.02,2532.00,0.00
12.766,6414,0,19,2005,1996,2499,0.102,0.02,2531.00,0.00
12.768,6415,0,19,2006,1998,2499,0.087,0.02,2532.00,0.00
12.770,6416,0,19,2007,1999,2497,0.102,0.02,2535.00,0.00
12.772,6417,0,19,2006,1997,2498,0.102,0.02,2532.00,0.00
12.774,6418,0,19,2006,1997,2498,0.102,0.01,2534.00,0.00
12.776,6419,0,19,2006,1997,2499,0.109,0.02,2531.00,0.00
12.778,6420,0,19,2008,1999,2498,0.095,0.02,2534.00,0.00
12.780,6421,0,18,2008,1999,2497,0.102,0.02,2535.00,0.00
12.782,6422,0,18,2007,1998,2499,0.102,0.02,2532.00,0.00
12.784,6423,0,18,2008,1998,2498,0.102,0.01,2534.00,0.00
12.786,6424,0,18,2007,1998,2498,0.087,0.00,2534.00,0.00
12.788,6425,0,18,2007,1998,2498,0.095,0.01,2534.00,0.00
12.790,6426,0,18,2008,1998,2498,0.109,0.02,2532.00,0.00
12.792,6427,0,18,2007,1997,2498,0.102,0.00,2534.00,0.00
12.794,6428,0,18,2008,1998,2499,0.109,0.02,2534.00,0.00
12.796,6429,0,18,2007,1997,2499,0.095,0.02,2532.00,0.00
12.798,6430,0,18,2008,1999,2497,0.102,0.02,2535.00,0.00
12.800,6431,0,18,2009,1997,2500,0.102,0.00,2532.00,0.00
12.802,6432,0,18,2006,1997,2499,0.109,0.01,2540.00,0.00
12.804,6433,0,18,2007,1997,2498,0.095,0.01,2537.00,0.00
12.806,6434,0,18,2007,1997,2498,0.102,0.01,2540.00,0.00
12.808,6435,0,18,2007,1998,2498,0.102,0.02,2535.00,0.00
12.810,6436,0,18,2008,2000,2497,0.102,0.02,2543.00,0.00
12.812,6437,0,18,2007,1997,2498,0.102,0.02,2535.00,0.00
12.814,6438,0,18,2006,1996,2500,0.095,0.01,2538.00,0.00
12.816,6439,0,18,2008,2000,2497,0.109,0.02,2540.00,0.00
12.818,6440,0,18,2007,1998,2499,0.102,0.01,2540.00,0.00
12.820,6441,0,18,2006,1996,2498,0.109,0.01,2535.00,0.00
12.822,6442,0,18,2007,1998,2498,0.102,0.01,2540.00,0.00
12.824,6443,0,18,2007,1998,2498,0.102,0.02,2534.00,0.00
12.826,6444,0,18,2007,1998,2498,0.117,0.02,2540.00,0.00
12.828,6445,0,18,2007,1998,2498,0.095,0.02,2535.00,0.00
12.830,6446,0,18,2007,1998,2498,0.102,0.01,2541.00,0.00
12.832,6447,0,18,2007,1999,2498,0.087,0.02,2535.00,0.00
12.834,6448,0,18,2006,1998,2499,0.095,0.00,2540.00,0.00
12.836,6449,0,18,2006,1997,2498,0.102,0.01,2535.00,0.00
12.838,6450,0,18,2005,1996,2498,0.102,0.01,2540.00,0.00
12.840,6451,0,18,2006,1998,2498,0.095,0.00,2535.00,0.00
12.842,6452,0,18,2006,1997,2500,0.102,0.02,2540.00,0.00
12.844,6453,0,18,2007,1998,2499,0.109,0.02,2535.00,0.00
12.846,6454,0,18,2006,1997,2499,0.102,0.02,2538.00,0.00
12.848,6455,0,18,2006,1998,2498,0.102,0.02,2535.00,0.00
12.850,6456,0,18,2007,1997,2498,0.095,0.01,2541.00,0.00
12.852,6457,0,18,2006,1998,2498,0.102,0.01,2534.00,0.00
12.854,6458,0,18,2007,1999,2498,0.109,0.02,2541.00,0.00
12.856,6459,0,18,2007,1997,2499,0.102,0.02,2534.00,0.00
12.858,6460,0,18,2007,1997,2499,0.109,0.01,2538.00,0.00
12.860,6461,0,18,2007,1998,2498,0.102,0.02,2537.00,0.00
12.862,6462,0,18,2007,1997,2500,0.102,0.02,2540.00,0.00
12.864,6463,0,18,2007,1998,2497,0.109,0.01,2535.00,0.00
12.866,6464,0,18,2008,1998,2498,0.102,0.01,2541.00,0.00
12.868,6465,0,18,2007,1997,2499,0.102,0.01,2535.00,0.00
12.870,6466,0,18,2008,1998,2498,0.102,0.01,2540.00,0.00
12.872,6467,0,18,2007,1997,2498,0.102,0.01,2535.00,0.00
12.874,6468,0,18,2006,1996,2499,0.102,0.02,2538.00,0.00
12.876,6469,0,18,2006,1998,2499,0.102,0.01,2534.00,0.00
12.878,6470,0,18,2008,1997,2499,0.102,0.03,2540.00,0.00
12.880,6471,0,18,2008,1998,2499,0.117,0.02,2537.00,0.00
12.882,6472,0,18,2007,1998,2499,0.087,0.02,2540.00,0.00
12.884,6473,0,18,2008,1997,2498,0.109,0.01,2534.00,0.00
12.886,6474,0,18,2008,1998,2499,0.095,0.01,2540.00,0.00
12.888,6475,0,18,2007,1997,2499,0.102,0.01,2535.00,0.00
12.890,6476,0,18,2007,1999,2497,0.102,0.01,2541.00,0.00
12.892,6477,0,18,2006,1997,2499,0.102,0.02,2534.00,0.00
12.894,6478,0,18,2006,1998,2498,0.095,0.02,2540.00,0.00
12.896,6479,0,18,2007,1997,2499,0.102,0.02,2535.00,0.00
12.898,6480,0,18,2007,1998,2498,0.109,0.02,2538.00,0.00
12.900,6481,0,17,2008,1998,2498,0.109,0.01,2535.00,0.00
12.902,6482,0,17,2009,2000,2496,0.109,0.02,2540.00,0.00
12.904,6483,0,17,2006,1998,2498,0.102,0.02,2532.00,0.00
12.906,6484,0,17,2007,1999,2497,0.102,0.01,2534.00,0.00
12.908,6485,0,17,2006,1998,2498,0.095,0.02,2532.00,0.00
12.910,6486,0,17,2006,1998,2498,0.095,0.02,2534.00,0.00
12.912,6487,0,17,2007,1999,2498,0.109,0.02,2534.00,0.00
12.914,6488,0,17,2007,1998,2499,0.102,0.02,2531.00,0.00
12.916,6489,0,17,2007,1998,2498,0.102,0.02,2534.00,0.00
12.918,6490,0,17,2007,1999,2497,0.102,0.00,2534.00,0.00
12.920,6491,0,17,2006,1998,2498,0.102,0.02,2535.00,0.00
12.922,6492,0,17,2008,1999,2498,0.109,0.02,2534.00,0.00
12.924,6493,0,17,2007,1998,2498,0.109,0.02,2534.00,0.00
12.926,6494,0,17,2007,1998,2498,0.095,0.02,2534.00,0.00
12.928,6495,0,17,2007,1998,2497,0.102,0.02,2534.00,0.00
12.930,6496,0,17,2008,1999,2498,0.095,0.01,2535.00,0.00
12.932,6497,0,17,2008,1998,2499,0.102,0.02,2534.00,0.00
12.934,6498,0,17,2008,1998,2497,0.109,0.01,2535.00,0.00
12.936,6499,0,17,2007,1998,2498,0.095,0.00,2532.00,0.00
12.938,6500,0,17,2009,1999,2496,0.109,0.02,2538.00,0.00
12.940,6501,0,17,2006,1996,2499,0.102,0.01,2534.00,0.00
12.942,6502,0,17,2008,1999,2498,0.102,0.02,2535.00,0.00
12.944,6503,0,17,2007,1998,2498,0.095,0.02,2534.00,0.00
12.946,6504,0,17,2008,1998,2498,0.102,0.02,2534.00,0.00
12.948,6505,0,17,2008,1998,2497,0.109,0.02,2535.00,0.00
12.950,6506,0,17,2007,1997,2499,0.102,0.01,2531.00,0.00
12.952,6507,0,17,2007,1997,2498,0.109,0.01,2534.00,0.00
12.954,6508,0,17,2006,1997,2499,0.109,0.02,2532.00,0.00
12.956,6509,0,17,2007,1998,2498,0.109,0.02,2535.00,0.00
12.958,6510,0,17,2007,1997,2499,0.109,0.02,2532.00,0.00
12.960,6511,0,17,2007,1998,2497,0.109,0.02,2537.00,0.00
12.962,6512,0,17,2007,1999,2498,0.095,0.02,2534.00,0.00
12.964,6513,0,17,2007,1998,2498,0.102,0.01,2535.00,0.00
12.966,6514,0,17,2007,1998,2497,0.102,0.01,2535.00,0.00
12.968,6515,0,17,2007,1998,2497,0.102,0.01,2532.00,0.00
12.970,6516,0,17,2006,1998,2496,0.095,0.02,2535.00,0.00
12.972,6517,0,17,2007,1998,2496,0.102,0.02,2537.00,0.00
12.974,6518,0,17,2007,1998,2497,0.109,0.02,2532.00,0.00
12.976,6519,0,17,2005,1997,2499,0.109,0.02,2532.00,0.00
12.978,6520,0,17,2007,1999,2498,0.095,0.02,2534.00,0.00
12.980,6521,0,17,2008,2000,2497,0.102,0.01,2537.00,0.00
12.982,6522,0,17,2006,1998,2497,0.109,0.02,2534.00,0.00
12.984,6523,0,17,2007,1998,2498,0.102,0.01,2534.00,0.00
12.986,6524,0,17,2007,1998,2498,0.117,0.01,2534.00,0.00
12.988,6525,0,17,2005,1998,2498,0.102,0.02,2532.00,0.00
12.990,6526,0,17,2008,1999,2497,0.102,0.02,2537.00,0.00
12.992,6527,0,17,2006,1997,2500,0.109,0.02,2532.00,0.00
12.994,6528,0,17,2008,1997,2498,0.109,0.02,2534.00,0.00
12.996,6529,0,17,2008,1999,2497,0.102,0.03,2535.00,0.00
12.998,6530,0,17,2008,1999,2497,0.102,0.03,2537.00,0.00
13.000,6531,0,17,2007,1997,2498,0.102,0.01,2532.00,0.00
13.002,6532,0,17,2007,1999,2498,0.109,0.00,2540.00,0.00
13.004,6533,0,17,2007,1998,2498,0.102,0.02,2535.00,0.00
13.006,6534,0,17,2009,1999,2496,0.102,0.02,2544.00,0.00
13.008,6535,0,17,2007,1998,2499,0.109,0.02,2535.00,0.00
13.010,6536,0,17,2008,1997,2498,0.109,0.02,2540.00,0.00
13.012,6537,0,17,2008,1999,2498,0.102,0.02,2535.00,0.00
13.014,6538,0,17,2009,1999,2499,0.102,0.02,2540.00,0.00
13.016,6539,0,17,2007,1998,2498,0.109,0.02,2535.00,0.00
13.018,6540,0,17,2007,1997,2499,0.102,0.00,2540.00,0.00
13.020,6541,0,16,2008,1997,2498,0.117,0.02,2537.00,0.00
13.022,6542,0,16,2008,1999,2498,0.102,0.02,2540.00,0.00
13.024,6543,0,16,2007,1998,2498,0.109,0.02,2534.00,0.00
13.026,6544,0,16,2007,1997,2498,0.102,0.02,2541.00,0.00
13.028,6545,0,16,2007,1998,2498,0.095,0.03,2534.00,0.00
13.030,6546,0,16,2008,1998,2498,0.117,0.02,2540.00,0.00
13.032,6547,0,16,2007,1997,2499,0.109,0.02,2534.00,0.00
13.034,6548,0,16,2008,1999,2498,0.102,0.02,2538.00,0.00
13.036,6549,0,16,2006,1997,2499,0.109,0.02,2534.00,0.00
13.038,6550,0,16,2007,1998,2498,0.095,0.01,2541.00,0.00
13.040,6551,0,16,2006,1997,2498,0.102,0.01,2534.00,0.00
13.042,6552,0,16,2007,1998,2499,0.109,0.02,2540.00,0.00
13.044,6553,0,16,2006,1998,2499,0.109,0.02,2534.00,0.00
13.046,6554,0,16,2008,1999,2497,0.102,0.03,2541.00,0.00
13.048,6555,0,16,2007,1997,2499,0.102,0.02,2532.00,0.00
13.050,6556,0,16,2006,1997,2499,0.109,0.01,2540.00,0.00
13.052,6557,0,16,2006,1998,2498,0.095,0.00,2535.00,0.00
13.054,6558,0,16,2006,1998,2498,0.095,0.02,2541.00,0.00
13.056,6559,0,16,2006,1997,2499,0.109,0.02,2534.00,0.00
13.058,6560,0,16,2007,1997,2499,0.117,0.02,2540.00,0.00
13.060,6561,0,16,2008,1999,2498,0.109,0.02,2537.00,0.00
13.062,6562,0,16,2006,1996,2500,0.102,0.02,2538.00,0.00
13.064,6563,0,16,2007,1998,2499,0.117,0.02,2534.00,0.00
13.066,6564,0,16,2006,1998,2499,0.095,0.02,2538.00,0.00
13.068,6565,0,16,2006,1997,2499,0.109,0.01,2534.00,0.00
13.070,6566,0,16,2007,1997,2498,0.109,0.01,2540.00,0.00
13.072,6567,0,16,2006,1996,2498,0.095,0.02,2535.00,0.00
13.074,6568,0,16,2006,1997,2499,0.102,0.01,2540.00,0.00
13.076,6569,0,16,2007,1997,2498,0.102,0.02,2535.00,0.00
13.078,6570,0,16,2008,1999,2496,0.109,0.04,2543.00,0.00
13.080,6571,0,16,2008,1998,2498,0.102,0.02,2537.00,0.00
13.082,6572,0,16,2007,1997,2499,0.109,0.02,2540.00,0.00
13.084,6573,0,16,2007,1998,2498,0.109,0.02,2535.00,0.00
13.086,6574,0,16,2007,1998,2499,0.102,0.01,2540.00,0.00
13.088,6575,0,16,2006,1996,2498,0.109,0.02,2535.00,0.00
13.090,6576,0,16,2007,1998,2498,0.109,0.02,2540.00,0.00
13.092,6577,0,16,2008,1999,2497,0.102,0.02,2538.00,0.00
13.094,6578,0,16,2007,1997,2499,0.109,0.02,2540.00,0.00
13.096,6579,0,16,2007,1998,2498,0.095,0.03,2535.00,0.00
13.098,6580,0,16,2007,1998,2499,0.109,0.02,2540.00,0.00
13.100,6581,0,16,2007,1998,2499,0.095,0.00,2534.00,0.00
13.102,6582,0,16,2006,1998,2498,0.102,0.01,2534.00,0.00
13.104,6583,0,16,2007,1999,2497,0.109,0.02,2535.00,0.00
13.106,6584,0,16,2007,1997,2498,0.102,0.01,2534.00,0.00
13.108,6585,0,16,2007,1997,2498,0.102,0.01,2534.00,0.00
13.110,6586,0,16,2007,1998,2497,0.095,0.02,2534.00,0.00
13.112,6587,0,16,2007,1999,2497,0.109,0.02,2535.00,0.00
13.114,6588,0,16,2007,1998,2499,0.102,0.01,2532.00,0.00
13.116,6589,0,16,2006,1997,2498,0.102,0.01,2532.00,0.00
13.118,6590,0,16,2006,1997,2499,0.109,0.01,2534.00,0.00
13.120,6591,0,16,2007,1999,2497,0.095,0.02,2534.00,0.00
13.122,6592,0,16,2007,1999,2497,0.102,0.02,2534.00,0.00
13.124,6593,0,16,2006,1998,2499,0.109,0.02,2532.00,0.00
13.126,6594,0,16,2007,1998,2497,0.117,0.02,2534.00,0.00
13.128,6595,0,16,2006,1998,2498,0.095,0.02,2534.00,0.00
13.130,6596,0,16,2008,1999,2498,0.102,0.02,2535.00,0.00
13.132,6597,0,16,2007,1998,2499,0.095,0.02,2532.00,0.00
13.134,6598,0,16,2007,1998,2498,0.109,0.00,2534.00,0.00
13.136,6599,0,16,2006,1997,2499,0.095,0.01,2532.00,0.00
13.138,6600,0,16,2007,1998,2497,0.095,0.02,2535.00,0.00
13.140,6601,0,15,2008,1999,2497,0.109,0.02,2535.00,0.00
13.142,6602,0,15,2007,1997,2498,0.109,0.02,2534.00,0.00
13.144,6603,0,15,2007,1997,2499,0.109,0.02,2534.00,0.00
13.146,6604,0,15,2007,1997,2499,0.109,0.02,2532.00,0.00
13.148,6605,0,15,2007,1997,2499,0.117,0.03,2532.00,0.00
13.150,6606,0,15,2008,1998,2499,0.102,0.00,2534.00,0.00
13.152,6607,0,15,2007,1998,2499,0.087,0.01,2534.00,0.00
13.154,6608,0,15,2007,1998,2499,0.102,0.02,2532.00,0.00
13.156,6609,0,15,2008,1997,2498,0.109,0.02,2532.00,0.00
13.158,6610,0,15,2007,1996,2500,0.102,0.02,2531.00,0.00
13.160,6611,0,15,2006,1997,2499,0.095,0.03,2534.00,0.00
13.162,6612,0,15,2008,1998,2499,0.095,0.02,2534.00,0.00
13.164,6613,0,15,2007,1996,2500,0.109,0.02,2532.00,0.00
13.166,6614,0,15,2007,1997,2499,0.109,0.01,2531.00,0.00
13.168,6615,0,15,2007,1998,2499,0.095,0.01,2531.00,0.00
13.170,6616,0,15,2008,1999,2498,0.102,0.02,2535.00,0.00
13.172,6617,0,15,2007,1998,2498,0.102,0.01,2532.00,0.00
13.174,6618,0,15,2007,1997,2498,0.102,0.01,2534.00,0.00
13.176,6619,0,15,2006,1997,2499,0.109,0.02,2532.00,0.00
13.178,6620,0,15,2008,1999,2498,0.102,0.04,2535.00,0.00
13.180,6621,0,15,2007,1997,2500,0.102,0.02,2532.00,0.00
13.182,6622,0,15,2005,1996,2499,0.109,0.01,2532.00,0.00
13.184,6623,0,15,2007,1998,2499,0.095,0.00,2534.00,0.00
13.186,6624,0,15,2007,1998,2499,0.102,0.00,2532.00,0.00
13.188,6625,0,15,2007,1998,2499,0.095,0.02,2534.00,0.00
13.190,6626,0,15,2007,1997,2499,0.102,0.01,2532.00,0.00
13.192,6627,0,15,2007,1998,2499,0.102,0.02,2534.00,0.00
13.194,6628,0,15,2006,1997,2499,0.109,0.02,2531.00,0.00
13.196,6629,0,15,2007,1999,2499,0.109,0.03,2532.00,0.00
13.198,6630,0,15,2007,1998,2497,0.102,0.02,2535.00,0.00
13.200,6631,0,15,2005,1996,2501,0.102,0.01,2531.00,0.00
13.202,6632,0,15,2006,1997,2499,0.109,0.01,2538.00,0.00
13.204,6633,0,15,2007,1998,2499,0.102,0.02,2534.00,0.00
13.206,6634,0,15,2006,1997,2499,0.109,0.01,2540.00,0.00
13.208,6635,0,15,2007,1996,2499,0.109,0.02,2534.00,0.00
13.210,6636,0,15,2007,1998,2498,0.095,0.02,2540.00,0.00
13.212,6637,0,15,2007,1997,2499,0.109,0.03,2534.00,0.00
13.214,6638,0,15,2006,1997,2500,0.109,0.01,2538.00,0.00
13.216,6639,0,15,2007,1998,2499,0.102,0.01,2535.00,0.00
13.218,6640,0,15,2007,1997,2499,0.109,0.01,2538.00,0.00
13.220,6641,0,15,2008,1997,2498,0.117,0.01,2534.00,0.00
13.222,6642,0,15,2007,1997,2499,0.102,0.01,2540.00,0.00
13.224,6643,0,15,2007,1997,2500,0.102,0.02,2535.00,0.00
13.226,6644,0,15,2006,1996,2500,0.102,0.02,2537.00,0.00
13.228,6645,0,15,2007,1997,2499,0.095,0.02,2534.00,0.00
13.230,6646,0,15,2008,1999,2498,0.102,0.01,2540.00,0.00
13.232,6647,0,15,2007,1997,2499,0.102,0.02,2532.00,0.00
13.234,6648,0,15,2008,1999,2497,0.102,0.02,2543.00,0.00
13.236,6649,0,15,2007,1996,2499,0.109,0.01,2535.00,0.00
13.238,6650,0,15,2007,1996,2499,0.109,0.01,2538.00,0.00
13.240,6651,0,15,2007,1997,2498,0.102,0.02,2535.00,0.00
13.242,6652,0,15,2007,1996,2499,0.109,0.02,2538.00,0.00
13.244,6653,0,15,2005,1995,2499,0.102,0.02,2535.00,0.00
13.246,6654,0,15,2007,1998,2498,0.095,0.02,2540.00,0.00
13.248,6655,0,15,2006,1997,2499,0.095,0.02,2535.00,0.00
13.250,6656,0,15,2008,1999,2497,0.102,0.01,2543.00,0.00
13.252,6657,0,15,2007,1997,2499,0.102,0.01,2534.00,0.00
13.254,6658,0,15,2006,1996,2499,0.102,0.02,2538.00,0.00
13.256,6659,0,15,2007,1998,2498,0.095,0.02,2535.00,0.00
13.258,6660,0,15,2005,1996,2499,0.102,0.02,2540.00,0.00
13.260,6661,0,14,2005,1995,2499,0.109,0.02,2535.00,0.00
13.262,6662,0,14,2007,1998,2498,0.095,0.02,2543.00,0.00
13.264,6663,0,14,2006,1997,2500,0.095,0.02,2534.00,0.00
13.266,6664,0,14,2006,1998,2498,0.095,0.02,2541.00,0.00
13.268,6665,0,14,2006,1998,2498,0.102,0.01,2537.00,0.00
13.270,6666,0,14,2006,1997,2497,0.095,0.01,2541.00,0.00
13.272,6667,0,14,2006,1997,2498,0.109,0.02,2537.00,0.00
13.274,6668,0,14,2006,1998,2499,0.095,0.01,2538.00,0.00
13.276,6669,0,14,2006,1997,2498,0.102,0.02,2534.00,0.00
13.278,6670,0,14,2007,1998,2498,0.102,0.03,2540.00,0.00
13.280,6671,0,14,2007,1998,2499,0.095,0.01,2535.00,0.00
13.282,6672,0,14,2008,1998,2498,0.102,0.02,2541.00,0.00
13.284,6673,0,14,2007,1997,2499,0.109,0.01,2535.00,0.00
13.286,6674,0,14,2007,1998,2498,0.102,0.00,2540.00,0.00
13.288,6675,0,14,2006,1997,2499,0.102,0.01,2535.00,0.00
13.290,6676,0,14,2006,1996,2499,0.109,0.02,2538.00,0.00
13.292,6677,0,14,2008,1998,2497,0.109,0.02,2538.00,0.00
13.294,6678,0,14,2007,1996,2499,0.109,0.02,2540.00,0.00
13.296,6679,0,14,2006,1997,2499,0.109,0.02,2534.00,0.00
13.298,6680,0,14,2007,1998,2498,0.102,0.02,2540.00,0.00
13.300,6681,0,14,2008,1997,2499,0.102,0.01,2534.00,0.00
13.302,6682,0,14,2009,1999,2497,0.102,0.01,2535.00,0.00
13.304,6683,0,14,2007,1997,2499,0.087,0.02,2532.00,0.00
13.306,6684,0,14,2007,1998,2498,0.102,0.02,2534.00,0.00
13.308,6685,0,14,2006,1997,2498,0.095,0.02,2532.00,0.00
13.310,6686,0,14,2007,1997,2500,0.109,0.02,2532.00,0.00
13.312,6687,0,14,2008,1998,2498,0.087,0.02,2534.00,0.00
13.314,6688,0,14,2008,2000,2498,0.102,0.01,2535.00,0.00
13.316,6689,0,14,2007,1996,2500,0.102,0.02,2532.00,0.00
13.318,6690,0,14,2007,1997,2499,0.117,0.01,2534.00,0.00
13.320,6691,0,14,2006,1997,2499,0.087,0.02,2532.00,0.00
13.322,6692,0,14,2007,1998,2496,0.102,0.02,2537.00,0.00
13.324,6693,0,14,2006,1997,2499,0.095,0.01,2531.00,0.00
13.326,6694,0,14,2007,1997,2498,0.102,0.02,2532.00,0.00
13.328,6695,0,14,2006,1996,2498,0.109,0.02,2532.00,0.00
13.330,6696,0,14,2008,1998,2497,0.102,0.02,2534.00,0.00
13.332,6697,0,14,2006,1997,2500,0.102,0.02,2532.00,0.00
13.334,6698,0,14,2006,1997,2500,0.109,0.01,2531.00,0.00
13.336,6699,0,14,2007,1998,2499,0.109,0.00,2532.00,0.00
13.338,6700,0,14,2007,1998,2498,0.095,0.02,2534.00,0.00
13.340,6701,0,14,2006,1997,2499,0.117,0.02,2532.00,0.00
13.342,6702,0,14,2007,1997,2498,0.102,0.01,2532.00,0.00
13.344,6703,0,14,2007,1999,2498,0.095,0.02,2534.00,0.00
13.346,6704,0,14,2007,1998,2499,0.102,0.02,2532.00,0.00
13.348,6705,0,14,2007,1997,2499,0.109,0.02,2532.00,0.00
13.350,6706,0,14,2007,1998,2500,0.109,0.02,2532.00,0.00
13.352,6707,0,14,2007,1996,2499,0.109,0.01,2531.00,0.00
13.354,6708,0,14,2006,1998,2499,0.095,0.02,2532.00,0.00
13.356,6709,0,14,2009,1999,2498,0.102,0.02,2534.00,0.00
13.358,6710,0,14,2007,1997,2499,0.109,0.02,2531.00,0.00
13.360,6711,0,14,2007,1998,2499,0.095,0.02,2532.00,0.00
13.362,6712,0,14,2007,1998,2499,0.087,0.02,2532.00,0.00
13.364,6713,0,14,2007,1998,2499,0.095,0.02,2534.00,0.00
13.366,6714,0,14,2007,1998,2498,0.095,0.02,2534.00,0.00
13.368,6715,0,14,2007,1997,2501,0.102,0.01,2532.00,0.00
13.370,6716,0,14,2007,1997,2499,0.087,0.02,2534.00,0.00
13.372,6717,0,14,2008,1998,2498,0.109,0.01,2535.00,0.00
13.374,6718,0,14,2007,1997,2500,0.102,0.02,2532.00,0.00
13.376,6719,0,14,2007,1997,2498,0.109,0.02,2532.00,0.00
13.378,6720,0,14,2008,1998,2498,0.095,0.03,2534.00,0.00
13.380,6721,0,13,2008,1999,2498,0.102,0.02,2535.00,0.00
13.382,6722,0,13,2007,1998,2498,0.102,0.01,2532.00,0.00
13.384,6723,0,13,2007,1997,2499,0.102,0.00,2534.00,0.00
13.386,6724,0,13,2008,1999,2498,0.102,0.01,2534.00,0.00
13.388,6725,0,13,2007,1999,2498,0.095,0.01,2534.00,0.00
13.390,6726,0,13,2007,1997,2499,0.102,0.02,2532.00,0.00
13.392,6727,0,13,2006,1997,2499,0.109,0.02,2532.00,0.00
13.394,6728,0,13,2007,1998,2498,0.095,0.02,2534.00,0.00
13.396,6729,0,13,2006,1997,2499,0.109,0.02,2532.00,0.00
13.398,6730,0,13,2007,1998,2499,0.102,0.01,2532.00,0.00
13.400,6731,0,13,2006,1998,2500,0.102,0.02,2532.00,0.00
13.402,6732,0,13,2006,1996,2499,0.095,0.00,2538.00,0.00
13.404,6733,0,13,2007,1999,2499,0.109,0.02,2534.00,0.00
13.406,6734,0,13,2005,1996,2499,0.102,0.02,2538.00,0.00
13.408,6735,0,13,2006,1997,2499,0.102,0.01,2535.00,0.00
13.410,6736,0,13,2006,1996,2500,0.109,0.02,2537.00,0.00
13.412,6737,0,13,2006,1997,2498,0.109,0.02,2534.00,0.00
13.414,6738,0,13,2007,1997,2498,0.102,0.02,2541.00,0.00
13.416,6739,0,13,2007,1999,2498,0.102,0.02,2537.00,0.00
13.418,6740,0,13,2006,1997,2499,0.095,0.00,2538.00,0.00
13.420,6741,0,13,2006,1997,2499,0.095,0.02,2534.00,0.00
13.422,6742,0,13,2007,1998,2497,0.102,0.01,2541.00,0.00
13.424,6743,0,13,2006,1996,2498,0.087,0.01,2535.00,0.00
13.426,6744,0,13,2007,1999,2497,0.102,0.02,2544.00,0.00
13.428,6745,0,13,2008,1997,2499,0.102,0.02,2534.00,0.00
13.430,6746,0,13,2007,1996,2498,0.102,0.02,2540.00,0.00
13.432,6747,0,13,2008,1998,2499,0.087,0.01,2534.00,0.00
13.434,6748,0,13,2008,1998,2498,0.095,0.01,2540.00,0.00
13.436,6749,0,13,2008,1997,2498,0.109,0.01,2535.00,0.00
13.438,6750,0,13,2008,1999,2497,0.102,0.02,2543.00,0.00
13.440,6751,0,13,2006,1996,2499,0.095,0.00,2534.00,0.00
13.442,6752,0,13,2007,1998,2499,0.095,0.02,2540.00,0.00
13.444,6753,0,13,2009,1999,2497,0.109,0.02,2538.00,0.00
13.446,6754,0,13,2007,1997,2499,0.102,0.02,2538.00,0.00
13.448,6755,0,13,2006,1996,2499,0.109,0.02,2535.00,0.00
13.450,6756,0,13,2008,1999,2498,0.102,0.01,2541.00,0.00
13.452,6757,0,13,2008,1998,2500,0.095,0.00,2532.00,0.00
13.454,6758,0,13,2007,1997,2499,0.102,0.01,2538.00,0.00
13.456,6759,0,13,2007,1998,2499,0.087,0.02,2535.00,0.00
13.458,6760,0,13,2007,1997,2498,0.102,0.02,2541.00,0.00
13.460,6761,0,13,2007,1997,2499,0.102,0.02,2535.00,0.00
13.462,6762,0,13,2006,1997,2500,0.109,0.02,2537.00,0.00
13.464,6763,0,13,2007,1997,2500,0.095,0.01,2534.00,0.00
13.466,6764,0,13,2007,1997,2499,0.095,0.01,2537.00,0.00
13.468,6765,0,13,2006,1998,2499,0.117,0.01,2534.00,0.00
13.470,6766,0,13,2007,1998,2499,0.102,0.01,2540.00,0.00
13.472,6767,0,13,2006,1997,2499,0.109,0.02,2534.00,0.00
13.474,6768,0,13,2006,1997,2499,0.109,0.01,2538.00,0.00
13.476,6769,0,13,2007,1999,2497,0.102,0.02,2537.00,0.00
13.478,6770,0,13,2007,1998,2499,0.102,0.03,2540.00,0.00
13.480,6771,0,13,2006,1997,2500,0.102,0.02,2534.00,0.00
13.482,6772,0,13,2007,1999,2498,0.102,0.01,2543.00,0.00
13.484,6773,0,13,2007,1997,2500,0.095,0.02,2532.00,0.00
13.486,6774,0,13,2006,1997,2499,0.109,0.01,2540.00,0.00
13.488,6775,0,13,2007,1999,2498,0.102,0.01,2535.00,0.00
13.490,6776,0,13,2007,1996,2499,0.102,0.02,2538.00,0.00
13.492,6777,0,13,2006,1997,2499,0.102,0.02,2532.00,0.00
13.494,6778,0,13,2007,1997,2500,0.102,0.03,2538.00,0.00
13.496,6779,0,13,2007,1998,2499,0.102,0.02,2535.00,0.00
13.498,6780,0,13,2007,1998,2499,0.102,0.02,2540.00,0.00
13.500,6781,0,12,2009,1998,2499,0.102,0.02,2535.00,0.00
13.502,6782,0,12,2007,1997,2500,0.102,0.00,2532.00,0.00
13.504,6783,0,12,2007,1997,2498,0.102,0.02,2532.00,0.00
13.506,6784,0,12,2007,1997,2499,0.095,0.02,2532.00,0.00
13.508,6785,0,12,2008,1998,2498,0.102,0.01,2535.00,0.00
13.510,6786,0,12,2008,1998,2499,0.109,0.02,2532.00,0.00
13.512,6787,0,12,2007,1997,2499,0.102,0.02,2534.00,0.00
13.514,6788,0,12,2007,1998,2499,0.095,0.02,2534.00,0.00
13.516,6789,0,12,2008,1998,2498,0.095,0.01,2534.00,0.00
13.518,6790,0,12,2007,1998,2499,0.109,0.01,2534.00,0.00
13.520,6791,0,12,2007,1997,2498,0.102,0.01,2532.00,0.00
13.522,6792,0,12,2007,1997,2498,0.095,0.02,2532.00,0.00
13.524,6793,0,12,2008,1999,2497,0.102,0.02,2535.00,0.00
13.526,6794,0,12,2007,1997,2500,0.102,0.02,2532.00,0.00
13.528,6795,0,12,2006,1996,2498,0.102,0.02,2532.00,0.00
13.530,6796,0,12,2007,1998,2499,0.109,0.02,2534.00,0.00
13.532,6797,0,12,2009,1999,2498,0.095,0.02,2535.00,0.00
13.534,6798,0,12,2007,1997,2499,0.102,0.00,2532.00,0.00
13.536,6799,0,12,2008,1998,2498,0.102,0.00,2534.00,0.00
13.538,6800,0,12,2007,1997,2499,0.095,0.02,2532.00,0.00
13.540,6801,0,12,2007,1998,2498,0.102,0.02,2535.00,0.00
13.542,6802,0,12,2006,1997,2498,0.102,0.02,2532.00,0.00
13.544,6803,0,12,2006,1997,2499,0.102,0.02,2534.00,0.00
13.546,6804,0,12,2007,1998,2499,0.095,0.02,2534.00,0.00
13.548,6805,0,12,2007,1997,2501,0.109,0.02,2532.00,0.00
13.550,6806,0,12,2007,1998,2497,0.102,0.01,2534.00,0.00
13.552,6807,0,12,2005,1996,2498,0.095,0.01,2534.00,0.00
13.554,6808,0,12,2007,1997,2498,0.095,0.01,2534.00,0.00
13.556,6809,0,12,2007,1998,2499,0.109,0.02,2534.00,0.00
13.558,6810,0,12,2006,1996,2500,0.095,0.02,2531.00,0.00
13.560,6811,0,12,2007,1998,2498,0.087,0.02,2534.00,0.00
13.562,6812,0,12,2007,1998,2498,0.102,0.02,2535.00,0.00
13.564,6813,0,12,2007,1998,2499,0.109,0.02,2532.00,0.00
13.566,6814,0,12,2006,1996,2500,0.102,0.02,2531.00,0.00
13.568,6815,0,12,2007,1998,2498,0.102,0.02,2534.00,0.00
13.570,6816,0,12,2008,1999,2498,0.109,0.01,2534.00,0.00
13.572,6817,0,12,2007,1997,2499,0.102,0.02,2534.00,0.00
13.574,6818,0,12,2007,1998,2498,0.102,0.01,2534.00,0.00
13.576,6819,0,12,2007,1997,2499,0.109,0.02,2532.00,0.00
13.578,6820,0,12,2007,1997,2498,0.095,0.02,2534.00,0.00
13.580,6821,0,12,2008,1999,2498,0.102,0.02,2535.00,0.00
13.582,6822,0,12,2007,1997,2499,0.102,0.02,2534.00,0.00
13.584,6823,0,12,2007,1997,2498,0.095,0.02,2532.00,0.00
13.586,6824,0,12,2007,1998,2499,0.087,0.00,2532.00,0.00
13.588,6825,0,12,2007,1997,2499,0.095,0.02,2534.00,0.00
13.590,6826,0,12,2007,1998,2498,0.102,0.02,2534.00,0.00
13.592,6827,0,12,2007,1998,2498,0.102,0.02,2534.00,0.00
13.594,6828,0,12,2007,1997,2499,0.102,0.02,2532.00,0.00
13.596,6829,0,12,2008,1998,2499,0.095,0.02,2534.00,0.00
13.598,6830,0,12,2008,1999,2497,0.095,0.02,2537.00,0.00
13.600,6831,0,12,2007,1997,2500,0.102,0.02,2532.00,0.00
13.602,6832,0,12,2007,1996,2499,0.102,0.01,2538.00,0.00
13.604,6833,0,12,2007,1997,2499,0.087,0.02,2535.00,0.00
13.606,6834,0,12,2008,1999,2496,0.109,0.02,2543.00,0.00
13.608,6835,0,12,2007,1997,2499,0.102,0.01,2534.00,0.00
13.610,6836,0,12,2007,1998,2499,0.095,0.02,2540.00,0.00
13.612,6837,0,12,2007,1998,2499,0.102,0.02,2532.00,0.00
13.614,6838,0,12,2007,1997,2498,0.095,0.02,2540.00,0.00
13.616,6839,0,12,2008,1999,2497,0.102,0.02,2538.00,0.00
13.618,6840,0,12,2007,1997,2500,0.102,0.02,2540.00,0.00
13.620,6841,0,11,2006,1996,2499,0.109,0.01,2534.00,0.00
13.622,6842,0,11,2006,1998,2498,0.095,0.01,2541.00,0.00
13.624,6843,0,11,2005,1996,2499,0.095,0.02,2532.00,0.00
13.626,6844,0,11,2007,1998,2497,0.102,0.01,2541.00,0.00
13.628,6845,0,11,2008,1998,2498,0.102,0.03,2534.00,0.00
13.630,6846,0,11,2006,1997,2498,0.095,0.01,2541.00,0.00
13.632,6847,0,11,2008,1998,2498,0.117,0.02,2537.00,0.00
13.634,6848,0,11,2007,1999,2498,0.102,0.01,2541.00,0.00
13.636,6849,0,11,2007,1997,2500,0.095,0.01,2532.00,0.00
13.638,6850,0,11,2006,1996,2500,0.109,0.02,2538.00,0.00
13.640,6851,0,11,2007,1997,2499,0.102,0.01,2535.00,0.00
13.642,6852,0,11,2008,1997,2498,0.102,0.02,2541.00,0.00
13.644,6853,0,11,2007,1997,2499,0.102,0.02,2535.00,0.00
13.646,6854,0,11,2007,1997,2499,0.095,0.02,2540.00,0.00
13.648,6855,0,11,2007,1998,2498,0.109,0.02,2537.00,0.00
13.650,6856,0,11,2008,1998,2498,0.102,0.01,2541.00,0.00
13.652,6857,0,11,2007,1996,2500,0.102,0.01,2534.00,0.00
13.654,6858,0,11,2007,1998,2499,0.102,0.02,2538.00,0.00
13.656,6859,0,11,2007,1997,2499,0.102,0.01,2534.00,0.00
13.658,6860,0,11,2007,1997,2499,0.102,0.02,2540.00,0.00
13.660,6861,0,11,2009,1998,2499,0.102,0.03,2534.00,0.00
13.662,6862,0,11,2007,1998,2499,0.095,0.02,2540.00,0.00
13.664,6863,0,11,2008,1997,2499,0.109,0.02,2535.00,0.00
13.666,6864,0,11,2007,1998,2499,0.087,0.02,2540.00,0.00
13.668,6865,0,11,2007,1998,2499,0.102,0.00,2535.00,0.00
13.670,6866,0,11,2006,1997,2499,0.102,0.00,2538.00,0.00
13.672,6867,0,11,2007,1997,2499,0.095,0.02,2534.00,0.00
13.674,6868,0,11,2008,1999,2497,0.109,0.02,2543.00,0.00
13.676,6869,0,11,2006,1997,2499,0.102,0.02,2534.00,0.00
13.678,6870,0,11,2006,1997,2499,0.109,0.02,2540.00,0.00
13.680,6871,0,11,2007,1998,2499,0.095,0.02,2535.00,0.00
13.682,6872,0,11,2007,1998,2498,0.102,0.02,2541.00,0.00
13.684,6873,0,11,2007,1998,2499,0.102,0.00,2535.00,0.00
13.686,6874,0,11,2007,1998,2498,0.087,0.01,2540.00,0.00
13.688,6875,0,11,2006,1998,2498,0.102,0.01,2535.00,0.00
13.690,6876,0,11,2008,1999,2497,0.095,0.02,2541.00,0.00
13.692,6877,0,11,2009,1999,2498,0.102,0.02,2537.00,0.00
13.694,6878,0,11,2007,1997,2499,0.102,0.02,2538.00,0.00
13.696,6879,0,11,2006,1997,2499,0.109,0.02,2534.00,0.00
13.698,6880,0,11,2006,1998,2498,0.095,0.02,2540.00,0.00
13.700,6881,0,11,2007,1997,2500,0.095,0.02,2534.00,0.00
13.702,6882,0,11,2007,1998,2499,0.102,0.00,2535.00,0.00
13.704,6883,0,11,2007,1998,2498,0.087,0.02,2534.00,0.00
13.706,6884,0,11,2007,1997,2499,0.102,0.01,2534.00,0.00
13.708,6885,0,11,2008,1997,2498,0.102,0.02,2534.00,0.00
13.710,6886,0,11,2007,1997,2499,0.102,0.02,2532.00,0.00
13.712,6887,0,11,2007,1998,2498,0.087,0.02,2534.00,0.00
13.714,6888,0,11,2009,1998,2497,0.109,0.02,2537.00,0.00
13.716,6889,0,11,2007,1998,2500,0.102,0.02,2532.00,0.00
13.718,6890,0,11,2007,1997,2499,0.102,0.01,2534.00,0.00
13.720,6891,0,11,2007,1998,2498,0.095,0.01,2534.00,0.00
13.722,6892,0,11,2008,1998,2497,0.095,0.02,2537.00,0.00
13.724,6893,0,11,2008,1997,2498,0.102,0.02,2532.00,0.00
13.726,6894,0,11,2007,1998,2498,0.102,0.01,2534.00,0.00
13.728,6895,0,11,2007,1997,2498,0.102,0.03,2534.00,0.00
13.730,6896,0,11,2007,1998,2499,0.095,0.02,2534.00,0.00
13.732,6897,0,11,2008,1999,2497,0.102,0.02,2535.00,0.00
13.734,6898,0,11,2006,1995,2500,0.095,0.01,2531.00,0.00
13.736,6899,0,11,2007,1997,2499,0.102,0.01,2532.00,0.00
13.738,6900,0,11,2008,1998,2498,0.095,0.02,2534.00,0.00
13.740,6901,0,10,2008,1999,2498,0.095,0.02,2535.00,0.00
13.742,6902,0,10,2007,1997,2498,0.102,0.02,2532.00,0.00
13.744,6903,0,10,2008,1999,2497,0.102,0.02,2535.00,0.00
13.746,6904,0,10,2007,1997,2499,0.109,0.02,2534.00,0.00
13.748,6905,0,10,2007,1998,2500,0.095,0.02,2532.00,0.00
13.750,6906,0,10,2008,1999,2498,0.102,0.02,2535.00,0.00
13.752,6907,0,10,2007,1998,2499,0.102,0.00,2531.00,0.00
13.754,6908,0,10,2006,1998,2498,0.109,0.02,2534.00,0.00
13.756,6909,0,10,2007,1998,2499,0.095,0.02,2532.00,0.00
13.758,6910,0,10,2007,1999,2498,0.095,0.01,2534.00,0.00
13.760,6911,0,10,2006,1997,2497,0.102,0.02,2534.00,0.00
13.762,6912,0,10,2006,1998,2498,0.102,0.02,2534.00,0.00
13.764,6913,0,10,2007,1998,2499,0.095,0.02,2534.00,0.00
13.766,6914,0,10,2007,1999,2498,0.109,0.01,2535.00,0.00
13.768,6915,0,10,2007,1999,2498,0.102,0.01,2534.00,0.00
13.770,6916,0,10,2006,1997,2498,0.102,0.01,2532.00,0.00
13.772,6917,0,10,2006,1997,2500,0.109,0.01,2531.00,0.00
13.774,6918,0,10,2007,1998,2499,0.095,0.02,2532.00,0.00
13.776,6919,0,10,2007,1998,2498,0.109,0.02,2532.00,0.00
13.778,6920,0,10,2007,1998,2499,0.102,0.02,2532.00,0.00
13.780,6921,0,10,2007,1998,2499,0.095,0.02,2532.00,0.00
13.782,6922,0,10,2008,1999,2498,0.109,0.02,2532.00,0.00
13.784,6923,0,10,2007,1998,2498,0.102,0.00,2531.00,0.00
13.786,6924,0,10,2009,1999,2497,0.109,0.00,2534.00,0.00
13.788,6925,0,10,2007,1997,2499,0.102,0.01,2531.00,0.00
13.790,6926,0,10,2008,1999,2496,0.102,0.02,2535.00,0.00
13.792,6927,0,10,2008,1998,2498,0.102,0.02,2532.00,0.00
13.794,6928,0,10,2006,1997,2499,0.102,0.02,2531.00,0.00
13.796,6929,0,10,2007,1998,2499,0.095,0.02,2531.00,0.00
13.798,6930,0,10,2009,2000,2497,0.109,0.02,2537.00,0.00
13.800,6931,0,10,2006,1997,2499,0.095,0.01,2532.00,0.00
13.802,6932,0,10,2008,1999,2497,0.109,0.01,2540.00,0.00
13.804,6933,0,10,2006,1996,2499,0.109,0.02,2532.00,0.00
13.806,6934,0,10,2007,1998,2499,0.095,0.00,2538.00,0.00
13.808,6935,0,10,2009,1999,2496,0.117,0.02,2537.00,0.00
13.810,6936,0,10,2007,1997,2500,0.102,0.02,2538.00,0.00
13.812,6937,0,10,2007,1997,2499,0.109,0.02,2532.00,0.00
13.814,6938,0,10,2008,1999,2498,0.095,0.02,2540.00,0.00
13.816,6939,0,10,2007,1997,2498,0.109,0.02,2534.00,0.00
13.818,6940,0,10,2007,1998,2499,0.102,0.02,2538.00,0.00
13.820,6941,0,10,2006,1997,2498,0.109,0.01,2532.00,0.00
13.822,6942,0,10,2007,1998,2498,0.102,0.02,2540.00,0.00
13.824,6943,0,10,2007,1998,2498,0.109,0.02,2534.00,0.00
13.826,6944,0,10,2007,1998,2499,0.095,0.02,2538.00,0.00
13.828,6945,0,10,2007,1998,2500,0.102,0.02,2532.00,0.00
13.830,6946,0,10,2007,1998,2498,0.109,0.02,2540.00,0.00
13.832,6947,0,10,2007,1998,2499,0.095,0.02,2532.00,0.00
13.834,6948,0,10,2008,1999,2497,0.102,0.02,2540.00,0.00
13.836,6949,0,10,2007,1998,2498,0.102,0.00,2535.00,0.00
13.838,6950,0,10,2007,1998,2499,0.102,0.02,2538.00,0.00
13.840,6951,0,10,2007,1996,2497,0.102,0.02,2535.00,0.00
13.842,6952,0,10,2007,1997,2498,0.095,0.01,2540.00,0.00
13.844,6953,0,10,2005,1996,2499,0.102,0.02,2534.00,0.00
13.846,6954,0,10,2007,1999,2497,0.109,0.02,2541.00,0.00
13.848,6955,0,10,2006,1997,2499,0.102,0.01,2532.00,0.00
13.850,6956,0,10,2006,1997,2499,0.102,0.02,2538.00,0.00
13.852,6957,0,10,2007,1998,2498,0.095,0.01,2534.00,0.00
13.854,6958,0,10,2007,1997,2499,0.102,0.02,2537.00,0.00
13.856,6959,0,10,2008,1999,2498,0.095,0.02,2534.00,0.00
13.858,6960,0,10,2007,1998,2498,0.109,0.02,2538.00,0.00
13.860,6961,0,9,2007,1998,2499,0.095,0.02,2534.00,0.00
13.862,6962,0,9,2007,1998,2498,0.109,0.02,2538.00,0.00
13.864,6963,0,9,2008,1998,2498,0.095,0.02,2534.00,0.00
13.866,6964,0,9,2006,1996,2500,0.095,0.02,2538.00,0.00
13.868,6965,0,9,2007,1997,2500,0.109,0.01,2532.00,0.00
13.870,6966,0,9,2007,1998,2499,0.095,0.00,2538.00,0.00
13.872,6967,0,9,2008,1998,2498,0.109,0.02,2534.00,0.00
13.874,6968,0,9,2006,1998,2499,0.087,0.01,2538.00,0.00
13.876,6969,0,9,2006,1998,2498,0.102,0.01,2532.00,0.00
13.878,6970,0,9,2007,1998,2499,0.109,0.02,2538.00,0.00
13.880,6971,0,9,2006,1997,2499,0.109,0.02,2534.00,0.00
13.882,6972,0,9,2008,1999,2498,0.102,0.02,2541.00,0.00
13.884,6973,0,9,2007,1996,2500,0.095,0.00,2532.00,0.00
13.886,6974,0,9,2006,1996,2499,0.109,0.01,2538.00,0.00
13.888,6975,0,9,2008,1998,2498,0.109,0.02,2534.00,0.00
13.890,6976,0,9,2007,1997,2499,0.102,0.02,2537.00,0.00
13.892,6977,0,9,2005,1996,2499,0.102,0.02,2532.00,0.00
13.894,6978,0,9,2006,1997,2498,0.095,0.02,2540.00,0.00
13.896,6979,0,9,2007,1998,2498,0.102,0.02,2534.00,0.00
13.898,6980,0,9,2007,1998,2499,0.102,0.02,2538.00,0.00
13.900,6981,0,9,2007,1999,2498,0.095,0.01,2535.00,0.00
13.902,6982,0,9,2007,1999,2497,0.102,0.01,2535.00,0.00
13.904,6983,0,9,2007,1998,2499,0.109,0.02,2532.00,0.00
13.906,6984,0,9,2006,1997,2498,0.102,0.02,2532.00,0.00
13.908,6985,0,9,2006,1998,2499,0.095,0.02,2532.00,0.00
13.910,6986,0,9,2007,1998,2499,0.109,0.03,2531.00,0.00
13.912,6987,0,9,2006,1998,2499,0.102,0.03,2532.00,0.00
13.914,6988,0,9,2007,1997,2499,0.095,0.02,2531.00,0.00
13.916,6989,0,9,2007,1998,2500,0.095,0.02,2531.00,0.00
13.918,6990,0,9,2006,1997,2499,0.109,0.00,2531.00,0.00
13.920,6991,0,9,2006,1997,2499,0.102,0.00,2532.00,0.00
13.922,6992,0,9,2008,1998,2498,0.095,0.02,2532.00,0.00
13.924,6993,0,9,2008,2000,2497,0.102,0.02,2535.00,0.00
13.926,6994,0,9,2008,1997,2498,0.109,0.02,2531.00,0.00
13.928,6995,0,9,2007,1997,2498,0.109,0.02,2532.00,0.00
13.930,6996,0,9,2007,1998,2499,0.102,0.02,2532.00,0.00
13.932,6997,0,9,2008,1998,2498,0.095,0.01,2535.00,0.00
13.934,6998,0,9,2007,1998,2499,0.102,0.01,2531.00,0.00
13.936,6999,0,9,2007,1998,2498,0.102,0.01,2532.00,0.00
13.938,7000,0,9,2007,1997,2498,0.109,0.02,2532.00,0.00
13.940,7001,0,9,2008,1998,2498,0.095,0.02,2534.00,0.00
13.942,7002,0,9,2008,1999,2497,0.109,0.02,2534.00,0.00
13.944,7003,0,9,2007,1997,2499,0.102,0.02,2530.00,0.00
13.946,7004,0,9,2006,1996,2500,0.102,0.02,2530.00,0.00
13.948,7005,0,9,2008,1998,2499,0.087,0.02,2532.00,0.00
13.950,7006,0,9,2009,2000,2498,0.102,0.02,2534.00,0.00
13.952,7007,0,9,2008,1999,2497,0.102,0.01,2535.00,0.00
13.954,7008,0,9,2007,1998,2498,0.102,0.00,2532.00,0.00
13.956,7009,0,9,2007,1998,2498,0.095,0.02,2532.00,0.00
13.958,7010,0,9,2008,1999,2498,0.102,0.02,2534.00,0.00
13.960,7011,0,9,2008,1998,2498,0.109,0.02,2531.00,0.00
13.962,7012,0,9,2007,1998,2499,0.109,0.02,2532.00,0.00
13.964,7013,0,9,2007,1997,2499,0.102,0.02,2531.00,0.00
13.966,7014,0,9,2008,1999,2498,0.102,0.02,2534.00,0.00
13.968,7015,0,9,2007,1997,2499,0.102,0.01,2531.00,0.00
13.970,7016,0,9,2007,1998,2499,0.095,0.00,2532.00,0.00
13.972,7017,0,9,2006,1998,2498,0.087,0.02,2532.00,0.00
13.974,7018,0,9,2007,1998,2498,0.095,0.02,2532.00,0.00
13.976,7019,0,9,2006,1997,2498,0.095,0.01,2531.00,0.00
13.978,7020,0,9,2006,1997,2499,0.109,0.02,2532.00,0.00
13.980,7021,0,8,2006,1997,2499,0.102,0.02,2532.00,0.00
13.982,7022,0,8,2007,1998,2499,0.095,0.02,2532.00,0.00
13.984,7023,0,8,2008,1998,2498,0.109,0.00,2534.00,0.00
13.986,7024,0,8,2007,1998,2497,0.102,0.00,2535.00,0.00
13.988,7025,0,8,2008,1998,2498,0.102,0.01,2532.00,0.00
13.990,7026,0,8,2007,1999,2498,0.102,0.01,2534.00,0.00
13.992,7027,0,8,2008,1999,2497,0.095,0.02,2534.00,0.00
13.994,7028,0,8,2008,1999,2498,0.109,0.02,2534.00,0.00
13.996,7029,0,8,2008,1998,2498,0.102,0.02,2534.00,0.00
13.998,7030,0,8,2008,1998,2499,0.109,0.02,2531.00,0.00
14.000,7031,0,8,2007,1997,2499,0.109,0.02,2531.00,0.00
14.002,7032,0,8,2007,1998,2499,0.087,0.00,2540.00,0.00
14.004,7033,0,8,2007,1997,2499,0.095,0.01,2532.00,0.00
14.006,7034,0,8,2007,1997,2498,0.102,0.01,2540.00,0.00
14.008,7035,0,8,2007,1997,2498,0.095,0.00,2534.00,0.00
14.010,7036,0,8,2006,1997,2498,0.095,0.02,2540.00,0.00
14.012,7037,0,8,2006,1996,2500,0.109,0.02,2532.00,0.00
14.014,7038,0,8,2008,1999,2498,0.109,0.02,2541.00,0.00
14.016,7039,0,8,2007,1997,2500,0.102,0.02,2532.00,0.00
14.018,7040,0,8,2006,1997,2498,0.095,0.01,2540.00,0.00
14.020,7041,0,8,2007,1998,2499,0.095,0.00,2535.00,0.00
14.022,7042,0,8,2006,1996,2500,0.095,0.02,2537.00,0.00
14.024,7043,0,8,2006,1997,2498,0.095,0.02,2535.00,0.00
14.026,7044,0,8,2007,1998,2498,0.109,0.02,2541.00,0.00
14.028,7045,0,8,2006,1996,2499,0.102,0.02,2534.00,0.00
14.030,7046,0,8,2007,1998,2498,0.095,0.02,2541.00,0.00
14.032,7047,0,8,2007,1996,2500,0.102,0.02,2532.00,0.00
14.034,7048,0,8,2006,1996,2499,0.102,0.01,2540.00,0.00
14.036,7049,0,8,2007,1997,2500,0.095,0.00,2532.00,0.00
14.038,7050,0,8,2007,1997,2499,0.117,0.02,2538.00,0.00
14.040,7051,0,8,2006,1997,2499,0.102,0.01,2535.00,0.00
14.042,7052,0,8,2006,1997,2498,0.095,0.02,2540.00,0.00
14.044,7053,0,8,2007,1997,2497,0.109,0.03,2537.00,0.00
14.046,7054,0,8,2007,1999,2497,0.109,0.02,2541.00,0.00
14.048,7055,0,8,2007,1998,2498,0.095,0.02,2535.00,0.00
14.050,7056,0,8,2008,1999,2498,0.109,0.02,2540.00,0.00
14.052,7057,0,8,2007,1998,2498,0.087,0.00,2534.00,0.00
14.054,7058,0,8,2006,1997,2499,0.102,0.02,2538.00,0.00
14.056,7059,0,8,2006,1997,2499,0.109,0.01,2534.00,0.00
14.058,7060,0,8,2006,1997,2498,0.102,0.02,2538.00,0.00
14.060,7061,0,8,2006,1997,2500,0.095,0.02,2532.00,0.00
14.062,7062,0,8,2007,1997,2499,0.102,0.02,2538.00,0.00
14.064,7063,0,8,2007,1997,2499,0.095,0.02,2534.00,0.00
14.066,7064,0,8,2007,1998,2498,0.102,0.01,2541.00,0.00
14.068,7065,0,8,2007,1998,2498,0.109,0.01,2537.00,0.00
14.070,7066,0,8,2006,1996,2500,0.102,0.01,2537.00,0.00
14.072,7067,0,8,2008,1999,2497,0.102,0.02,2538.00,0.00
14.074,7068,0,8,2006,1996,2500,0.102,0.02,2538.00,0.00
14.076,7069,0,8,2008,1998,2500,0.109,0.02,2534.00,0.00
14.078,7070,0,8,2008,1998,2498,0.095,0.02,2540.00,0.00
14.080,7071,0,8,2007,1997,2500,0.109,0.02,2534.00,0.00
14.082,7072,0,8,2008,1998,2499,0.117,0.02,2538.00,0.00
14.084,7073,0,8,2007,1998,2499,0.102,0.01,2535.00,0.00
14.086,7074,0,8,2008,1998,2498,0.109,0.00,2540.00,0.00
14.088,7075,0,8,2008,1999,2498,0.102,0.02,2535.00,0.00
14.090,7076,0,8,2007,1999,2497,0.109,0.02,2541.00,0.00
14.092,7077,0,8,2006,1996,2500,0.109,0.02,2532.00,0.00
14.094,7078,0,8,2007,1998,2499,0.102,0.02,2538.00,0.00
14.096,7079,0,8,2008,1997,2500,0.109,0.02,2532.00,0.00
14.098,7080,0,8,2008,1998,2498,0.102,0.01,2538.00,0.00
14.100,7081,0,7,2008,1999,2498,0.102,0.02,2535.00,0.00
14.102,7082,0,7,2007,1998,2498,0.102,0.00,2535.00,0.00
14.104,7083,0,7,2008,1999,2497,0.109,0.02,2534.00,0.00
14.106,7084,0,7,2007,1997,2499,0.102,0.01,2532.00,0.00
14.108,7085,0,7,2006,1996,2499,0.102,0.02,2532.00,0.00
14.110,7086,0,7,2008,1999,2497,0.102,0.02,2535.00,0.00
14.112,7087,0,7,2007,1997,2499,0.109,0.02,2532.00,0.00
14.114,7088,0,7,2007,1998,2498,0.109,0.01,2534.00,0.00
14.116,7089,0,7,2007,1999,2498,0.095,0.02,2532.00,0.00
14.118,7090,0,7,2008,1998,2498,0.102,0.01,2534.00,0.00
14.120,7091,0,7,2006,1996,2499,0.102,0.01,2532.00,0.00
14.122,7092,0,7,2007,1998,2499,0.087,0.02,2532.00,0.00
14.124,7093,0,7,2007,1997,2499,0.102,0.02,2532.00,0.00
14.126,7094,0,7,2008,1999,2497,0.102,0.02,2535.00,0.00
14.128,7095,0,7,2007,1997,2498,0.095,0.02,2532.00,0.00
14.130,7096,0,7,2007,1998,2498,0.102,0.02,2534.00,0.00
14.132,7097,0,7,2007,1998,2498,0.109,0.02,2534.00,0.00
14.134,7098,0,7,2006,1997,2499,0.095,0.00,2532.00,0.00
14.136,7099,0,7,2007,1999,2498,0.109,0.01,2535.00,0.00
14.138,7100,0,7,2006,1996,2499,0.102,0.02,2531.00,0.00
14.140,7101,0,7,2007,1997,2498,0.102,0.02,2532.00,0.00
14.142,7102,0,7,2008,1999,2497,0.095,0.02,2534.00,0.00
14.144,7103,0,7,2006,1997,2499,0.080,0.02,2532.00,0.00
14.146,7104,0,7,2007,1999,2497,0.102,0.02,2534.00,0.00
14.148,7105,0,7,2007,1997,2499,0.102,0.02,2531.00,0.00
14.150,7106,0,7,2007,1998,2499,0.102,0.02,2531.00,0.00
14.152,7107,0,7,2008,1999,2497,0.102,0.01,2535.00,0.00
14.154,7108,0,7,2007,1997,2499,0.102,0.02,2532.00,0.00
14.156,7109,0,7,2006,1996,2499,0.109,0.02,2532.00,0.00
14.158,7110,0,7,2007,1998,2497,0.095,0.01,2534.00,0.00
14.160,7111,0,7,2008,1999,2497,0.109,0.02,2537.00,0.00
14.162,7112,0,7,2008,1999,2497,0.102,0.02,2535.00,0.00
14.164,7113,0,7,2008,1999,2497,0.102,0.02,2534.00,0.00
14.166,7114,0,7,2006,1997,2499,0.102,0.01,2532.00,0.00
14.168,7115,0,7,2007,1998,2498,0.095,0.02,2532.00,0.00
14.170,7116,0,7,2008,1999,2498,0.102,0.01,2535.00,0.00
14.172,7117,0,7,2006,1996,2500,0.109,0.02,2531.00,0.00
14.174,7118,0,7,2006,1997,2499,0.109,0.01,2532.00,0.00
14.176,7119,0,7,2006,1997,2498,0.095,0.02,2532.00,0.00
14.178,7120,0,7,2007,1999,2498,0.095,0.02,2535.00,0.00
14.180,7121,0,7,2008,1999,2497,0.109,0.02,2535.00,0.00
14.182,7122,0,7,2007,1998,2499,0.102,0.02,2532.00,0.00
14.184,7123,0,7,2007,1998,2498,0.117,0.01,2532.00,0.00
14.186,7124,0,7,2006,1997,2499,0.095,0.01,2532.00,0.00
14.188,7125,0,7,2008,1999,2497,0.087,0.01,2535.00,0.00
14.190,7126,0,7,2007,1998,2499,0.102,0.02,2532.00,0.00
14.192,7127,0,7,2005,1996,2499,0.095,0.02,2531.00,0.00
14.194,7128,0,7,2007,1998,2497,0.095,0.02,2534.00,0.00
14.196,7129,0,7,2008,1999,2497,0.109,0.03,2537.00,0.00
14.198,7130,0,7,2006,1997,2499,0.102,0.02,2532.00,0.00
14.200,7131,0,7,2007,1998,2498,0.102,0.02,2532.00,0.00
14.202,7132,0,7,2007,1997,2499,0.095,0.00,2540.00,0.00
14.204,7133,0,7,2007,1997,2499,0.109,0.02,2532.00,0.00
14.206,7134,0,7,2006,1996,2499,0.109,0.01,2538.00,0.00
14.208,7135,0,7,2006,1998,2499,0.095,0.01,2534.00,0.00
14.210,7136,0,7,2008,1998,2498,0.109,0.02,2540.00,0.00
14.212,7137,0,7,2007,1998,2499,0.117,0.02,2535.00,0.00
14.214,7138,0,7,2007,1998,2499,0.109,0.02,2538.00,0.00
14.216,7139,0,7,2008,1998,2498,0.109,0.02,2535.00,0.00
14.218,7140,0,7,2007,1998,2499,0.109,0.01,2540.00,0.00
14.220,7141,0,6,2006,1996,2498,0.109,0.01,2534.00,0.00
14.222,7142,0,6,2007,1998,2499,0.095,0.01,2540.00,0.00
14.224,7143,0,6,2006,1996,2499,0.109,0.02,2532.00,0.00
14.226,7144,0,6,2007,1999,2498,0.095,0.02,2541.00,0.00
14.228,7145,0,6,2008,1998,2498,0.117,0.03,2535.00,0.00
14.230,7146,0,6,2006,1997,2499,0.102,0.02,2538.00,0.00
14.232,7147,0,6,2007,1998,2499,0.095,0.02,2532.00,0.00
14.234,7148,0,6,2008,1999,2498,0.102,0.01,2541.00,0.00
14.236,7149,0,6,2008,1997,2498,0.095,0.01,2535.00,0.00
14.238,7150,0,6,2007,1998,2498,0.095,0.02,2540.00,0.00
14.240,7151,0,6,2007,1997,2498,0.095,0.01,2534.00,0.00
14.242,7152,0,6,2009,1999,2498,0.102,0.02,2541.00,0.00
14.244,7153,0,6,2008,1999,2498,0.102,0.03,2537.00,0.00
14.246,7154,0,6,2006,1997,2499,0.109,0.02,2538.00,0.00
14.248,7155,0,6,2006,1997,2500,0.109,0.02,2532.00,0.00
14.250,7156,0,6,2007,1998,2499,0.102,0.01,2540.00,0.00
14.252,7157,0,6,2007,1998,2499,0.109,0.01,2534.00,0.00
14.254,7158,0,6,2006,1997,2500,0.109,0.02,2537.00,0.00
14.256,7159,0,6,2007,1999,2497,0.095,0.02,2535.00,0.00
14.258,7160,0,6,2007,1998,2499,0.109,0.02,2538.00,0.00
14.260,7161,0,6,2007,1998,2497,0.117,0.03,2537.00,0.00
14.262,7162,0,6,2007,1998,2498,0.102,0.03,2541.00,0.00
14.264,7163,0,6,2007,1997,2500,0.102,0.02,2532.00,0.00
14.266,7164,0,6,2006,1997,2500,0.102,0.02,2538.00,0.00
14.268,7165,0,6,2006,1996,2500,0.109,0.01,2532.00,0.00
14.270,7166,0,6,2007,1998,2500,0.102,0.01,2537.00,0.00
14.272,7167,0,6,2006,1997,2500,0.109,0.02,2534.00,0.00
14.274,7168,0,6,2007,1997,2499,0.102,0.01,2540.00,0.00
14.276,7169,0,6,2007,1997,2499,0.109,0.02,2535.00,0.00
14.278,7170,0,6,2007,1997,2499,0.095,0.02,2538.00,0.00
14.280,7171,0,6,2007,1997,2499,0.109,0.03,2535.00,0.00
14.282,7172,0,6,2006,1997,2499,0.102,0.02,2537.00,0.00
14.284,7173,0,6,2006,1996,2499,0.117,0.01,2534.00,0.00
14.286,7174,0,6,2008,1998,2498,0.109,0.02,2540.00,0.00
14.288,7175,0,6,2006,1996,2499,0.095,0.02,2534.00,0.00
14.290,7176,0,6,2008,1999,2498,0.095,0.02,2541.00,0.00
14.292,7177,0,6,2009,1998,2498,0.109,0.02,2537.00,0.00
14.294,7178,0,6,2007,1997,2498,0.102,0.02,2540.00,0.00
14.296,7179,0,6,2008,1998,2497,0.109,0.03,2538.00,0.00
14.298,7180,0,6,2007,1998,2498,0.102,0.01,2540.00,0.00
14.300,7181,0,6,2006,1996,2500,0.102,0.02,2535.00,0.00
14.302,7182,0,6,2008,1998,2497,0.117,0.01,2535.00,0.00
14.304,7183,0,6,2006,1997,2499,0.095,0.01,2532.00,0.00
14.306,7184,0,6,2008,1998,2498,0.109,0.02,2535.00,0.00
14.308,7185,0,6,2007,1997,2501,0.109,0.02,2532.00,0.00
14.310,7186,0,6,2007,1998,2498,0.095,0.02,2532.00,0.00
14.312,7187,0,6,2007,1997,2499,0.095,0.02,2532.00,0.00
14.314,7188,0,6,2006,1997,2500,0.087,0.02,2531.00,0.00
14.316,7189,0,6,2007,1997,2498,0.095,0.02,2534.00,0.00
14.318,7190,0,6,2007,1997,2499,0.109,0.02,2532.00,0.00
14.320,7191,0,6,2007,1998,2499,0.087,0.00,2532.00,0.00
14.322,7192,0,6,2008,1999,2496,0.109,0.02,2537.00,0.00
14.324,7193,0,6,2007,1997,2498,0.102,0.02,2535.00,0.00
14.326,7194,0,6,2006,1996,2498,0.102,0.02,2534.00,0.00
14.328,7195,0,6,2007,1998,2498,0.102,0.03,2534.00,0.00
14.330,7196,0,6,2007,1998,2498,0.095,0.02,2534.00,0.00
14.332,7197,0,6,2007,1998,2498,0.080,0.00,2534.00,0.00
14.334,7198,0,6,2007,1997,2499,0.109,0.00,2532.00,0.00
14.336,7199,0,6,2007,1998,2498,0.095,0.01,2534.00,0.00
14.338,7200,0,6,2008,1999,2496,0.102,0.01,2538.00,0.00
14.340,7201,0,5,2007,1997,2498,0.109,0.02,2534.00,0.00
14.342,7202,0,5,2006,1997,2499,0.102,0.02,2532.00,0.00
14.344,7203,0,5,2007,1999,2498,0.095,0.02,2534.00,0.00
14.346,7204,0,5,2008,1999,2498,0.102,0.02,2534.00,0.00
14.348,7205,0,5,2006,1996,2499,0.117,0.02,2534.00,0.00
14.350,7206,0,5,2007,1998,2497,0.102,0.02,2535.00,0.00
14.352,7207,0,5,2007,1998,2498,0.102,0.01,2534.00,0.00
14.354,7208,0,5,2007,1998,2497,0.095,0.02,2534.00,0.00
14.356,7209,0,5,2008,1998,2497,0.109,0.02,2534.00,0.00
14.358,7210,0,5,2006,1996,2500,0.109,0.02,2531.00,0.00
14.360,7211,0,5,2007,1997,2499,0.109,0.02,2532.00,0.00
14.362,7212,0,5,2007,1997,2499,0.102,0.02,2532.00,0.00
14.364,7213,0,5,2008,1999,2498,0.109,0.02,2534.00,0.00
14.366,7214,0,5,2008,1998,2501,0.109,0.02,2531.00,0.00
14.368,7215,0,5,2007,1997,2499,0.095,0.00,2532.00,0.00
14.370,7216,0,5,2007,1998,2499,0.095,0.01,2534.00,0.00
14.372,7217,0,5,2008,1998,2498,0.109,0.02,2534.00,0.00
14.374,7218,0,5,2007,1998,2498,0.109,0.02,2534.00,0.00
14.376,7219,0,5,2007,1997,2500,0.102,0.02,2532.00,0.00
14.378,7220,0,5,2008,1998,2498,0.109,0.02,2534.00,0.00
14.380,7221,0,5,2008,1999,2498,0.095,0.02,2535.00,0.00
14.382,7222,0,5,2008,1997,2499,0.109,0.02,2531.00,0.00
14.384,7223,0,5,2007,1997,2500,0.109,0.01,2531.00,0.00
14.386,7224,0,5,2008,1998,2498,0.095,0.00,2534.00,0.00
14.388,7225,0,5,2006,1998,2500,0.095,0.02,2532.00,0.00
14.390,7226,0,5,2007,1998,2498,0.102,0.02,2532.00,0.00
14.392,7227,0,5,2007,1998,2498,0.109,0.02,2535.00,0.00
14.394,7228,0,5,2007,1996,2498,0.102,0.02,2534.00,0.00
14.396,7229,0,5,2008,1997,2499,0.102,0.03,2534.00,0.00
14.398,7230,0,5,2008,1999,2498,0.102,0.02,2534.00,0.00
14.400,7231,0,5,2008,1997,2499,0.109,0.02,2534.00,0.00
14.402,7232,0,5,2005,1996,2501,0.109,0.00,2537.00,0.00
14.404,7233,0,5,2007,1998,2499,0.095,0.02,2535.00,0.00
14.406,7234,0,5,2006,1997,2498,0.102,0.02,2538.00,0.00
14.408,7235,0,5,2006,1997,2498,0.087,0.02,2535.00,0.00
14.410,7236,0,5,2007,1998,2498,0.102,0.02,2540.00,0.00
14.412,7237,0,5,2007,1998,2499,0.095,0.04,2535.00,0.00
14.414,7238,0,5,2006,1996,2500,0.102,0.02,2537.00,0.00
14.416,7239,0,5,2007,1999,2499,0.087,0.01,2535.00,0.00
14.418,7240,0,5,2007,1997,2500,0.109,0.01,2538.00,0.00
14.420,7241,0,5,2006,1996,2500,0.109,0.01,2532.00,0.00
14.422,7242,0,5,2007,1998,2499,0.095,0.02,2538.00,0.00
14.424,7243,0,5,2007,1999,2498,0.102,0.02,2535.00,0.00
14.426,7244,0,5,2007,1998,2498,0.102,0.02,2540.00,0.00
14.428,7245,0,5,2008,1999,2498,0.095,0.02,2534.00,0.00
14.430,7246,0,5,2007,1997,2499,0.095,0.02,2540.00,0.00
14.432,7247,0,5,2007,1998,2499,0.102,0.02,2535.00,0.00
14.434,7248,0,5,2008,1999,2498,0.102,0.01,2541.00,0.00
14.436,7249,0,5,2007,1996,2500,0.102,0.01,2534.00,0.00
14.438,7250,0,5,2006,1996,2498,0.102,0.02,2540.00,0.00
14.440,7251,0,5,2007,1997,2498,0.095,0.01,2535.00,0.00
14.442,7252,0,5,2007,1997,2498,0.095,0.02,2540.00,0.00
14.444,7253,0,5,2008,1998,2499,0.109,0.02,2534.00,0.00
14.446,7254,0,5,2007,1997,2498,0.102,0.02,2541.00,0.00
14.448,7255,0,5,2007,1996,2499,0.095,0.01,2535.00,0.00
14.450,7256,0,5,2006,1996,2500,0.109,0.02,2537.00,0.00
14.452,7257,0,5,2008,1999,2499,0.095,0.01,2537.00,0.00
14.454,7258,0,5,2006,1996,2500,0.102,0.02,2538.00,0.00
14.456,7259,0,5,2006,1996,2498,0.102,0.02,2535.00,0.00
14.458,7260,0,5,2008,1998,2499,0.095,0.01,2538.00,0.00
14.460,7261,0,4,2006,1997,2500,0.080,0.01,2534.00,0.00
14.462,7262,0,4,2006,1996,2498,0.109,0.02,2540.00,0.00
14.464,7263,0,4,2007,1997,2499,0.095,0.01,2535.00,0.00
14.466,7264,0,4,2006,1996,2500,0.109,0.02,2538.00,0.00
14.468,7265,0,4,2006,1997,2499,0.095,0.00,2535.00,0.00
14.470,7266,0,4,2005,1997,2499,0.095,0.00,2537.00,0.00
14.472,7267,0,4,2007,1997,2499,0.109,0.01,2534.00,0.00
14.474,7268,0,4,2006,1998,2499,0.095,0.02,2540.00,0.00
14.476,7269,0,4,2008,1998,2500,0.087,0.01,2532.00,0.00
14.478,7270,0,4,2005,1996,2499,0.102,0.02,2538.00,0.00
14.480,7271,0,4,2007,1997,2499,0.095,0.02,2535.00,0.00
14.482,7272,0,4,2005,1996,2500,0.102,0.02,2537.00,0.00
14.484,7273,0,4,2007,1998,2500,0.095,0.01,2534.00,0.00
14.486,7274,0,4,2007,1998,2498,0.095,0.00,2540.00,0.00
14.488,7275,0,4,2007,1998,2498,0.102,0.01,2534.00,0.00
14.490,7276,0,4,2007,1997,2499,0.109,0.02,2538.00,0.00
14.492,7277,0,4,2008,1998,2498,0.102,0.02,2534.00,0.00
14.494,7278,0,4,2006,1996,2501,0.109,0.03,2537.00,0.00
14.496,7279,0,4,2006,1997,2499,0.102,0.02,2534.00,0.00
14.498,7280,0,4,2007,1997,2499,0.102,0.02,2538.00,0.00
14.500,7281,0,4,2008,1998,2499,0.095,0.01,2535.00,0.00
14.502,7282,0,4,2008,1997,2498,0.102,0.01,2534.00,0.00
14.504,7283,0,4,2007,1997,2499,0.102,0.01,2532.00,0.00
14.506,7284,0,4,2008,1998,2497,0.102,0.02,2534.00,0.00
14.508,7285,0,4,2007,1998,2498,0.102,0.02,2534.00,0.00
14.510,7286,0,4,2007,1999,2497,0.102,0.02,2535.00,0.00
14.512,7287,0,4,2007,1998,2499,0.102,0.02,2532.00,0.00
14.514,7288,0,4,2006,1996,2499,0.095,0.02,2532.00,0.00
14.516,7289,0,4,2007,1997,2499,0.102,0.02,2532.00,0.00
14.518,7290,0,4,2006,1996,2500,0.109,0.02,2531.00,0.00
14.520,7291,0,4,2006,1996,2499,0.095,0.00,2532.00,0.00
14.522,7292,0,4,2008,1998,2498,0.102,0.02,2534.00,0.00
14.524,7293,0,4,2008,1999,2499,0.087,0.01,2531.00,0.00
14.526,7294,0,4,2006,1997,2499,0.102,0.02,2532.00,0.00
14.528,7295,0,4,2007,1997,2499,0.087,0.02,2532.00,0.00
14.530,7296,0,4,2007,1998,2499,0.102,0.03,2530.00,0.00
14.532,7297,0,4,2007,1998,2498,0.095,0.02,2535.00,0.00
14.534,7298,0,4,2007,1997,2499,0.102,0.01,2532.00,0.00
14.536,7299,0,4,2006,1997,2500,0.109,0.01,2531.00,0.00
14.538,7300,0,4,2008,1998,2498,0.087,0.01,2534.00,0.00
14.540,7301,0,4,2008,2000,2498,0.095,0.01,2534.00,0.00
14.542,7302,0,4,2006,1998,2499,0.109,0.02,2532.00,0.00
14.544,7303,0,4,2008,1999,2498,0.102,0.02,2534.00,0.00
14.546,7304,0,4,2006,1997,2499,0.109,0.02,2532.00,0.00
14.548,7305,0,4,2006,1998,2499,0.087,0.01,2532.00,0.00
14.550,7306,0,4,2008,1999,2498,0.109,0.02,2535.00,0.00
14.552,7307,0,4,2007,1997,2501,0.102,0.01,2531.00,0.00
14.554,7308,0,4,2006,1997,2499,0.102,0.02,2532.00,0.00
14.556,7309,0,4,2007,1998,2498,0.102,0.01,2534.00,0.00
14.558,7310,0,4,2007,1998,2498,0.102,0.02,2534.00,0.00
14.560,7311,0,4,2008,1998,2498,0.102,0.02,2534.00,0.00
14.562,7312,0,4,2006,1997,2500,0.109,0.02,2532.00,0.00
14.564,7313,0,4,2007,1997,2500,0.102,0.02,2531.00,0.00
14.566,7314,0,4,2007,1998,2498,0.102,0.02,2532.00,0.00
14.568,7315,0,4,2008,1999,2498,0.102,0.01,2535.00,0.00
14.570,7316,0,4,2008,1998,2498,0.109,0.01,2532.00,0.00
14.572,7317,0,4,2007,1997,2500,0.109,0.02,2531.00,0.00
14.574,7318,0,4,2007,1998,2499,0.095,0.01,2532.00,0.00
14.576,7319,0,4,2007,1997,2500,0.109,0.03,2532.00,0.00
14.578,7320,0,4,2007,1997,2499,0.109,0.02,2532.00,0.00
14.580,7321,0,3,2006,1997,2499,0.095,0.02,2531.00,0.00
14.582,7322,0,3,2007,1999,2498,0.109,0.01,2532.00,0.00
14.584,7323,0,3,2008,1997,2499,0.102,0.01,2532.00,0.00
14.586,7324,0,3,2007,1998,2499,0.109,0.01,2532.00,0.00
14.588,7325,0,3,2008,1999,2498,0.109,0.02,2534.00,0.00
14.590,7326,0,3,2007,1999,2498,0.102,0.01,2534.00,0.00
14.592,7327,0,3,2008,1997,2498,0.109,0.02,2532.00,0.00
14.594,7328,0,3,2005,1996,2500,0.109,0.02,2531.00,0.00
14.596,7329,0,3,2007,1998,2498,0.109,0.02,2532.00,0.00
14.598,7330,0,3,2007,1999,2497,0.102,0.02,2535.00,0.00
14.600,7331,0,3,2008,1998,2498,0.095,0.01,2532.00,0.00
14.602,7332,0,3,2008,1998,2498,0.102,0.01,2538.00,0.00
14.604,7333,0,3,2007,1997,2498,0.102,0.01,2534.00,0.00
14.606,7334,0,3,2006,1997,2499,0.095,0.00,2538.00,0.00
14.608,7335,0,3,2007,1998,2498,0.102,0.02,2535.00,0.00
14.610,7336,0,3,2006,1997,2498,0.102,0.02,2538.00,0.00
14.612,7337,0,3,2005,1995,2500,0.095,0.02,2532.00,0.00
14.614,7338,0,3,2007,1998,2498,0.095,0.02,2541.00,0.00
14.616,7339,0,3,2006,1996,2499,0.095,0.02,2532.00,0.00
14.618,7340,0,3,2007,1998,2498,0.102,0.01,2540.00,0.00
14.620,7341,0,3,2007,1998,2499,0.095,0.00,2534.00,0.00
14.622,7342,0,3,2007,1997,2499,0.102,0.01,2540.00,0.00
14.624,7343,0,3,2006,1997,2498,0.102,0.01,2535.00,0.00
14.626,7344,0,3,2006,1996,2499,0.095,0.02,2538.00,0.00
14.628,7345,0,3,2006,1997,2499,0.102,0.02,2532.00,0.00
14.630,7346,0,3,2007,1997,2499,0.102,0.02,2540.00,0.00
14.632,7347,0,3,2007,1998,2499,0.087,0.02,2535.00,0.00
14.634,7348,0,3,2008,1997,2498,0.109,0.02,2540.00,0.00
14.636,7349,0,3,2008,1998,2498,0.102,0.01,2535.00,0.00
14.638,7350,0,3,2006,1998,2498,0.102,0.02,2540.00,0.00
14.640,7351,0,3,2007,1997,2498,0.095,0.01,2534.00,0.00
14.642,7352,0,3,2006,1996,2500,0.109,0.02,2538.00,0.00
14.644,7353,0,3,2007,1999,2498,0.087,0.02,2534.00,0.00
14.646,7354,0,3,2008,1998,2498,0.109,0.02,2538.00,0.00
14.648,7355,0,3,2006,1996,2500,0.095,0.02,2534.00,0.00
14.650,7356,0,3,2007,1998,2499,0.095,0.01,2540.00,0.00
14.652,7357,0,3,2007,1998,2498,0.102,0.01,2535.00,0.00
14.654,7358,0,3,2006,1997,2499,0.109,0.01,2538.00,0.00
14.656,7359,0,3,2008,1998,2497,0.102,0.02,2537.00,0.00
14.658,7360,0,3,2006,1996,2499,0.102,0.01,2540.00,0.00
14.660,7361,0,3,2006,1996,2499,0.095,0.02,2534.00,0.00
14.662,7362,0,3,2008,1999,2498,0.109,0.03,2541.00,0.00
14.664,7363,0,3,2007,1997,2499,0.102,0.02,2534.00,0.00
14.666,7364,0,3,2007,1997,2499,0.109,0.02,2538.00,0.00
14.668,7365,0,3,2007,1999,2499,0.102,0.00,2534.00,0.00
14.670,7366,0,3,2006,1996,2500,0.102,0.00,2538.00,0.00
14.672,7367,0,3,2007,1998,2498,0.109,0.01,2537.00,0.00
14.674,7368,0,3,2007,1998,2498,0.095,0.02,2540.00,0.00
14.676,7369,0,3,2006,1997,2499,0.095,0.01,2534.00,0.00
14.678,7370,0,3,2007,1998,2498,0.102,0.02,2540.00,0.00
14.680,7371,0,3,2006,1997,2499,0.102,0.02,2534.00,0.00
14.682,7372,0,3,2007,1998,2498,0.095,0.02,2540.00,0.00
14.684,7373,0,3,2007,1997,2500,0.109,0.02,2534.00,0.00
14.686,7374,0,3,2006,1997,2500,0.109,0.01,2537.00,0.00
14.688,7375,0,3,2008,1999,2497,0.109,0.02,2535.00,0.00
14.690,7376,0,3,2007,1998,2498,0.109,0.02,2541.00,0.00
14.692,7377,0,3,2006,1996,2500,0.102,0.02,2532.00,0.00
14.694,7378,0,3,2008,1999,2497,0.095,0.03,2541.00,0.00
14.696,7379,0,3,2007,1998,2499,0.102,0.02,2534.00,0.00
14.698,7380,0,3,2007,1998,2499,0.109,0.02,2540.00,0.00
14.700,7381,0,2,2008,1999,2498,0.117,0.03,2537.00,0.00
14.702,7382,0,2,2007,1997,2499,0.095,0.01,2531.00,0.00
14.704,7383,0,2,2006,1997,2499,0.117,0.01,2531.00,0.00
14.706,7384,0,2,2007,1998,2499,0.102,0.02,2532.00,0.00
14.708,7385,0,2,2008,1998,2497,0.095,0.02,2535.00,0.00
14.710,7386,0,2,2006,1997,2499,0.102,0.02,2531.00,0.00
14.712,7387,0,2,2007,1998,2499,0.095,0.02,2532.00,0.00
14.714,7388,0,2,2007,1998,2498,0.095,0.02,2532.00,0.00
14.716,7389,0,2,2008,1998,2499,0.102,0.03,2534.00,0.00
14.718,7390,0,2,2007,1998,2498,0.102,0.01,2535.00,0.00
14.720,7391,0,2,2008,1998,2498,0.109,0.01,2534.00,0.00
14.722,7392,0,2,2007,1998,2499,0.102,0.02,2532.00,0.00
14.724,7393,0,2,2007,1998,2499,0.095,0.01,2532.00,0.00
14.726,7394,0,2,2008,1999,2498,0.109,0.02,2534.00,0.00
14.728,7395,0,2,2007,1997,2499,0.102,0.02,2531.00,0.00
14.730,7396,0,2,2008,1998,2498,0.102,0.02,2534.00,0.00
14.732,7397,0,2,2007,1998,2499,0.102,0.02,2534.00,0.00
14.734,7398,0,2,2007,1998,2499,0.102,0.01,2534.00,0.00
14.736,7399,0,2,2008,1998,2498,0.102,0.01,2532.00,0.00
14.738,7400,0,2,2006,1997,2499,0.095,0.02,2531.00,0.00
14.740,7401,0,2,2007,1998,2498,0.102,0.02,2535.00,0.00
14.742,7402,0,2,2008,1999,2497,0.102,0.02,2535.00,0.00
14.744,7403,0,2,2006,1997,2498,0.102,0.02,2532.00,0.00
14.746,7404,0,2,2006,1997,2499,0.102,0.02,2532.00,0.00
14.748,7405,0,2,2007,1998,2499,0.095,0.01,2532.00,0.00
14.750,7406,0,2,2008,1999,2498,0.102,0.02,2534.00,0.00
14.752,7407,0,2,2007,1999,2498,0.102,0.01,2532.00,0.00
14.754,7408,0,2,2007,1998,2499,0.102,0.00,2532.00,0.00
14.756,7409,0,2,2007,1998,2499,0.087,0.02,2532.00,0.00
14.758,7410,0,2,2007,1999,2497,0.102,0.02,2534.00,0.00
14.760,7411,0,2,2006,1997,2498,0.109,0.02,2531.00,0.00
14.762,7412,0,2,2007,1997,2498,0.109,0.02,2532.00,0.00
14.764,7413,0,2,2008,1999,2498,0.102,0.02,2534.00,0.00
14.766,7414,0,2,2007,1997,2499,0.102,0.02,2531.00,0.00
14.768,7415,0,2,2006,1998,2498,0.095,0.00,2534.00,0.00
14.770,7416,0,2,2006,1998,2499,0.095,0.02,2534.00,0.00
14.772,7417,0,2,2006,1998,2498,0.095,0.01,2532.00,0.00
14.774,7418,0,2,2006,1997,2498,0.095,0.02,2534.00,0.00
14.776,7419,0,2,2007,1997,2498,0.117,0.02,2534.00,0.00
14.778,7420,0,2,2008,1999,2498,0.095,0.02,2534.00,0.00
14.780,7421,0,2,2008,2000,2498,0.095,0.02,2535.00,0.00
14.782,7422,0,2,2006,1997,2499,0.102,0.02,2532.00,0.00
14.784,7423,0,2,2007,1997,2499,0.109,0.02,2532.00,0.00
14.786,7424,0,2,2007,1998,2498,0.095,0.00,2534.00,0.00
14.788,7425,0,2,2007,1998,2498,0.087,0.01,2534.00,0.00
14.790,7426,0,2,2007,1998,2498,0.095,0.02,2535.00,0.00
14.792,7427,0,2,2007,1997,2499,0.095,0.01,2532.00,0.00
14.794,7428,0,2,2006,1997,2499,0.109,0.02,2532.00,0.00
14.796,7429,0,2,2007,1998,2498,0.102,0.02,2534.00,0.00
14.798,7430,0,2,2008,1999,2498,0.102,0.01,2535.00,0.00
14.800,7431,0,2,2007,1996,2500,0.102,0.01,2531.00,0.00
14.802,7432,0,2,2007,1997,2499,0.109,0.01,2537.00,0.00
14.804,7433,0,2,2007,1998,2498,0.102,0.02,2535.00,0.00
14.806,7434,0,2,2006,1997,2499,0.102,0.02,2537.00,0.00
14.808,7435,0,2,2007,1998,2498,0.102,0.02,2534.00,0.00
14.810,7436,0,2,2007,1998,2498,0.102,0.02,2540.00,0.00
14.812,7437,0,2,2007,1997,2499,0.102,0.02,2534.00,0.00
14.814,7438,0,2,2006,1997,2499,0.102,0.02,2538.00,0.00
14.816,7439,0,2,2008,1999,2499,0.102,0.02,2535.00,0.00
14.818,7440,0,2,2007,1997,2498,0.102,0.01,2538.00,0.00
14.820,7441,0,1,2007,1997,2499,0.102,0.01,2534.00,0.00
14.822,7442,0,1,2008,1998,2499,0.109,0.02,2540.00,0.00
14.824,7443,0,1,2008,1999,2498,0.102,0.02,2537.00,0.00
14.826,7444,0,1,2007,1998,2498,0.109,0.01,2540.00,0.00
14.828,7445,0,1,2006,1997,2499,0.102,0.02,2532.00,0.00
14.830,7446,0,1,2007,1998,2498,0.102,0.02,2540.00,0.00
14.832,7447,0,1,2007,1999,2498,0.095,0.01,2535.00,0.00
14.834,7448,0,1,2008,1999,2498,0.102,0.02,2541.00,0.00
14.836,7449,0,1,2007,1997,2499,0.102,0.01,2534.00,0.00
14.838,7450,0,1,2007,1998,2498,0.102,0.02,2540.00,0.00
14.840,7451,0,1,2008,1999,2498,0.109,0.01,2535.00,0.00
14.842,7452,0,1,2007,1998,2498,0.095,0.02,2541.00,0.00
14.844,7453,0,1,2006,1996,2501,0.109,0.03,2532.00,0.00
14.846,7454,0,1,2008,1999,2498,0.102,0.03,2541.00,0.00
14.848,7455,0,1,2008,1998,2498,0.102,0.02,2535.00,0.00
14.850,7456,0,1,2007,1997,2499,0.102,0.02,2540.00,0.00
14.852,7457,0,1,2008,1999,2497,0.109,0.02,2538.00,0.00
14.854,7458,0,1,2007,1998,2499,0.109,0.02,2538.00,0.00
14.856,7459,0,1,2007,1997,2499,0.102,0.02,2534.00,0.00
14.858,7460,0,1,2007,1998,2497,0.087,0.02,2543.00,0.00
14.860,7461,0,1,2006,1996,2501,0.102,0.02,2532.00,0.00
14.862,7462,0,1,2007,1998,2498,0.109,0.03,2540.00,0.00
14.864,7463,0,1,2008,1998,2499,0.109,0.03,2535.00,0.00
14.866,7464,0,1,2009,1999,2497,0.095,0.02,2540.00,0.00
14.868,7465,0,1,2008,1999,2498,0.095,0.02,2535.00,0.00
14.870,7466,0,1,2008,1998,2499,0.109,0.01,2540.00,0.00
14.872,7467,0,1,2007,1997,2498,0.109,0.02,2535.00,0.00
14.874,7468,0,1,2007,1998,2498,0.095,0.02,2541.00,0.00
14.876,7469,0,1,2006,1996,2500,0.102,0.02,2532.00,0.00
14.878,7470,0,1,2007,1997,2498,0.117,0.03,2540.00,0.00
14.880,7471,0,1,2007,1998,2498,0.102,0.03,2535.00,0.00
14.882,7472,0,1,2007,1998,2499,0.095,0.01,2540.00,0.00
14.884,7473,0,1,2008,1998,2498,0.095,0.02,2537.00,0.00
14.886,7474,0,1,2007,1998,2498,0.102,0.00,2540.00,0.00
14.888,7475,0,1,2007,1997,2498,0.095,0.02,2535.00,0.00
14.890,7476,0,1,2007,1997,2499,0.109,0.02,2540.00,0.00
14.892,7477,0,1,2007,1997,2498,0.102,0.02,2535.00,0.00
14.894,7478,0,1,2008,1998,2498,0.109,0.02,2541.00,0.00
14.896,7479,0,1,2007,1998,2498,0.109,0.02,2535.00,0.00
14.898,7480,0,1,2007,1999,2497,0.102,0.02,2541.00,0.00
14.900,7481,0,1,2008,2000,2497,0.102,0.02,2538.00,0.00
14.902,7482,0,1,2007,1998,2498,0.109,0.02,2532.00,0.00
14.904,7483,0,1,2007,1998,2497,0.102,0.00,2534.00,0.00
14.906,7484,0,1,2006,1997,2497,0.102,0.02,2534.00,0.00
14.908,7485,0,1,2006,1997,2499,0.095,0.00,2532.00,0.00
14.910,7486,0,1,2008,1998,2497,0.102,0.01,2534.00,0.00
14.912,7487,0,1,2007,1998,2500,0.109,0.03,2532.00,0.00
14.914,7488,0,1,2006,1997,2499,0.102,0.02,2532.00,0.00
14.916,7489,0,1,2007,1999,2498,0.095,0.01,2534.00,0.00
14.918,7490,0,1,2007,1997,2499,0.102,0.02,2532.00,0.00
14.920,7491,0,1,2007,1999,2497,0.109,0.00,2534.00,0.00
14.922,7492,0,1,2007,1997,2498,0.087,0.01,2534.00,0.00
14.924,7493,0,1,2007,1997,2499,0.095,0.02,2532.00,0.00
14.926,7494,0,1,2008,1998,2498,0.102,0.02,2534.00,0.00
14.928,7495,0,1,2007,1997,2499,0.102,0.02,2532.00,0.00
14.930,7496,0,1,2008,1999,2498,0.109,0.02,2534.00,0.00
14.932,7497,0,1,2008,1999,2497,0.102,0.02,2535.00,0.00
14.934,7498,0,1,2007,1997,2499,0.102,0.02,2532.00,0.00
14.936,7499,0,1,2006,1997,2498,0.102,0.01,2532.00,0.00
14.938,7500,0,1,2007,1998,2498,0.095,0.02,2532.00,0.00
